JvmtiExport can_access_local_variables 0
JvmtiExport can_hotswap_or_post_breakpoint 1
JvmtiExport can_post_on_exceptions 0
# 473 ciObject found
instanceKlass java/time/chrono/AbstractChronology
instanceKlass java/time/chrono/Chronology
instanceKlass java/time/zone/Ser
instanceKlass java/io/Externalizable
instanceKlass java/time/zone/ZoneRulesProvider$1
instanceKlass java/time/zone/ZoneRulesProvider
instanceKlass sun/util/locale/provider/LocaleResources$$Lambda$656
instanceKlass sun/util/locale/provider/LocaleResources$$Lambda$655
instanceKlass java/text/CalendarBuilder
instanceKlass java/text/ParsePosition
instanceKlass org/aspectj/weaver/bcel/BcelConstantPoolWriter
instanceKlass org/aspectj/weaver/bcel/BcelClassWeaver$1
instanceKlass org/aspectj/weaver/bcel/BcelRenderer
instanceKlass org/aspectj/weaver/ast/IExprVisitor
instanceKlass org/aspectj/weaver/ast/ITestVisitor
instanceKlass org/aspectj/weaver/patterns/ExposedState
instanceKlass org/aspectj/weaver/World$AspectPrecedenceCalculator$PrecedenceCacheKey
instanceKlass org/testng/asserts/IAssert
instanceKlass org/testng/asserts/Assertion
instanceKlass org/testng/asserts/IAssertLifecycle
instanceKlass org/openqa/selenium/remote/RemoteWebDriver$RemoteWebDriverOptions$RemoteWindow
instanceKlass org/openqa/selenium/json/JsonInput$$Lambda$654
instanceKlass org/openqa/selenium/remote/RemoteWebDriver$RemoteWebDriverOptions$RemoteTimeouts
instanceKlass org/openqa/selenium/WebDriver$Timeouts
instanceKlass org/openqa/selenium/WebDriver$Window
instanceKlass org/openqa/selenium/remote/RemoteWebDriver$RemoteWebDriverOptions
instanceKlass org/openqa/selenium/chromium/AddHasCdp$$Lambda$653
instanceKlass org/openqa/selenium/chromium/AddHasCasting$1
instanceKlass org/openqa/selenium/PersistentCapabilities$$Lambda$652
instanceKlass org/openqa/selenium/PersistentCapabilities$$Lambda$651
instanceKlass org/openqa/selenium/PersistentCapabilities$$Lambda$650
instanceKlass org/openqa/selenium/ImmutableCapabilities$$Lambda$649
instanceKlass org/openqa/selenium/SharedCapabilitiesMethods$$Lambda$648
instanceKlass org/openqa/selenium/PersistentCapabilities
instanceKlass org/openqa/selenium/chromium/ChromiumDriver$$Lambda$647
instanceKlass org/openqa/selenium/ImmutableCapabilities
instanceKlass org/openqa/selenium/devtools/v137/v137Target
instanceKlass org/openqa/selenium/devtools/idealized/Network$$Lambda$646
instanceKlass org/openqa/selenium/devtools/v137/v137Log
instanceKlass org/openqa/selenium/chromium/ChromiumDriver$$Lambda$645
instanceKlass org/openqa/selenium/chromium/ChromiumDriver$$Lambda$644
instanceKlass org/openqa/selenium/chromium/ChromiumDriver$$Lambda$643
instanceKlass org/openqa/selenium/devtools/v137/v137CdpInfo$$Lambda$642
instanceKlass org/openqa/selenium/devtools/v137/v137Domains
instanceKlass org/openqa/selenium/devtools/v136/v136CdpInfo$$Lambda$641
instanceKlass org/openqa/selenium/devtools/v136/v136Domains
instanceKlass org/openqa/selenium/devtools/v135/v135CdpInfo$$Lambda$640
instanceKlass org/openqa/selenium/devtools/DevTools
instanceKlass org/openqa/selenium/devtools/idealized/Javascript
instanceKlass org/openqa/selenium/devtools/idealized/Network
instanceKlass org/openqa/selenium/devtools/idealized/Events
instanceKlass org/openqa/selenium/devtools/idealized/log/Log
instanceKlass org/openqa/selenium/devtools/idealized/target/Target
instanceKlass org/openqa/selenium/devtools/v135/v135Domains
instanceKlass org/openqa/selenium/devtools/idealized/Domains
instanceKlass org/openqa/selenium/devtools/CdpVersionFinder
instanceKlass org/openqa/selenium/remote/http/Message
instanceKlass org/openqa/selenium/remote/http/jdk/JdkHttpClient$4
instanceKlass jdk/internal/net/http/websocket/TransportImpl$1
instanceKlass jdk/internal/net/http/websocket/WebSocketImpl$1
instanceKlass jdk/internal/net/http/websocket/UTF8AccumulatingDecoder
instanceKlass jdk/internal/net/http/websocket/MessageDecoder$$Lambda$639
instanceKlass jdk/internal/net/http/websocket/MessageDecoder
instanceKlass jdk/internal/net/http/websocket/Frame$Consumer
instanceKlass jdk/internal/net/http/websocket/TransportImpl$ReadEvent
instanceKlass jdk/internal/net/http/websocket/TransportImpl$WriteEvent
instanceKlass jdk/internal/net/http/websocket/Frame$Reader
instanceKlass jdk/internal/net/http/websocket/Frame
instanceKlass jdk/internal/net/http/websocket/Frame$Masker
instanceKlass jdk/internal/net/http/websocket/Frame$HeaderWriter
instanceKlass jdk/internal/net/http/websocket/MessageEncoder$$Lambda$638
instanceKlass jdk/internal/net/http/websocket/MessageEncoder
instanceKlass jdk/internal/net/http/websocket/TransportImpl$SendTask$2
instanceKlass jdk/internal/net/http/websocket/TransportImpl$SendTask$1
instanceKlass jdk/internal/net/http/websocket/MessageQueue$QueueCallback
instanceKlass jdk/internal/net/http/websocket/TransportImpl$$Lambda$637
instanceKlass jdk/internal/net/http/websocket/RawChannel$RawEvent
instanceKlass jdk/internal/net/http/websocket/TransportImpl
instanceKlass jdk/internal/net/http/websocket/WebSocketImpl$SignallingMessageConsumer
instanceKlass jdk/internal/net/http/websocket/MessageQueue$Message
instanceKlass jdk/internal/net/http/websocket/MessageQueue
instanceKlass jdk/internal/net/http/websocket/Transport
instanceKlass jdk/internal/net/http/websocket/TransportFactoryImpl
instanceKlass jdk/internal/net/http/RawChannelTube$WriteSubscription
instanceKlass jdk/internal/net/http/RawChannelTube$$Lambda$636
instanceKlass jdk/internal/net/http/RawChannelTube$ReadSubscriber
instanceKlass jdk/internal/net/http/RawChannelTube$WritePublisher
instanceKlass jdk/internal/net/http/RawChannelTube
instanceKlass jdk/internal/net/http/HttpResponseImpl$$Lambda$635
instanceKlass jdk/internal/net/http/ResponseSubscribers$NullSubscriber
instanceKlass jdk/internal/net/http/websocket/OpeningHandshake$$Lambda$634
instanceKlass jdk/internal/net/http/ConnectionPool$$Lambda$633
instanceKlass jdk/internal/net/http/HttpClientImpl$$Lambda$632
instanceKlass java/net/http/HttpResponse$BodyHandlers$$Lambda$631
instanceKlass jdk/internal/net/http/websocket/OpeningHandshake$$Lambda$630
instanceKlass jdk/internal/net/http/websocket/TransportFactory
instanceKlass jdk/internal/net/http/websocket/OpeningHandshake
instanceKlass jdk/internal/net/http/websocket/WebSocketImpl$$Lambda$629
instanceKlass jdk/internal/net/http/websocket/OpeningHandshake$Result
instanceKlass jdk/internal/net/http/websocket/WebSocketImpl$$Lambda$628
instanceKlass jdk/internal/net/http/websocket/MessageStreamConsumer
instanceKlass jdk/internal/net/http/websocket/WebSocketImpl
instanceKlass java/net/http/WebSocket
instanceKlass org/openqa/selenium/remote/http/jdk/JdkHttpClient$3
instanceKlass org/openqa/selenium/remote/http/jdk/JdkHttpClient$$Lambda$627
instanceKlass jdk/internal/net/http/websocket/BuilderImpl
instanceKlass org/openqa/selenium/devtools/Connection$Listener
instanceKlass org/openqa/selenium/devtools/Connection$$Lambda$626
instanceKlass org/openqa/selenium/remote/http/WebSocket$Listener
instanceKlass org/openqa/selenium/chromium/ChromiumDriver$$Lambda$625
instanceKlass org/openqa/selenium/devtools/Connection
instanceKlass org/openqa/selenium/chromium/ChromiumDriver$$Lambda$624
instanceKlass org/openqa/selenium/chromium/ChromiumDriver$$Lambda$623
instanceKlass org/openqa/selenium/devtools/CdpEndpointFinder
instanceKlass org/openqa/selenium/chromium/ChromiumDriver$$Lambda$622
instanceKlass org/openqa/selenium/chromium/AddHasLaunchApp$$Lambda$621
instanceKlass org/openqa/selenium/chromium/AddHasNetworkConditions$1
instanceKlass org/openqa/selenium/chromium/AddHasPermissions$$Lambda$620
instanceKlass org/openqa/selenium/html5/SessionStorage
instanceKlass org/openqa/selenium/html5/LocalStorage
instanceKlass org/openqa/selenium/html5/Storage
instanceKlass org/openqa/selenium/remote/html5/RemoteWebStorage
instanceKlass org/openqa/selenium/remote/html5/RemoteLocationContext
instanceKlass org/openqa/selenium/MutableCapabilities$$Lambda$619
instanceKlass org/openqa/selenium/remote/RemoteWebElement
instanceKlass org/openqa/selenium/interactions/Locatable
instanceKlass org/openqa/selenium/remote/JsonToWebElementConverter$$Lambda$618
instanceKlass org/openqa/selenium/remote/Response
instanceKlass org/openqa/selenium/remote/ErrorCodec$W3CError
instanceKlass org/openqa/selenium/remote/ErrorCodec
instanceKlass org/openqa/selenium/remote/codec/AbstractHttpResponseCodec
instanceKlass org/openqa/selenium/safari/HasPermissions
instanceKlass org/openqa/selenium/safari/AddHasPermissions
instanceKlass org/openqa/selenium/safari/AddHasDebugger
instanceKlass org/openqa/selenium/firefox/HasFullPageScreenshot
instanceKlass org/openqa/selenium/firefox/AddHasFullPageScreenshot
instanceKlass org/openqa/selenium/firefox/HasExtensions
instanceKlass org/openqa/selenium/firefox/AddHasExtensions
instanceKlass org/openqa/selenium/firefox/HasContext
instanceKlass org/openqa/selenium/firefox/AddHasContext
instanceKlass org/openqa/selenium/remote/Dialect$$Lambda$617
instanceKlass org/openqa/selenium/remote/Dialect$$Lambda$616
instanceKlass java/lang/invoke/LambdaForm$DMH
instanceKlass org/openqa/selenium/remote/codec/AbstractHttpCommandCodec$CommandSpec$$Lambda$615
instanceKlass org/openqa/selenium/remote/codec/AbstractHttpCommandCodec$CommandSpec
instanceKlass org/openqa/selenium/remote/codec/AbstractHttpCommandCodec
instanceKlass org/openqa/selenium/remote/ProtocolHandshake$$Lambda$614
instanceKlass org/openqa/selenium/remote/ProtocolHandshake$$Lambda$613
instanceKlass org/openqa/selenium/internal/Either
instanceKlass org/openqa/selenium/Proxy$$Lambda$612
instanceKlass org/openqa/selenium/Proxy$$Lambda$611
instanceKlass org/openqa/selenium/Proxy$$Lambda$610
instanceKlass org/openqa/selenium/Proxy$$Lambda$609
instanceKlass org/openqa/selenium/Proxy$$Lambda$608
instanceKlass org/openqa/selenium/Proxy$$Lambda$607
instanceKlass org/openqa/selenium/Proxy$$Lambda$606
instanceKlass org/openqa/selenium/Proxy$$Lambda$605
instanceKlass org/openqa/selenium/Proxy$$Lambda$604
instanceKlass org/openqa/selenium/Proxy$$Lambda$603
instanceKlass org/openqa/selenium/Proxy$$Lambda$602
instanceKlass org/openqa/selenium/Proxy$$Lambda$601
instanceKlass org/openqa/selenium/remote/SessionId
instanceKlass org/openqa/selenium/remote/ProtocolHandshake$Result$$Lambda$600
instanceKlass org/openqa/selenium/remote/W3CHandshakeResponse$$Lambda$599
instanceKlass org/openqa/selenium/remote/W3CHandshakeResponse$$Lambda$598
instanceKlass org/openqa/selenium/remote/ProtocolHandshake$$Lambda$597
instanceKlass org/openqa/selenium/remote/ProtocolHandshake$$Lambda$596
instanceKlass org/openqa/selenium/remote/HandshakeResponse$$Lambda$595
instanceKlass java/lang/invoke/LambdaForm$DMH
instanceKlass org/openqa/selenium/remote/ProtocolHandshake$Result
instanceKlass org/openqa/selenium/remote/W3CHandshakeResponse
instanceKlass org/openqa/selenium/remote/HandshakeResponse
instanceKlass org/openqa/selenium/remote/InitialHandshakeResponse
instanceKlass org/openqa/selenium/json/JsonInput$$Lambda$594
instanceKlass org/openqa/selenium/json/BooleanCoercer$$Lambda$593
instanceKlass org/openqa/selenium/remote/http/HttpMessage$$Lambda$592
instanceKlass org/openqa/selenium/remote/http/HttpMessage$$Lambda$591
instanceKlass org/openqa/selenium/remote/http/HttpMessage$$Lambda$590
instanceKlass org/openqa/selenium/remote/http/HttpMessage$$Lambda$589
instanceKlass org/openqa/selenium/remote/http/jdk/JdkHttpMessages$$Lambda$588
instanceKlass org/openqa/selenium/remote/http/jdk/JdkHttpMessages$$Lambda$587
instanceKlass org/openqa/selenium/remote/http/jdk/JdkHttpMessages$$Lambda$586
instanceKlass jdk/internal/net/http/websocket/RawChannel
instanceKlass jdk/internal/net/http/HttpResponseImpl
instanceKlass jdk/internal/net/http/websocket/RawChannel$Provider
instanceKlass jdk/internal/net/http/ConnectionPool$ExpiryEntry
instanceKlass jdk/internal/net/http/ConnectionPool$CleanupTrigger
instanceKlass jdk/internal/net/http/HttpConnection$$Lambda$585
instanceKlass jdk/internal/net/http/MultiExchange$$Lambda$584
instanceKlass jdk/internal/net/http/Exchange$$Lambda$583
instanceKlass jdk/internal/net/http/Http1Response$$Lambda$582
instanceKlass jdk/internal/net/http/Http1Response$$Lambda$581
instanceKlass jdk/internal/net/http/HttpConnection$TrailingOperations$$Lambda$580
instanceKlass jdk/internal/net/http/Http1Response$$Lambda$579
instanceKlass java/lang/invoke/LambdaForm$DMH
instanceKlass jdk/internal/net/http/ResponseContent$FixedLengthBodyParser$$Lambda$578
instanceKlass jdk/internal/net/http/ResponseContent$FixedLengthBodyParser
instanceKlass jdk/internal/net/http/Http1Response$$Lambda$577
instanceKlass java/lang/invoke/LambdaForm$MH
instanceKlass java/lang/invoke/LambdaForm$MH
instanceKlass java/lang/invoke/LambdaForm$MH
instanceKlass java/lang/invoke/LambdaForm$MH
instanceKlass java/lang/invoke/LambdaForm$MH
instanceKlass java/lang/invoke/LambdaForm$MH
instanceKlass java/lang/invoke/LambdaForm$MH
instanceKlass java/lang/invoke/LambdaForm$MH
instanceKlass java/lang/invoke/LambdaForm$MH
instanceKlass java/lang/invoke/LambdaForm$MH
instanceKlass java/lang/invoke/LambdaForm$MH
instanceKlass java/lang/invoke/LambdaForm$MH
instanceKlass java/lang/invoke/LambdaForm$MH
instanceKlass jdk/internal/net/http/Http1Response$$Lambda$576
instanceKlass jdk/internal/net/http/ResponseContent$BodyParser
instanceKlass jdk/internal/net/http/ResponseContent
instanceKlass java/lang/invoke/LambdaForm$MH
instanceKlass java/lang/invoke/LambdaForm$DMH
instanceKlass java/lang/invoke/LambdaForm$DMH
instanceKlass jdk/internal/net/http/Http1Response$$Lambda$575
instanceKlass java/lang/invoke/LambdaForm$DMH
instanceKlass jdk/internal/net/http/Http1Response$ClientRefCountTracker
instanceKlass java/util/stream/FindOps$FindSink$OfLong$$Lambda$574
instanceKlass java/util/stream/FindOps$FindSink$OfLong$$Lambda$573
instanceKlass java/util/stream/FindOps$FindSink$OfLong$$Lambda$572
instanceKlass java/util/stream/FindOps$FindSink$OfLong$$Lambda$571
instanceKlass java/util/OptionalLong
instanceKlass java/util/stream/Sink$OfLong
instanceKlass java/util/function/LongConsumer
instanceKlass java/util/stream/LongStream
instanceKlass java/net/http/HttpHeaders$$Lambda$570
instanceKlass java/util/function/ToLongFunction
instanceKlass jdk/internal/net/http/Http1Response$Http1BodySubscriber
instanceKlass jdk/internal/net/http/ResponseSubscribers
instanceKlass jdk/internal/net/http/ResponseSubscribers$ByteArraySubscriber
instanceKlass java/net/http/HttpResponse$BodySubscribers
instanceKlass jdk/internal/net/http/ResponseInfoImpl
instanceKlass java/util/LinkedList$DescendingIterator
instanceKlass jdk/internal/net/http/Http1Response$2
instanceKlass jdk/internal/net/http/Http1HeaderParser$$Lambda$569
instanceKlass jdk/internal/net/http/Http1HeaderParser$1
instanceKlass jdk/internal/net/http/Exchange$$Lambda$568
instanceKlass jdk/internal/net/http/Exchange$$Lambda$567
instanceKlass jdk/internal/net/http/Http1Response$$Lambda$566
instanceKlass jdk/internal/net/http/Exchange$$Lambda$565
instanceKlass jdk/internal/net/http/Http1Exchange$$Lambda$564
instanceKlass jdk/internal/net/http/Http1Exchange$$Lambda$563
instanceKlass jdk/internal/net/http/Http1Exchange$$Lambda$562
instanceKlass jdk/internal/net/http/Http1Exchange$$Lambda$561
instanceKlass jdk/internal/net/http/Http1Exchange$$Lambda$560
instanceKlass jdk/internal/net/http/RequestPublishers$StreamIterator$$Lambda$559
instanceKlass jdk/internal/net/http/RequestPublishers$StreamIterator
instanceKlass jdk/internal/net/http/PullPublisher$Subscription
instanceKlass jdk/internal/net/http/RequestPublishers$InputStreamPublisher$$Lambda$558
instanceKlass jdk/internal/net/http/PullPublisher
instanceKlass jdk/internal/net/http/SocketTube$InternalWriteSubscriber$$Lambda$557
instanceKlass sun/nio/ch/IOVecWrapper$Deallocator
instanceKlass sun/nio/ch/IOVecWrapper
instanceKlass jdk/internal/net/http/Http1Exchange$$Lambda$556
instanceKlass jdk/internal/net/http/Http1Exchange$1
instanceKlass jdk/internal/net/http/Http1Exchange$DataPair
instanceKlass jdk/internal/net/http/Http1Request$$Lambda$555
instanceKlass jdk/internal/net/http/common/Utils$$Lambda$554
instanceKlass jdk/internal/net/http/SocketTube$InternalReadPublisher$InternalReadSubscription$$Lambda$553
instanceKlass java/util/function/BiPredicate$$Lambda$552
instanceKlass jdk/internal/net/http/SocketTube$InternalWriteSubscriber$$Lambda$551
instanceKlass jdk/internal/net/http/SocketTube$InternalWriteSubscriber$WriteSubscription
instanceKlass jdk/internal/net/http/SocketTube$InternalReadPublisher$ReadSubscription
instanceKlass jdk/internal/net/http/HttpClientImpl$SelectorManager$$Lambda$550
instanceKlass jdk/internal/net/http/Http1Exchange$$Lambda$549
instanceKlass jdk/internal/net/http/HttpClientImpl$SelectorManager$$Lambda$548
instanceKlass jdk/internal/net/http/common/Pair
instanceKlass jdk/internal/net/http/PlainHttpConnection$ConnectEvent$$Lambda$547
instanceKlass jdk/internal/net/http/HttpClientImpl$SelectorManager$$Lambda$546
instanceKlass jdk/internal/net/http/HttpClientImpl$SelectorManager$$Lambda$545
instanceKlass jdk/internal/net/http/HttpClientImpl$SelectorManager$$Lambda$544
instanceKlass jdk/internal/net/http/HttpClientImpl$$Lambda$542
instanceKlass jdk/internal/net/http/HttpClientImpl$SelectorAttachment$$Lambda$543
instanceKlass sun/nio/ch/WindowsSelectorImpl$MapEntry
instanceKlass jdk/internal/net/http/MultiExchange$$Lambda$541
instanceKlass java/lang/invoke/ConstantBootstraps
instanceKlass jdk/internal/net/http/MultiExchange$$Lambda$540
instanceKlass java/util/concurrent/atomic/AtomicReferenceFieldUpdater$AtomicReferenceFieldUpdaterImpl$1
instanceKlass jdk/internal/net/http/Exchange$$Lambda$539
instanceKlass java/util/concurrent/atomic/AtomicReferenceFieldUpdater
instanceKlass jdk/internal/net/http/Http1Exchange$$Lambda$538
instanceKlass jdk/internal/net/http/HttpClientImpl$SelectorAttachment$$Lambda$537
instanceKlass jdk/internal/net/http/Http1Exchange$$Lambda$536
instanceKlass jdk/internal/net/http/HttpClientImpl$SelectorAttachment
instanceKlass jdk/internal/net/http/Http1Exchange$$Lambda$535
instanceKlass jdk/internal/net/http/PlainHttpConnection$$Lambda$534
instanceKlass jdk/internal/net/http/MultiExchange$$Lambda$533
instanceKlass jdk/internal/net/http/common/Demand$$Lambda$532
instanceKlass java/util/function/LongBinaryOperator
instanceKlass java/lang/invoke/LambdaForm$DMH
instanceKlass jdk/internal/net/http/Http1AsyncReceiver$$Lambda$531
instanceKlass jdk/internal/net/http/Http1AsyncReceiver$$Lambda$530
instanceKlass jdk/internal/net/http/Http1HeaderParser
instanceKlass jdk/internal/net/http/Http1Response$$Lambda$529
instanceKlass jdk/internal/net/http/Http1Response$$Lambda$528
instanceKlass jdk/internal/net/http/Http1Response$$Lambda$527
instanceKlass jdk/internal/net/http/Http1Response$1
instanceKlass jdk/internal/net/http/Http1Response$Receiver
instanceKlass jdk/internal/net/http/Http1AsyncReceiver$Http1AsyncDelegate
instanceKlass jdk/internal/net/http/Http1Response
instanceKlass jdk/internal/net/http/Exchange$$Lambda$526
instanceKlass jdk/internal/net/http/Exchange$$Lambda$525
instanceKlass jdk/internal/net/http/Exchange$$Lambda$524
instanceKlass java/lang/invoke/LambdaForm$DMH
instanceKlass jdk/internal/net/http/ExchangeImpl$$Lambda$523
instanceKlass jdk/internal/net/http/ExchangeImpl$$Lambda$522
instanceKlass jdk/internal/net/http/Http1AsyncReceiver$Http1TubeSubscriber
instanceKlass jdk/internal/net/http/Http1AsyncReceiver$$Lambda$521
instanceKlass jdk/internal/net/http/Http1AsyncReceiver$$Lambda$520
instanceKlass jdk/internal/net/http/AbstractSubscription
instanceKlass jdk/internal/net/http/Http1AsyncReceiver
instanceKlass jdk/internal/net/http/Http1Request$$Lambda$519
instanceKlass jdk/internal/net/http/Http1Request$$Lambda$518
instanceKlass jdk/internal/net/http/Http1Exchange$Http1BodySubscriber
instanceKlass jdk/internal/net/http/Http1Request
instanceKlass jdk/internal/net/http/SocketTube$InternalWriteSubscriber$$Lambda$517
instanceKlass jdk/internal/net/http/SocketTube$InternalWriteSubscriber$$Lambda$516
instanceKlass jdk/internal/net/http/SocketTube$InternalWriteSubscriber
instanceKlass jdk/internal/net/http/SocketTube$InternalReadPublisher$InternalReadSubscription$$Lambda$515
instanceKlass jdk/internal/net/http/SocketTube$InternalReadPublisher$InternalReadSubscription$$Lambda$514
instanceKlass jdk/internal/net/http/SocketTube$InternalReadPublisher$InternalReadSubscription$$Lambda$513
instanceKlass jdk/internal/net/http/SocketTube$SocketFlowTask
instanceKlass jdk/internal/net/http/SocketTube$InternalReadPublisher$InternalReadSubscription
instanceKlass jdk/internal/net/http/SocketTube$InternalReadPublisher
instanceKlass jdk/internal/net/http/SocketTube$SliceBufferSource
instanceKlass jdk/internal/net/http/SocketTube$BufferSource
instanceKlass jdk/internal/net/http/SocketTube$$Lambda$512
instanceKlass jdk/internal/net/http/PlainHttpConnection$$Lambda$511
instanceKlass jdk/internal/net/http/SocketTube
instanceKlass jdk/internal/net/http/HttpConnection$PlainHttpPublisher$$Lambda$510
instanceKlass jdk/internal/net/http/HttpConnection$PlainHttpPublisher
instanceKlass jdk/internal/net/http/HttpConnection$TrailingOperations
instanceKlass jdk/internal/net/http/HttpConnection$$Lambda$509
instanceKlass jdk/internal/net/http/AsyncEvent
instanceKlass jdk/internal/net/http/HttpConnection$HttpPublisher
instanceKlass jdk/internal/net/http/common/FlowTube
instanceKlass jdk/internal/net/http/ConnectionPool$CacheKey
instanceKlass jdk/internal/net/http/HttpConnection$$Lambda$508
instanceKlass jdk/internal/net/http/HttpConnection$$Lambda$507
instanceKlass jdk/internal/net/http/common/SequentialScheduler$SchedulableTask
instanceKlass jdk/internal/net/http/common/SequentialScheduler$CompleteRestartableTask
instanceKlass jdk/internal/net/http/common/SequentialScheduler$RestartableTask
instanceKlass jdk/internal/net/http/common/SequentialScheduler$DeferredCompleter
instanceKlass jdk/internal/net/http/common/SequentialScheduler
instanceKlass jdk/internal/net/http/Http1Exchange$Http1Publisher$WriteTask
instanceKlass jdk/internal/net/http/common/Demand
instanceKlass jdk/internal/net/http/Http1Exchange$Http1Publisher$Http1WriteSubscription
instanceKlass jdk/internal/net/http/Http1Exchange$Http1Publisher$$Lambda$506
instanceKlass jdk/internal/net/http/Http1Exchange$Http1Publisher
instanceKlass java/util/concurrent/ConcurrentLinkedDeque$Node
instanceKlass jdk/internal/net/http/Http1Exchange$$Lambda$505
instanceKlass jdk/internal/net/http/ExchangeImpl$$Lambda$504
instanceKlass java/lang/invoke/LambdaForm$MH
instanceKlass java/lang/invoke/LambdaForm$DMH
instanceKlass java/lang/invoke/LambdaForm$MH
instanceKlass java/lang/invoke/LambdaForm$MH
instanceKlass java/lang/invoke/LambdaForm$MH
instanceKlass java/lang/invoke/LambdaForm$MH
instanceKlass java/lang/invoke/LambdaForm$BMH
instanceKlass java/lang/invoke/LambdaForm$DMH
instanceKlass java/lang/invoke/LambdaForm$MH
instanceKlass java/lang/invoke/LambdaForm$MH
instanceKlass java/lang/invoke/LambdaForm$MH
instanceKlass java/lang/invoke/LambdaForm$MH
instanceKlass java/lang/invoke/LambdaForm$MH
instanceKlass java/lang/invoke/LambdaForm$MH
instanceKlass java/lang/invoke/LambdaForm$MH
instanceKlass java/lang/invoke/LambdaForm$MH
instanceKlass java/lang/invoke/LambdaForm$MH
instanceKlass java/lang/invoke/LambdaForm$MH
instanceKlass java/lang/invoke/LambdaForm$MH
instanceKlass java/lang/invoke/LambdaForm$MH
instanceKlass java/lang/invoke/LambdaForm$MH
instanceKlass java/lang/invoke/LambdaForm$MH
instanceKlass java/lang/invoke/LambdaForm$MH
instanceKlass java/lang/invoke/LambdaForm$MH
instanceKlass java/lang/invoke/LambdaForm$MH
instanceKlass java/lang/invoke/LambdaForm$MH
instanceKlass java/lang/invoke/LambdaForm$MH
instanceKlass java/lang/invoke/LambdaForm$MH
instanceKlass java/lang/invoke/LambdaForm$MH
instanceKlass jdk/internal/net/http/HttpRequestImpl$$Lambda$503
instanceKlass jdk/internal/net/http/Http2Connection$$Lambda$502
instanceKlass jdk/internal/net/http/hpack/DecodingCallback
instanceKlass jdk/internal/net/http/frame/Http2Frame
instanceKlass jdk/internal/net/http/Http2Connection
instanceKlass jdk/internal/net/http/ExchangeImpl$$Lambda$501
instanceKlass jdk/internal/net/http/HttpConnection
instanceKlass jdk/internal/net/http/Exchange$$Lambda$500
instanceKlass jdk/internal/net/http/Exchange$$Lambda$499
instanceKlass jdk/internal/net/http/AuthenticationFilter$Cache
instanceKlass jdk/internal/net/http/ResponseTimerEvent$$Lambda$498
instanceKlass jdk/internal/net/http/MultiExchange$$Lambda$497
instanceKlass jdk/internal/net/http/MultiExchange$$Lambda$496
instanceKlass jdk/internal/net/http/Response
instanceKlass jdk/internal/net/http/MultiExchange$$Lambda$495
instanceKlass jdk/internal/net/http/Exchange$ConnectionAborter
instanceKlass jdk/internal/net/http/Exchange$$Lambda$494
instanceKlass jdk/internal/net/http/ExchangeImpl
instanceKlass jdk/internal/net/http/Exchange
instanceKlass jdk/internal/net/http/MultiExchange$$Lambda$493
instanceKlass jdk/internal/net/http/MultiExchange$ConnectTimeoutTracker
instanceKlass java/util/Base64$Encoder
instanceKlass java/util/Base64
instanceKlass jdk/internal/net/http/MultiExchange$$Lambda$492
instanceKlass java/net/http/HttpResponse
instanceKlass jdk/internal/net/http/TimeoutEvent
instanceKlass java/util/concurrent/Flow$Subscription
instanceKlass jdk/internal/net/http/MultiExchange
instanceKlass jdk/internal/net/http/HttpRequestImpl$$Lambda$491
instanceKlass jdk/internal/net/http/websocket/WebSocketRequest
instanceKlass java/net/http/HttpHeaders$$Lambda$490
instanceKlass java/net/http/HttpHeaders$$Lambda$489
instanceKlass java/lang/invoke/LambdaForm$DMH
instanceKlass java/net/http/HttpHeaders
instanceKlass jdk/internal/net/http/common/HttpHeadersBuilder$$Lambda$488
instanceKlass org/openqa/selenium/remote/http/HttpMessage$$Lambda$487
instanceKlass org/openqa/selenium/remote/http/HttpMessage$$Lambda$486
instanceKlass org/openqa/selenium/remote/http/jdk/JdkHttpMessages$$Lambda$485
instanceKlass jdk/internal/net/http/RequestPublishers$PublisherAdapter
instanceKlass jdk/internal/net/http/RequestPublishers$InputStreamPublisher
instanceKlass java/net/http/HttpRequest$BodyPublisher
instanceKlass java/net/http/HttpRequest$BodyPublishers
instanceKlass org/openqa/selenium/remote/http/jdk/JdkHttpMessages$1
instanceKlass jdk/internal/net/http/common/HttpHeadersBuilder
instanceKlass jdk/internal/net/http/HttpRequestBuilderImpl
instanceKlass java/net/http/HttpRequest$Builder
instanceKlass java/util/concurrent/TimeUnit$1
instanceKlass java/net/http/HttpRequest
instanceKlass org/openqa/selenium/remote/http/jdk/JdkHttpMessages$$Lambda$484
instanceKlass java/net/http/HttpResponse$BodyHandlers$$Lambda$483
instanceKlass java/util/concurrent/RunnableScheduledFuture
instanceKlass java/util/concurrent/ScheduledFuture
instanceKlass java/util/concurrent/Delayed
instanceKlass java/net/http/HttpResponse$BodySubscriber
instanceKlass java/net/http/HttpResponse$ResponseInfo
instanceKlass java/net/http/HttpResponse$BodyHandler
instanceKlass java/util/concurrent/CompletableFuture$Delayer$DaemonThreadFactory
instanceKlass java/util/concurrent/ScheduledExecutorService
instanceKlass java/net/http/HttpResponse$BodyHandlers
instanceKlass java/util/concurrent/CompletableFuture$Delayer
instanceKlass java/util/concurrent/CompletableFuture$Timeout
instanceKlass java/util/concurrent/CompletableFuture$Canceller
instanceKlass org/openqa/selenium/remote/http/AddSeleniumUserAgent$$Lambda$482
instanceKlass org/openqa/selenium/remote/http/jdk/JdkHttpClient$$Lambda$481
instanceKlass java/util/concurrent/Executors$RunnableAdapter
instanceKlass org/openqa/selenium/remote/http/jdk/JdkHttpClient$$Lambda$480
instanceKlass org/openqa/selenium/remote/http/HttpMessage$$Lambda$479
instanceKlass org/openqa/selenium/remote/NewSessionPayload$$Lambda$478
instanceKlass org/openqa/selenium/remote/NewSessionPayload$$Lambda$477
instanceKlass org/openqa/selenium/remote/NewSessionPayload$$Lambda$476
instanceKlass java/util/AbstractMap$1$1
instanceKlass org/openqa/selenium/remote/NewSessionPayload$$Lambda$475
instanceKlass org/openqa/selenium/remote/NewSessionPayload$$Lambda$474
instanceKlass org/openqa/selenium/remote/NewSessionPayload$$Lambda$473
instanceKlass org/openqa/selenium/remote/NewSessionPayload$$Lambda$472
instanceKlass org/openqa/selenium/remote/NewSessionPayload$$Lambda$471
instanceKlass org/openqa/selenium/json/ObjectCoercer$1
instanceKlass org/openqa/selenium/json/ObjectCoercer$$Lambda$470
instanceKlass org/openqa/selenium/json/MapCoercer$$Lambda$469
instanceKlass org/openqa/selenium/json/MapCoercer$$Lambda$468
instanceKlass org/openqa/selenium/json/JsonInput$1
instanceKlass org/openqa/selenium/remote/http/Contents$1
instanceKlass java/lang/invoke/LambdaForm$MH
instanceKlass java/lang/invoke/LambdaForm$MH
instanceKlass java/lang/invoke/LambdaForm$MH
instanceKlass java/lang/invoke/LambdaForm$MH
instanceKlass java/lang/invoke/LambdaForm$MH
instanceKlass java/lang/invoke/LambdaForm$MH
instanceKlass java/lang/invoke/LambdaForm$MH
instanceKlass java/lang/invoke/LambdaForm$MH
instanceKlass java/lang/invoke/LambdaForm$MH
instanceKlass java/lang/invoke/LambdaForm$MH
instanceKlass java/lang/invoke/LambdaForm$MH
instanceKlass java/lang/invoke/LambdaForm$MH
instanceKlass java/lang/invoke/LambdaForm$MH
instanceKlass org/openqa/selenium/json/JsonOutput$$Lambda$467
instanceKlass java/lang/invoke/LambdaForm$DMH
instanceKlass org/openqa/selenium/json/JsonOutput$$Lambda$466
instanceKlass java/io/ObjectOutput
instanceKlass java/util/function/UnaryOperator
instanceKlass org/openqa/selenium/json/JsonOutput$$Lambda$465
instanceKlass java/util/function/IntConsumer
instanceKlass java/lang/invoke/LambdaForm$DMH
instanceKlass java/util/stream/IntStream
instanceKlass java/lang/StringLatin1$CharsSpliterator
instanceKlass java/lang/invoke/LambdaForm$MH
instanceKlass org/openqa/selenium/json/JsonOutput$$Lambda$464
instanceKlass java/lang/invoke/LambdaForm$DMH
instanceKlass org/openqa/selenium/json/JsonOutput$$Lambda$463
instanceKlass org/openqa/selenium/json/JsonOutput$$Lambda$462
instanceKlass java/io/ObjectStreamConstants
instanceKlass java/io/ObjectInput
instanceKlass java/util/Collections$UnmodifiableMap$UnmodifiableEntrySet$$Lambda$461
instanceKlass org/openqa/selenium/json/JsonOutput$$Lambda$460
instanceKlass java/util/Collections$UnmodifiableMap$UnmodifiableEntrySet$UnmodifiableEntrySetSpliterator
instanceKlass org/openqa/selenium/json/JsonOutput$$Lambda$459
instanceKlass org/openqa/selenium/json/JsonOutput$$Lambda$458
instanceKlass org/openqa/selenium/json/JsonOutput$$Lambda$457
instanceKlass org/openqa/selenium/json/JsonOutput$$Lambda$456
instanceKlass org/openqa/selenium/json/JsonOutput$$Lambda$455
instanceKlass org/openqa/selenium/json/JsonOutput$$Lambda$454
instanceKlass org/openqa/selenium/json/JsonOutput$$Lambda$453
instanceKlass org/openqa/selenium/json/JsonOutput$$Lambda$452
instanceKlass org/openqa/selenium/json/JsonOutput$$Lambda$451
instanceKlass org/openqa/selenium/json/JsonOutput$$Lambda$450
instanceKlass org/openqa/selenium/json/JsonOutput$$Lambda$449
instanceKlass org/openqa/selenium/json/JsonOutput$$Lambda$448
instanceKlass org/openqa/selenium/json/JsonOutput$$Lambda$447
instanceKlass org/openqa/selenium/json/JsonOutput$$Lambda$446
instanceKlass org/openqa/selenium/json/JsonOutput$$Lambda$445
instanceKlass org/openqa/selenium/json/JsonOutput$$Lambda$444
instanceKlass org/openqa/selenium/json/JsonOutput$$Lambda$443
instanceKlass org/openqa/selenium/json/JsonOutput$$Lambda$442
instanceKlass org/openqa/selenium/json/JsonOutput$$Lambda$441
instanceKlass org/openqa/selenium/json/JsonOutput$$Lambda$440
instanceKlass org/openqa/selenium/json/JsonOutput$$Lambda$439
instanceKlass org/openqa/selenium/json/JsonOutput$$Lambda$438
instanceKlass org/openqa/selenium/json/JsonOutput$$Lambda$437
instanceKlass org/openqa/selenium/json/JsonOutput$$Lambda$436
instanceKlass org/openqa/selenium/json/JsonOutput$$Lambda$435
instanceKlass org/openqa/selenium/json/JsonOutput$$Lambda$434
instanceKlass org/openqa/selenium/json/JsonOutput$$Lambda$433
instanceKlass org/openqa/selenium/json/JsonOutput$$Lambda$432
instanceKlass org/openqa/selenium/json/JsonOutput$$Lambda$431
instanceKlass org/openqa/selenium/json/JsonOutput$$Lambda$430
instanceKlass org/openqa/selenium/json/JsonOutput$$Lambda$429
instanceKlass org/openqa/selenium/json/JsonOutput$$Lambda$428
instanceKlass org/openqa/selenium/json/JsonOutput$$Lambda$427
instanceKlass org/openqa/selenium/json/JsonOutput$$Lambda$426
instanceKlass org/openqa/selenium/json/JsonOutput$$Lambda$425
instanceKlass org/openqa/selenium/json/JsonOutput$$Lambda$424
instanceKlass org/openqa/selenium/json/JsonOutput$$Lambda$423
instanceKlass org/openqa/selenium/json/JsonOutput$$Lambda$422
instanceKlass org/openqa/selenium/json/JsonOutput$$Lambda$421
instanceKlass org/openqa/selenium/json/JsonOutput$$Lambda$420
instanceKlass org/openqa/selenium/json/JsonOutput$DepthAwareConsumer
instanceKlass java/lang/invoke/LambdaForm$DMH
instanceKlass org/openqa/selenium/json/JsonOutput$$Lambda$419
instanceKlass org/openqa/selenium/json/JsonOutput$Node
instanceKlass org/openqa/selenium/json/JsonOutput$$Lambda$418
instanceKlass org/openqa/selenium/json/JsonOutput$$Lambda$417
instanceKlass org/openqa/selenium/json/JsonOutput
instanceKlass org/openqa/selenium/remote/http/Contents$Supplier
instanceKlass org/openqa/selenium/remote/http/Contents
instanceKlass org/openqa/selenium/remote/NewSessionPayload$$Lambda$416
instanceKlass org/openqa/selenium/remote/ResponseCodec
instanceKlass org/openqa/selenium/remote/CommandCodec
instanceKlass org/openqa/selenium/remote/NewSessionPayload
instanceKlass org/openqa/selenium/remote/ProtocolHandshake
instanceKlass sun/net/www/http/KeepAliveEntry
instanceKlass sun/net/www/http/KeepAliveCache$1
instanceKlass sun/net/www/http/KeepAliveStreamCleaner$2
instanceKlass sun/net/www/http/KeepAliveStreamCleaner$1
instanceKlass sun/net/www/http/Hurryable
instanceKlass sun/net/www/protocol/http/AuthCacheImpl
instanceKlass sun/net/www/protocol/http/AuthCache
instanceKlass sun/net/www/protocol/http/AuthCacheValue
instanceKlass sun/net/DefaultProgressMeteringPolicy
instanceKlass sun/net/ProgressMeteringPolicy
instanceKlass sun/net/ProgressMonitor
instanceKlass sun/net/www/protocol/http/AuthenticatorKeys
instanceKlass java/net/Socket$3
instanceKlass sun/net/util/SocketExceptions
instanceKlass sun/net/www/http/HttpCapture$1
instanceKlass sun/net/www/http/HttpCapture
instanceKlass sun/net/www/http/KeepAliveKey
instanceKlass sun/net/NetworkClient$1
instanceKlass sun/net/NetworkClient
instanceKlass sun/net/www/protocol/http/HttpURLConnection$7
instanceKlass java/net/ResponseCache
instanceKlass sun/net/www/protocol/http/HttpURLConnection$3
instanceKlass java/net/CookieHandler
instanceKlass sun/net/www/protocol/http/HttpURLConnection$2
instanceKlass sun/util/logging/PlatformLogger
instanceKlass sun/net/www/protocol/http/HttpURLConnection$$Lambda$415
instanceKlass java/util/concurrent/FutureTask$WaitNode
instanceKlass java/util/concurrent/FutureTask
instanceKlass java/util/concurrent/RunnableFuture
instanceKlass org/openqa/selenium/net/UrlChecker$$Lambda$414
instanceKlass org/openqa/selenium/net/UrlChecker$$Lambda$413
instanceKlass org/openqa/selenium/net/UrlChecker
instanceKlass java/util/concurrent/ForkJoinPool$ManagedBlocker
instanceKlass org/openqa/selenium/remote/service/DriverService$$Lambda$412
instanceKlass org/openqa/selenium/remote/service/DriverService$$Lambda$411
instanceKlass org/openqa/selenium/remote/service/DriverService$$Lambda$410
instanceKlass java/lang/invoke/LambdaForm$DMH
instanceKlass org/openqa/selenium/remote/Command
instanceKlass org/openqa/selenium/remote/CommandPayload
instanceKlass org/openqa/selenium/remote/DriverCommand
instanceKlass java/util/function/Predicate$$Lambda$409
instanceKlass java/lang/invoke/LambdaForm$DMH
instanceKlass java/util/regex/Pattern$$Lambda$408
instanceKlass java/util/regex/CharPredicates$$Lambda$407
instanceKlass org/openqa/selenium/AcceptedW3CCapabilityKeys$$Lambda$406
instanceKlass java/lang/invoke/LambdaForm$DMH
instanceKlass org/openqa/selenium/AcceptedW3CCapabilityKeys$$Lambda$405
instanceKlass org/openqa/selenium/AcceptedW3CCapabilityKeys$$Lambda$404
instanceKlass org/openqa/selenium/AcceptedW3CCapabilityKeys$$Lambda$403
instanceKlass org/openqa/selenium/AcceptedW3CCapabilityKeys
instanceKlass org/openqa/selenium/remote/RemoteWebDriver$$Lambda$402
instanceKlass java/util/TreeMap$TreeMapSpliterator
instanceKlass org/openqa/selenium/remote/RemoteLogs
instanceKlass org/openqa/selenium/remote/RemoteExecuteMethod
instanceKlass org/openqa/selenium/WrapsDriver
instanceKlass org/openqa/selenium/remote/JsonToWebElementConverter
instanceKlass java/util/logging/ErrorManager
instanceKlass org/openqa/selenium/remote/UselessFileDetector
instanceKlass org/openqa/selenium/remote/ErrorCodes$$Lambda$401
instanceKlass org/openqa/selenium/remote/ErrorCodes$KnownError
instanceKlass org/openqa/selenium/remote/ErrorCodes
instanceKlass org/openqa/selenium/remote/ErrorHandler
instanceKlass org/openqa/selenium/WebElement
instanceKlass org/openqa/selenium/By$Remotable$Parameters
instanceKlass org/openqa/selenium/internal/Require$ArgumentChecker
instanceKlass org/openqa/selenium/By$Remotable
instanceKlass org/openqa/selenium/By
instanceKlass org/openqa/selenium/remote/ElementLocation
instanceKlass java/nio/channels/spi/AbstractSelector$1
instanceKlass jdk/internal/net/http/common/Log
instanceKlass org/openqa/selenium/remote/service/DriverCommandExecutor$$Lambda$400
instanceKlass jdk/internal/net/http/RedirectFilter
instanceKlass jdk/internal/net/http/AuthenticationFilter
instanceKlass jdk/internal/net/http/HeaderFilter
instanceKlass jdk/internal/net/http/FilterFactory
instanceKlass sun/nio/ch/OptionKey
instanceKlass sun/nio/ch/SocketOptionRegistry$LazyInitialization
instanceKlass sun/nio/ch/SocketOptionRegistry$RegistryKey
instanceKlass sun/nio/ch/SocketOptionRegistry
instanceKlass sun/net/ext/ExtendedSocketOptions$$Lambda$399
instanceKlass sun/nio/ch/ExtendedSocketOption$1
instanceKlass sun/nio/ch/ExtendedSocketOption
instanceKlass sun/nio/ch/SocketChannelImpl$DefaultOptionsHolder
instanceKlass java/nio/BufferMismatch
instanceKlass java/nio/channels/spi/AbstractInterruptibleChannel$1
instanceKlass sun/nio/ch/Interruptible
instanceKlass jdk/net/ExtendedSocketOptions$PlatformSocketOptions$1
instanceKlass jdk/net/ExtendedSocketOptions$PlatformSocketOptions
instanceKlass jdk/net/SocketFlow
instanceKlass jdk/net/ExtendedSocketOptions$ExtSocketOption
instanceKlass jdk/net/ExtendedSocketOptions
instanceKlass sun/net/ext/ExtendedSocketOptions
instanceKlass sun/nio/ch/Net$1
instanceKlass java/net/ProtocolFamily
instanceKlass sun/nio/ch/Net
instanceKlass sun/nio/ch/SelChImpl
instanceKlass java/nio/channels/NetworkChannel
instanceKlass java/net/Inet4AddressImpl
instanceKlass sun/nio/ch/PipeImpl$Initializer$LoopbackConnector
instanceKlass sun/nio/ch/PipeImpl$Initializer
instanceKlass java/nio/channels/Pipe
instanceKlass sun/nio/ch/NativeObject
instanceKlass sun/nio/ch/PollArrayWrapper
instanceKlass sun/nio/ch/WindowsSelectorImpl$FinishLock
instanceKlass sun/nio/ch/WindowsSelectorImpl$StartLock
instanceKlass sun/nio/ch/WindowsSelectorImpl$SubSelector
instanceKlass java/nio/channels/SelectionKey
instanceKlass sun/nio/ch/Util$2
instanceKlass sun/nio/ch/DefaultSelectorProvider
instanceKlass java/nio/channels/spi/SelectorProvider$1
instanceKlass java/nio/channels/spi/SelectorProvider
instanceKlass java/nio/channels/Selector
instanceKlass jdk/internal/net/http/common/Utils$$Lambda$398
instanceKlass jdk/internal/net/http/ConnectionPool$ExpiryList
instanceKlass jdk/internal/net/http/ConnectionPool$$Lambda$397
instanceKlass jdk/internal/net/http/common/FlowTube$TubePublisher
instanceKlass jdk/internal/net/http/common/FlowTube$TubeSubscriber
instanceKlass java/util/concurrent/Flow$Subscriber
instanceKlass jdk/internal/net/http/ConnectionPool
instanceKlass sun/security/ssl/SSLConfiguration$1
instanceKlass javax/net/ssl/SSLParameters
instanceKlass sun/security/ssl/DTLSRecord
instanceKlass sun/security/ssl/SessionId
instanceKlass javax/net/ssl/ExtendedSSLSession
instanceKlass sun/security/ssl/SSLConfiguration$CustomizedClientSignatureSchemes
instanceKlass javax/crypto/KeyGeneratorSpi
instanceKlass javax/crypto/KeyGenerator
instanceKlass sun/security/ssl/SSLConfiguration
instanceKlass sun/security/ssl/SSLCipher$SSLWriteCipher
instanceKlass sun/security/ssl/KeyUpdate$KeyUpdateProducer
instanceKlass sun/security/ssl/KeyUpdate$KeyUpdateConsumer
instanceKlass sun/security/ssl/KeyUpdate$KeyUpdateKickstartProducer
instanceKlass sun/security/ssl/KeyUpdate
instanceKlass sun/security/ssl/CertificateStatus$CertificateStatusAbsence
instanceKlass sun/security/ssl/HandshakeAbsence
instanceKlass sun/security/ssl/CertificateStatus$CertificateStatusProducer
instanceKlass sun/security/ssl/CertificateStatus$CertificateStatusConsumer
instanceKlass sun/security/ssl/CertificateStatus
instanceKlass sun/security/ssl/Finished$T13FinishedProducer
instanceKlass sun/security/ssl/Finished$T13FinishedConsumer
instanceKlass sun/security/ssl/Finished$T12FinishedProducer
instanceKlass sun/security/ssl/Finished$T12FinishedConsumer
instanceKlass sun/security/ssl/Finished
instanceKlass sun/security/ssl/ClientKeyExchange$ClientKeyExchangeProducer
instanceKlass sun/security/ssl/ClientKeyExchange$ClientKeyExchangeConsumer
instanceKlass sun/security/ssl/ClientKeyExchange
instanceKlass sun/security/ssl/CertificateVerify$T13CertificateVerifyProducer
instanceKlass sun/security/ssl/CertificateVerify$T13CertificateVerifyConsumer
instanceKlass sun/security/ssl/CertificateVerify$T12CertificateVerifyProducer
instanceKlass sun/security/ssl/CertificateVerify$T12CertificateVerifyConsumer
instanceKlass sun/security/ssl/CertificateVerify$T10CertificateVerifyProducer
instanceKlass sun/security/ssl/CertificateVerify$T10CertificateVerifyConsumer
instanceKlass sun/security/ssl/CertificateVerify$S30CertificateVerifyProducer
instanceKlass sun/security/ssl/CertificateVerify$S30CertificateVerifyConsumer
instanceKlass sun/security/ssl/CertificateVerify
instanceKlass sun/security/ssl/ServerHelloDone$ServerHelloDoneProducer
instanceKlass sun/security/ssl/ServerHelloDone$ServerHelloDoneConsumer
instanceKlass sun/security/ssl/ServerHelloDone
instanceKlass sun/security/ssl/CertificateRequest$T13CertificateRequestProducer
instanceKlass sun/security/ssl/CertificateRequest$T13CertificateRequestConsumer
instanceKlass sun/security/ssl/CertificateRequest$T12CertificateRequestProducer
instanceKlass sun/security/ssl/CertificateRequest$T12CertificateRequestConsumer
instanceKlass sun/security/ssl/CertificateRequest$T10CertificateRequestProducer
instanceKlass sun/security/ssl/CertificateRequest$T10CertificateRequestConsumer
instanceKlass sun/security/ssl/CertificateRequest
instanceKlass sun/security/ssl/ServerKeyExchange$ServerKeyExchangeProducer
instanceKlass sun/security/ssl/ServerKeyExchange$ServerKeyExchangeConsumer
instanceKlass sun/security/ssl/ServerKeyExchange
instanceKlass sun/security/ssl/CertificateMessage$T13CertificateProducer
instanceKlass sun/security/ssl/CertificateMessage$T13CertificateConsumer
instanceKlass sun/security/ssl/CertificateMessage$T12CertificateProducer
instanceKlass sun/security/ssl/CertificateMessage$T12CertificateConsumer
instanceKlass sun/security/ssl/CertificateMessage
instanceKlass sun/security/ssl/EncryptedExtensions$EncryptedExtensionsConsumer
instanceKlass sun/security/ssl/EncryptedExtensions$EncryptedExtensionsProducer
instanceKlass sun/security/ssl/EncryptedExtensions
instanceKlass sun/security/ssl/NewSessionTicket$NewSessionTicketProducer
instanceKlass sun/security/ssl/NewSessionTicket$NewSessionTicketKickstartProducer
instanceKlass sun/security/ssl/NewSessionTicket$NewSessionTicketConsumer
instanceKlass sun/security/ssl/NewSessionTicket
instanceKlass sun/security/ssl/HelloVerifyRequest$HelloVerifyRequestProducer
instanceKlass sun/security/ssl/HelloVerifyRequest$HelloVerifyRequestConsumer
instanceKlass sun/security/ssl/HelloVerifyRequest
instanceKlass sun/security/ssl/ServerHello$T13HelloRetryRequestConsumer
instanceKlass sun/security/ssl/ServerHello$T13ServerHelloConsumer
instanceKlass sun/security/ssl/ServerHello$T12ServerHelloConsumer
instanceKlass sun/security/ssl/ServerHello$T13HelloRetryRequestReproducer
instanceKlass sun/security/ssl/ServerHello$T13HelloRetryRequestProducer
instanceKlass sun/security/ssl/ServerHello$T13ServerHelloProducer
instanceKlass sun/security/ssl/ServerHello$T12ServerHelloProducer
instanceKlass sun/security/ssl/ServerHello$ServerHelloConsumer
instanceKlass sun/security/ssl/ServerHello
instanceKlass sun/security/ssl/ClientHello$D13ClientHelloConsumer
instanceKlass sun/security/ssl/ClientHello$D12ClientHelloConsumer
instanceKlass sun/security/ssl/ClientHello$T13ClientHelloConsumer
instanceKlass sun/security/ssl/ClientHello$T12ClientHelloConsumer
instanceKlass sun/security/ssl/HandshakeConsumer
instanceKlass sun/security/ssl/ClientHello$ClientHelloProducer
instanceKlass sun/security/ssl/ClientHello$ClientHelloConsumer
instanceKlass sun/security/ssl/ClientHello$ClientHelloKickstartProducer
instanceKlass sun/security/ssl/ClientHello
instanceKlass sun/security/ssl/HelloRequest$HelloRequestProducer
instanceKlass sun/security/ssl/HelloRequest$HelloRequestConsumer
instanceKlass sun/security/ssl/HelloRequest$HelloRequestKickstartProducer
instanceKlass sun/security/ssl/SSLProducer
instanceKlass sun/security/ssl/HelloRequest
instanceKlass sun/security/ssl/HandshakeProducer
instanceKlass sun/security/ssl/SSLConsumer
instanceKlass sun/security/ssl/Authenticator$MacImpl
instanceKlass sun/security/ssl/Authenticator$MAC
instanceKlass sun/security/ssl/Authenticator
instanceKlass sun/security/ssl/SSLCipher$SSLReadCipher
instanceKlass sun/security/ssl/InputRecord
instanceKlass sun/security/ssl/SSLRecord
instanceKlass sun/security/ssl/Record
instanceKlass sun/security/ssl/TransportContext
instanceKlass sun/security/ssl/ConnectionContext
instanceKlass sun/security/ssl/HandshakeHash$CacheOnlyHash
instanceKlass sun/security/ssl/HandshakeHash$TranscriptHash
instanceKlass sun/security/ssl/HandshakeHash
instanceKlass sun/security/ssl/SSLTransport
instanceKlass javax/net/SocketFactory
instanceKlass jdk/internal/net/http/HttpClientImpl$$Lambda$396
instanceKlass jdk/internal/net/http/HttpClientImpl$$Lambda$395
instanceKlass jdk/internal/net/http/Http2ClientImpl$$Lambda$394
instanceKlass jdk/internal/net/http/Http2ClientImpl
instanceKlass jdk/internal/net/http/HttpClientImpl$$Lambda$393
instanceKlass java/util/function/BooleanSupplier
instanceKlass jdk/internal/net/http/HttpClientImpl$DelegatingExecutor
instanceKlass javax/net/ssl/X509ExtendedKeyManager
instanceKlass javax/net/ssl/X509KeyManager
instanceKlass javax/net/ssl/KeyManager
instanceKlass javax/net/ssl/KeyManagerFactorySpi
instanceKlass javax/net/ssl/KeyManagerFactory$1
instanceKlass javax/net/ssl/KeyManagerFactory
instanceKlass sun/security/ssl/SSLContextImpl$DefaultManagersHolder$1
instanceKlass javax/net/ssl/X509ExtendedTrustManager
instanceKlass javax/net/ssl/X509TrustManager
instanceKlass javax/net/ssl/TrustManager
instanceKlass sun/security/validator/TrustStoreUtil
instanceKlass sun/security/x509/AccessDescription
instanceKlass sun/security/x509/RFC822Name
instanceKlass sun/security/x509/NetscapeCertTypeExtension$MapEntry
instanceKlass java/security/cert/PolicyQualifierInfo
instanceKlass sun/security/x509/CertificatePolicyId
instanceKlass sun/security/x509/PolicyInformation
instanceKlass java/security/interfaces/ECPublicKey
instanceKlass jdk/internal/misc/ThreadTracker$ThreadRef
instanceKlass jdk/internal/misc/ThreadTracker
instanceKlass jdk/internal/event/EventHelper$ThreadTrackHolder
instanceKlass jdk/internal/event/EventHelper
instanceKlass sun/security/jca/JCAUtil
instanceKlass sun/security/util/MemoryCache$CacheEntry
instanceKlass sun/security/x509/X509AttributeName
instanceKlass sun/security/x509/DNSName
instanceKlass sun/security/x509/URIName
instanceKlass sun/security/x509/GeneralName
instanceKlass sun/security/x509/GeneralNames
instanceKlass sun/security/x509/DistributionPoint
instanceKlass sun/security/x509/KeyIdentifier
instanceKlass sun/security/x509/OIDMap$OIDInfo
instanceKlass sun/security/x509/PKIXExtensions
instanceKlass sun/security/x509/OIDMap
instanceKlass sun/security/x509/Extension
instanceKlass java/security/cert/Extension
instanceKlass sun/security/x509/CertificateExtensions
instanceKlass sun/security/rsa/RSAUtil
instanceKlass java/security/interfaces/RSAPublicKey
instanceKlass java/security/interfaces/RSAKey
instanceKlass java/security/spec/PSSParameterSpec
instanceKlass java/security/spec/RSAPrivateKeySpec
instanceKlass java/security/spec/RSAPublicKeySpec
instanceKlass java/security/spec/EncodedKeySpec
instanceKlass java/security/spec/KeySpec
instanceKlass jdk/internal/util/ArraysSupport
instanceKlass sun/security/util/BitArray
instanceKlass sun/security/x509/X509Key
instanceKlass sun/security/x509/CertificateX509Key
instanceKlass sun/security/x509/CertificateValidity
instanceKlass sun/security/x509/AVA
instanceKlass sun/security/util/DerIndefLenConverter
instanceKlass sun/security/x509/RDN
instanceKlass javax/security/auth/x500/X500Principal
instanceKlass sun/security/x509/X500Name$1
instanceKlass sun/security/x509/X500Name
instanceKlass sun/security/x509/GeneralNameInterface
instanceKlass sun/security/x509/CertificateAlgorithmId
instanceKlass sun/security/x509/SerialNumber
instanceKlass sun/security/x509/CertificateSerialNumber
instanceKlass sun/security/x509/CertificateVersion
instanceKlass sun/security/x509/X509CertInfo
instanceKlass sun/security/x509/CertAttrSet
instanceKlass sun/security/x509/AlgorithmId
instanceKlass java/security/cert/X509Extension
instanceKlass sun/security/util/Cache$EqualByteArray
instanceKlass sun/security/util/IOUtils
instanceKlass java/security/cert/CertificateFactorySpi
instanceKlass java/security/cert/CertificateFactory
instanceKlass sun/security/provider/JavaKeyStore$TrustedCertEntry
instanceKlass sun/security/util/DerInputStream
instanceKlass sun/security/util/DerValue
instanceKlass sun/security/action/OpenFileInputStreamAction
instanceKlass sun/security/util/KeyStoreDelegator$$Lambda$392
instanceKlass java/security/KeyStoreSpi
instanceKlass java/security/KeyStore$1
instanceKlass java/security/KeyStore
instanceKlass sun/security/ssl/TrustStoreManager$TrustStoreDescriptor$1
instanceKlass sun/security/ssl/TrustStoreManager$TrustStoreDescriptor
instanceKlass sun/security/ssl/TrustStoreManager$TrustAnchorManager
instanceKlass sun/security/ssl/TrustStoreManager
instanceKlass javax/net/ssl/TrustManagerFactorySpi
instanceKlass javax/net/ssl/TrustManagerFactory$1
instanceKlass javax/net/ssl/TrustManagerFactory
instanceKlass sun/security/ssl/SSLContextImpl$DefaultManagersHolder
instanceKlass sun/security/util/Cache
instanceKlass sun/security/ssl/SSLSessionContextImpl
instanceKlass javax/net/ssl/SSLSessionContext
instanceKlass sun/security/ssl/EphemeralKeyManager$EphemeralKeyPair
instanceKlass sun/security/ssl/EphemeralKeyManager
instanceKlass sun/security/ssl/SSLContextImpl$CustomizedSSLProtocols
instanceKlass java/security/spec/NamedParameterSpec
instanceKlass sun/security/util/ECKeySizeParameterSpec
instanceKlass java/security/AlgorithmParametersSpi
instanceKlass java/security/AlgorithmParameters
instanceKlass sun/security/util/ECUtil
instanceKlass sun/security/ec/point/Point
instanceKlass java/security/KeyPairGeneratorSpi
instanceKlass java/security/PrivateKey
instanceKlass javax/security/auth/Destroyable
instanceKlass java/security/PublicKey
instanceKlass java/security/KeyFactorySpi
instanceKlass java/security/KeyFactory
instanceKlass javax/crypto/KeyAgreement
instanceKlass java/security/interfaces/ECKey
instanceKlass java/security/Key
instanceKlass java/security/Signature$1
instanceKlass jdk/internal/misc/JavaSecuritySignatureAccess
instanceKlass java/security/SignatureSpi
instanceKlass sun/security/ssl/JsseJce$EcAvailability
instanceKlass sun/security/ssl/SSLAlgorithmDecomposer$1
instanceKlass sun/security/ssl/NamedGroup$XDHScheme
instanceKlass sun/security/ssl/NamedGroup$FFDHEScheme
instanceKlass sun/security/ssl/NamedGroup$ECDHEScheme
instanceKlass sun/security/ssl/NamedGroup$NamedGroupScheme
instanceKlass sun/security/ssl/SSLCipher$1
instanceKlass sun/security/ssl/SSLCipher$T13CC20P1305WriteCipherGenerator
instanceKlass sun/security/ssl/SSLCipher$T12CC20P1305WriteCipherGenerator
instanceKlass sun/security/ssl/SSLCipher$T13CC20P1305ReadCipherGenerator
instanceKlass sun/security/ssl/SSLCipher$T12CC20P1305ReadCipherGenerator
instanceKlass sun/security/ssl/SSLCipher$T13GcmWriteCipherGenerator
instanceKlass sun/security/ssl/SSLCipher$T13GcmReadCipherGenerator
instanceKlass sun/security/ssl/SSLCipher$T12GcmWriteCipherGenerator
instanceKlass sun/security/ssl/SSLCipher$T12GcmReadCipherGenerator
instanceKlass javax/crypto/JceSecurityManager$1
instanceKlass java/lang/SecurityManager$$Lambda$391
instanceKlass java/lang/SecurityManager$$Lambda$390
instanceKlass java/lang/SecurityManager$$Lambda$389
instanceKlass java/lang/SecurityManager$$Lambda$388
instanceKlass java/lang/SecurityManager$$Lambda$387
instanceKlass java/lang/SecurityManager$$Lambda$386
instanceKlass java/lang/SecurityManager$$Lambda$385
instanceKlass java/lang/invoke/LambdaForm$DMH
instanceKlass java/lang/SecurityManager$$Lambda$384
instanceKlass java/lang/SecurityManager$$Lambda$383
instanceKlass java/lang/SecurityManager$$Lambda$382
instanceKlass java/lang/invoke/LambdaForm$DMH
instanceKlass java/lang/SecurityManager$$Lambda$381
instanceKlass sun/security/ssl/SSLCipher$T11BlockWriteCipherGenerator
instanceKlass sun/security/ssl/SSLCipher$T11BlockReadCipherGenerator
instanceKlass sun/security/ssl/SSLCipher$T10BlockWriteCipherGenerator
instanceKlass sun/security/ssl/SSLCipher$T10BlockReadCipherGenerator
instanceKlass javax/crypto/ProviderVerifier
instanceKlass javax/crypto/JceSecurity$2
instanceKlass java/util/Vector$1
instanceKlass javax/crypto/CryptoPolicyParser$CryptoPermissionEntry
instanceKlass javax/crypto/CryptoPolicyParser$GrantEntry
instanceKlass sun/nio/ch/IOStatus
instanceKlass java/nio/DirectByteBuffer$Deallocator
instanceKlass sun/nio/ch/Util$BufferCache
instanceKlass sun/nio/ch/Util
instanceKlass sun/nio/ch/NativeThread
instanceKlass java/io/StreamTokenizer
instanceKlass javax/crypto/CryptoPolicyParser
instanceKlass java/nio/channels/Channels
instanceKlass sun/nio/fs/WindowsSecurityDescriptor
instanceKlass java/nio/file/Files$1
instanceKlass sun/nio/fs/WindowsFileSystem$2
instanceKlass java/nio/file/PathMatcher
instanceKlass sun/nio/fs/Globs
instanceKlass javax/crypto/JceSecurity$1
instanceKlass javax/crypto/JceSecurity
instanceKlass sun/security/jca/ProviderList$ServiceList$1
instanceKlass sun/security/jca/ServiceId
instanceKlass javax/crypto/Cipher$Transform
instanceKlass javax/crypto/Cipher
instanceKlass sun/security/ssl/Utilities
instanceKlass sun/security/ssl/JsseJce
instanceKlass sun/security/ssl/SSLCipher$StreamWriteCipherGenerator
instanceKlass sun/security/ssl/SSLCipher$StreamReadCipherGenerator
instanceKlass sun/security/ssl/SSLCipher$NullWriteCipherGenerator
instanceKlass sun/security/ssl/SSLCipher$WriteCipherGenerator
instanceKlass sun/security/ssl/SSLCipher$NullReadCipherGenerator
instanceKlass sun/security/ssl/SSLCipher$ReadCipherGenerator
instanceKlass java/util/AbstractMap$SimpleImmutableEntry
instanceKlass java/time/zone/ZoneOffsetTransition
instanceKlass java/time/LocalTime
instanceKlass java/time/LocalDate
instanceKlass java/time/chrono/ChronoLocalDate
instanceKlass java/time/ZonedDateTime
instanceKlass java/time/chrono/ChronoZonedDateTime
instanceKlass java/time/LocalDateTime
instanceKlass java/time/chrono/ChronoLocalDateTime
instanceKlass java/time/zone/ZoneOffsetTransitionRule
instanceKlass java/time/zone/ZoneRules
instanceKlass java/util/regex/CharPredicates$$Lambda$380
instanceKlass sun/security/util/DisabledAlgorithmConstraints$Constraints$Holder
instanceKlass sun/security/util/DisabledAlgorithmConstraints$1
instanceKlass sun/security/util/DisabledAlgorithmConstraints$Constraint
instanceKlass sun/security/util/DisabledAlgorithmConstraints$Constraints
instanceKlass sun/security/util/AbstractAlgorithmConstraints$1
instanceKlass sun/security/util/AlgorithmDecomposer
instanceKlass sun/security/util/AbstractAlgorithmConstraints
instanceKlass sun/security/ssl/SSLAlgorithmConstraints
instanceKlass java/security/AlgorithmConstraints
instanceKlass sun/security/ssl/SSLLogger
instanceKlass sun/security/ssl/SunJSSE$1
instanceKlass java/security/spec/ECFieldF2m
instanceKlass sun/security/util/ObjectIdentifier
instanceKlass sun/security/util/ByteArrayTagOrder
instanceKlass sun/security/util/ByteArrayLexOrder
instanceKlass sun/security/util/DerEncoder
instanceKlass java/security/spec/ECParameterSpec
instanceKlass java/security/spec/AlgorithmParameterSpec
instanceKlass java/security/spec/ECPoint
instanceKlass java/security/spec/EllipticCurve
instanceKlass java/security/spec/ECFieldFp
instanceKlass java/security/spec/ECField
instanceKlass sun/security/util/CurveDB
instanceKlass sun/security/ec/SunEC$2
instanceKlass sun/security/ec/SunEC$1
instanceKlass sun/security/smartcardio/SunPCSC$1
instanceKlass sun/security/jca/ProviderConfig$ProviderLoader
instanceKlass sun/security/jca/ProviderConfig$3
instanceKlass sun/security/rsa/SunRsaSignEntries
instanceKlass javax/net/ssl/SSLContextSpi
instanceKlass javax/net/ssl/SSLContext
instanceKlass java/lang/invoke/LambdaForm$MH
instanceKlass java/lang/invoke/LambdaForm$MH
instanceKlass java/lang/invoke/LambdaForm$MH
instanceKlass java/lang/invoke/LambdaForm$MH
instanceKlass java/lang/invoke/LambdaForm$MH
instanceKlass java/lang/invoke/LambdaForm$MH
instanceKlass java/lang/invoke/LambdaForm$MH
instanceKlass java/lang/invoke/LambdaForm$MH
instanceKlass jdk/internal/net/http/HttpClientImpl$SSLDirectBufferSupplier
instanceKlass jdk/internal/net/http/HttpClientImpl$$Lambda$379
instanceKlass jdk/internal/net/http/HttpClientImpl$$Lambda$378
instanceKlass jdk/internal/net/http/common/DebugLogger$$Lambda$377
instanceKlass jdk/internal/net/http/common/DebugLogger$$Lambda$376
instanceKlass jdk/internal/net/http/common/DebugLogger$$Lambda$375
instanceKlass sun/util/logging/PlatformLogger$ConfigurableBridge$LoggerConfiguration
instanceKlass jdk/internal/logger/LoggerFinderLoader
instanceKlass java/lang/System$LoggerFinder$$Lambda$374
instanceKlass jdk/internal/logger/LazyLoggers$LazyLoggerFactories
instanceKlass jdk/internal/logger/LazyLoggers$1
instanceKlass jdk/internal/logger/LazyLoggers
instanceKlass jdk/internal/net/http/common/DebugLogger
instanceKlass jdk/internal/net/http/HttpClientImpl$$Lambda$373
instanceKlass jdk/internal/net/http/HttpClientImpl$SingleFacadeFactory
instanceKlass java/util/concurrent/CompletableFuture$AsynchronousCompletionTask
instanceKlass java/util/concurrent/CompletableFuture$AltResult
instanceKlass java/util/concurrent/CompletableFuture
instanceKlass java/util/concurrent/CompletionStage
instanceKlass jdk/internal/net/http/common/Utils$$Lambda$372
instanceKlass jdk/internal/net/http/common/Utils$$Lambda$371
instanceKlass jdk/internal/net/http/common/Utils$$Lambda$370
instanceKlass java/util/stream/Collectors$$Lambda$369
instanceKlass java/util/stream/Collectors$$Lambda$368
instanceKlass java/util/stream/Collectors$$Lambda$367
instanceKlass java/util/stream/Collectors$$Lambda$366
instanceKlass jdk/internal/net/http/common/Utils$$Lambda$365
instanceKlass jdk/internal/net/http/common/Utils$$Lambda$364
instanceKlass jdk/internal/net/http/common/Utils$$Lambda$363
instanceKlass java/util/function/Predicate$$Lambda$362
instanceKlass java/lang/invoke/LambdaForm$DMH
instanceKlass jdk/internal/net/http/common/Utils$$Lambda$361
instanceKlass jdk/internal/net/http/common/Utils$$Lambda$360
instanceKlass jdk/internal/net/http/common/Utils$$Lambda$359
instanceKlass jdk/internal/net/http/common/Utils$$Lambda$358
instanceKlass jdk/internal/net/http/common/Utils$$Lambda$357
instanceKlass jdk/internal/net/http/common/Utils$$Lambda$356
instanceKlass jdk/internal/net/http/common/Utils$$Lambda$355
instanceKlass jdk/internal/net/http/common/Utils$$Lambda$354
instanceKlass jdk/internal/net/http/common/Utils$$Lambda$353
instanceKlass java/lang/invoke/LambdaForm$DMH
instanceKlass javax/net/ssl/SSLSession
instanceKlass jdk/internal/net/http/common/Logger
instanceKlass jdk/internal/net/http/common/Utils
instanceKlass jdk/internal/net/http/common/BufferSupplier
instanceKlass jdk/internal/net/http/common/OperationTrackers$Tracker
instanceKlass java/net/http/WebSocket$Builder
instanceKlass jdk/internal/net/http/common/OperationTrackers$Trackable
instanceKlass jdk/internal/net/http/HttpClientBuilderImpl
instanceKlass java/net/http/HttpClient$Builder
instanceKlass java/net/http/HttpClient
instanceKlass org/openqa/selenium/remote/http/jdk/JdkHttpClient$$Lambda$352
instanceKlass org/openqa/selenium/remote/http/Filter$$Lambda$351
instanceKlass org/openqa/selenium/remote/http/jdk/JdkHttpClient$$Lambda$350
instanceKlass org/openqa/selenium/remote/http/HttpMessage
instanceKlass java/util/concurrent/Flow$Publisher
instanceKlass org/openqa/selenium/remote/http/jdk/JdkHttpMessages
instanceKlass org/openqa/selenium/remote/http/WebSocket
instanceKlass java/net/http/WebSocket$Listener
instanceKlass java/net/Authenticator
instanceKlass org/openqa/selenium/remote/http/jdk/JdkHttpClient
instanceKlass org/openqa/selenium/logging/LocalLogs
instanceKlass org/openqa/selenium/remote/http/HttpClientName
instanceKlass java/util/concurrent/ForkJoinPool$DefaultForkJoinWorkerThreadFactory$1
instanceKlass org/openqa/selenium/remote/http/HttpClient
instanceKlass org/openqa/selenium/remote/http/jdk/JdkHttpClient$Factory
instanceKlass org/openqa/selenium/remote/http/HttpClient$Factory$$Lambda$349
instanceKlass org/openqa/selenium/remote/http/HttpClient$Factory$$Lambda$348
instanceKlass org/openqa/selenium/remote/HttpCommandExecutor$DefaultClientFactoryHolder
instanceKlass org/openqa/selenium/chromium/ChromiumDriverCommandExecutor$$Lambda$347
instanceKlass org/openqa/selenium/chromium/ChromiumDriverCommandExecutor$$Lambda$346
instanceKlass org/openqa/selenium/chromium/ChromiumDriverCommandExecutor$$Lambda$345
instanceKlass org/openqa/selenium/chromium/AddHasLaunchApp
instanceKlass org/openqa/selenium/chromium/AddHasPermissions
instanceKlass org/openqa/selenium/chromium/AddHasNetworkConditions
instanceKlass java/util/ImmutableCollections$MapN$MapNIterator
instanceKlass java/util/stream/Collectors$$Lambda$344
instanceKlass org/openqa/selenium/chrome/ChromeDriver$ChromeDriverCommandExecutor$$Lambda$343
instanceKlass org/openqa/selenium/chrome/ChromeDriver$ChromeDriverCommandExecutor$$Lambda$342
instanceKlass org/openqa/selenium/chrome/ChromeDriver$ChromeDriverCommandExecutor$$Lambda$341
instanceKlass org/openqa/selenium/chromium/AddHasCdp
instanceKlass org/openqa/selenium/remote/CommandInfo
instanceKlass org/openqa/selenium/chromium/AddHasCasting
instanceKlass org/openqa/selenium/remote/AdditionalHttpCommands
instanceKlass org/openqa/selenium/remote/AugmenterProvider
instanceKlass org/openqa/selenium/logging/LogEntry
instanceKlass org/openqa/selenium/remote/HttpCommandExecutor
instanceKlass org/openqa/selenium/logging/NeedsLocalLogs
instanceKlass sun/nio/ch/FileChannelImpl$Closer
instanceKlass sun/nio/ch/NativeDispatcher
instanceKlass sun/nio/ch/NativeThreadSet
instanceKlass sun/nio/ch/IOUtil$1
instanceKlass sun/nio/ch/IOUtil
instanceKlass java/nio/file/attribute/FileAttribute
instanceKlass java/nio/channels/spi/AbstractInterruptibleChannel
instanceKlass java/nio/channels/InterruptibleChannel
instanceKlass java/nio/channels/ScatteringByteChannel
instanceKlass java/nio/channels/GatheringByteChannel
instanceKlass java/nio/channels/SeekableByteChannel
instanceKlass java/nio/channels/ByteChannel
instanceKlass java/nio/channels/WritableByteChannel
instanceKlass java/nio/channels/ReadableByteChannel
instanceKlass java/nio/channels/Channel
instanceKlass sun/nio/fs/WindowsChannelFactory$Flags
instanceKlass sun/nio/fs/WindowsChannelFactory$1
instanceKlass sun/nio/fs/WindowsChannelFactory
instanceKlass org/openqa/selenium/internal/Require$PathStateChecker
instanceKlass org/openqa/selenium/manager/SeleniumManager$$Lambda$340
instanceKlass org/openqa/selenium/json/StringCoercer$1
instanceKlass org/openqa/selenium/json/StringCoercer$$Lambda$339
instanceKlass org/openqa/selenium/json/NumberCoercer$1
instanceKlass org/openqa/selenium/json/NumberCoercer$$Lambda$338
instanceKlass java/math/MathContext
instanceKlass org/openqa/selenium/json/StaticInitializerCoercer$$Lambda$337
instanceKlass org/openqa/selenium/json/CollectionCoercer$$Lambda$336
instanceKlass org/openqa/selenium/json/JsonInputIterator
instanceKlass org/openqa/selenium/json/CollectionCoercer$$Lambda$335
instanceKlass org/openqa/selenium/manager/SeleniumManagerOutput$Log
instanceKlass sun/reflect/generics/tree/MethodTypeSignature
instanceKlass sun/reflect/generics/tree/VoidDescriptor
instanceKlass org/openqa/selenium/json/InstanceCoercer$$Lambda$334
instanceKlass org/openqa/selenium/json/InstanceCoercer$$Lambda$333
instanceKlass org/openqa/selenium/json/InstanceCoercer$TypeAndWriter
instanceKlass org/openqa/selenium/json/InstanceCoercer$$Lambda$332
instanceKlass org/openqa/selenium/json/InstanceCoercer$$Lambda$331
instanceKlass org/openqa/selenium/json/SimplePropertyDescriptor$$Lambda$330
instanceKlass org/openqa/selenium/json/SimplePropertyDescriptor$$Lambda$329
instanceKlass org/openqa/selenium/json/SimplePropertyDescriptor
instanceKlass org/openqa/selenium/json/InstanceCoercer$1
instanceKlass org/openqa/selenium/json/JsonTypeCoercer$$Lambda$328
instanceKlass org/openqa/selenium/json/JsonTypeCoercer$$Lambda$327
instanceKlass org/openqa/selenium/json/JsonTypeCoercer$$Lambda$326
instanceKlass org/openqa/selenium/json/InstanceCoercer$$Lambda$325
instanceKlass org/openqa/selenium/json/JsonTypeCoercer$$Lambda$324
instanceKlass org/openqa/selenium/json/StaticInitializerCoercer$$Lambda$323
instanceKlass org/openqa/selenium/json/StaticInitializerCoercer$$Lambda$322
instanceKlass org/openqa/selenium/json/StaticInitializerCoercer$$Lambda$321
instanceKlass org/openqa/selenium/json/Types
instanceKlass org/openqa/selenium/json/JsonTypeCoercer$$Lambda$320
instanceKlass org/openqa/selenium/json/JsonTypeCoercer$$Lambda$319
instanceKlass org/openqa/selenium/json/Input
instanceKlass org/openqa/selenium/json/JsonInput
instanceKlass org/openqa/selenium/manager/SeleniumManagerOutput
instanceKlass org/openqa/selenium/json/JsonTypeCoercer$$Lambda$318
instanceKlass org/openqa/selenium/json/JsonTypeCoercer$$Lambda$317
instanceKlass org/openqa/selenium/json/JsonTypeCoercer$$Lambda$316
instanceKlass org/openqa/selenium/json/JsonTypeCoercer$$Lambda$315
instanceKlass java/util/stream/Collectors$$Lambda$314
instanceKlass java/util/stream/Collectors$$Lambda$313
instanceKlass org/openqa/selenium/json/JsonTypeCoercer$$Lambda$312
instanceKlass org/openqa/selenium/json/JsonTypeCoercer$$Lambda$311
instanceKlass org/openqa/selenium/json/JsonTypeCoercer$$Lambda$310
instanceKlass org/openqa/selenium/json/JsonTypeCoercer$$Lambda$309
instanceKlass org/openqa/selenium/json/JsonTypeCoercer$$Lambda$308
instanceKlass org/openqa/selenium/json/JsonTypeCoercer$$Lambda$307
instanceKlass org/openqa/selenium/json/JsonTypeCoercer$$Lambda$306
instanceKlass java/lang/invoke/LambdaForm$DMH
instanceKlass org/openqa/selenium/json/JsonTypeCoercer$$Lambda$305
instanceKlass org/openqa/selenium/json/JsonTypeCoercer$$Lambda$304
instanceKlass java/lang/invoke/LambdaForm$DMH
instanceKlass org/openqa/selenium/json/JsonTypeCoercer$$Lambda$303
instanceKlass java/lang/invoke/LambdaForm$DMH
instanceKlass org/openqa/selenium/json/JsonTypeCoercer$$Lambda$302
instanceKlass java/util/function/Function$$Lambda$301
instanceKlass java/lang/invoke/LambdaForm$DMH
instanceKlass java/util/RegularEnumSet$EnumSetIterator
instanceKlass org/openqa/selenium/json/JsonTypeCoercer$$Lambda$300
instanceKlass org/openqa/selenium/json/TypeCoercer
instanceKlass org/openqa/selenium/json/JsonTypeCoercer
instanceKlass org/openqa/selenium/json/TypeToken
instanceKlass org/openqa/selenium/json/Json
instanceKlass java/lang/invoke/LambdaForm$MH
instanceKlass java/lang/invoke/LambdaForm$MH
instanceKlass java/lang/invoke/LambdaForm$MH
instanceKlass java/lang/invoke/LambdaForm$MH
instanceKlass java/lang/invoke/LambdaForm$MH
instanceKlass java/lang/invoke/LambdaForm$MH
instanceKlass java/lang/invoke/LambdaForm$MH
instanceKlass java/lang/invoke/LambdaForm$MH
instanceKlass java/lang/invoke/LambdaForm$MH
instanceKlass java/lang/invoke/LambdaForm$MH
instanceKlass java/lang/invoke/LambdaForm$MH
instanceKlass org/openqa/selenium/os/ExternalProcess$Builder$$Lambda$299
instanceKlass java/lang/ProcessImpl$2
instanceKlass java/util/concurrent/SynchronousQueue$TransferStack$SNode
instanceKlass java/util/concurrent/SynchronousQueue$Transferer
instanceKlass java/lang/ProcessHandleImpl$$Lambda$298
instanceKlass java/lang/invoke/LambdaForm$DMH
instanceKlass java/lang/invoke/LambdaForm$DMH
instanceKlass java/lang/ProcessHandleImpl$$Lambda$297
instanceKlass java/lang/ProcessHandleImpl
instanceKlass java/lang/ProcessHandle
instanceKlass java/lang/invoke/LambdaForm$MH
instanceKlass java/lang/invoke/LambdaForm$DMH
instanceKlass java/lang/invoke/LambdaForm$DMH
instanceKlass java/lang/ProcessImpl$$Lambda$296
instanceKlass java/lang/invoke/LambdaForm$DMH
instanceKlass java/lang/Process
instanceKlass java/lang/ProcessBuilder
instanceKlass org/openqa/selenium/os/ExternalProcess$Builder
instanceKlass org/openqa/selenium/os/ExternalProcess
instanceKlass java/nio/file/FileStore
instanceKlass sun/nio/fs/WindowsSecurity
instanceKlass sun/nio/fs/AbstractAclFileAttributeView
instanceKlass java/nio/file/attribute/AclFileAttributeView
instanceKlass java/nio/file/attribute/FileOwnerAttributeView
instanceKlass sun/nio/fs/WindowsLinkSupport
instanceKlass sun/nio/fs/WindowsFileSystemProvider$1
instanceKlass org/openqa/selenium/Proxy
instanceKlass java/util/stream/StreamSpliterators$WrappingSpliterator$$Lambda$295
instanceKlass java/util/stream/Streams$2
instanceKlass java/util/stream/StreamSpliterators$AbstractWrappingSpliterator
instanceKlass java/util/stream/AbstractPipeline$$Lambda$294
instanceKlass java/util/stream/Streams$ConcatSpliterator
instanceKlass org/openqa/selenium/chromium/ChromiumOptions$$Lambda$293
instanceKlass org/openqa/selenium/remote/AbstractDriverOptions$$Lambda$292
instanceKlass org/openqa/selenium/manager/SeleniumManagerOutput$Result
instanceKlass org/openqa/selenium/manager/SeleniumManager$$Lambda$291
instanceKlass java/lang/invoke/LambdaForm$DMH
instanceKlass org/openqa/selenium/manager/SeleniumManager
instanceKlass org/openqa/selenium/remote/service/DriverFinder
instanceKlass org/openqa/selenium/BuildInfo
instanceKlass org/openqa/selenium/remote/http/AddSeleniumUserAgent
instanceKlass org/openqa/selenium/internal/Debug$$Lambda$290
instanceKlass sun/management/Util
instanceKlass sun/management/spi/PlatformMBeanProvider$PlatformComponent$$Lambda$289
instanceKlass sun/management/spi/PlatformMBeanProvider$PlatformComponent$$Lambda$288
instanceKlass sun/management/RuntimeImpl
instanceKlass java/lang/management/ManagementFactory$PlatformMBeanFinder$$Lambda$287
instanceKlass java/lang/management/ManagementFactory$PlatformMBeanFinder$$Lambda$286
instanceKlass jdk/management/jfr/internal/FlightRecorderMXBeanProvider$SingleMBeanComponent
instanceKlass jdk/management/jfr/FlightRecorderMXBean
instanceKlass java/lang/management/ManagementFactory$PlatformMBeanFinder$$Lambda$285
instanceKlass java/lang/management/ManagementFactory$PlatformMBeanFinder$$Lambda$284
instanceKlass java/util/stream/Collectors$$Lambda$283
instanceKlass java/lang/management/ManagementFactory$PlatformMBeanFinder$$Lambda$282
instanceKlass java/lang/invoke/LambdaForm$DMH
instanceKlass java/lang/management/ManagementFactory$PlatformMBeanFinder$$Lambda$281
instanceKlass java/lang/management/ManagementFactory$PlatformMBeanFinder$$Lambda$280
instanceKlass java/lang/management/DefaultPlatformMBeanProvider$11
instanceKlass java/lang/management/DefaultPlatformMBeanProvider$10
instanceKlass java/lang/management/DefaultPlatformMBeanProvider$9
instanceKlass sun/management/ManagementFactoryHelper$LoggingMXBeanAccess$1
instanceKlass sun/management/ManagementFactoryHelper$LoggingMXBeanAccess
instanceKlass java/lang/management/DefaultPlatformMBeanProvider$8
instanceKlass java/lang/management/DefaultPlatformMBeanProvider$7
instanceKlass java/lang/management/DefaultPlatformMBeanProvider$6
instanceKlass java/lang/management/DefaultPlatformMBeanProvider$5
instanceKlass java/lang/management/DefaultPlatformMBeanProvider$4
instanceKlass java/lang/management/DefaultPlatformMBeanProvider$3
instanceKlass java/lang/management/DefaultPlatformMBeanProvider$2
instanceKlass java/lang/management/DefaultPlatformMBeanProvider$1
instanceKlass com/sun/management/internal/PlatformMBeanProviderImpl$5
instanceKlass sun/management/VMManagementImpl
instanceKlass sun/management/VMManagement
instanceKlass sun/management/ManagementFactoryHelper
instanceKlass sun/management/NotificationEmitterSupport
instanceKlass javax/management/NotificationEmitter
instanceKlass javax/management/NotificationBroadcaster
instanceKlass com/sun/management/DiagnosticCommandMBean
instanceKlass javax/management/DynamicMBean
instanceKlass com/sun/management/internal/PlatformMBeanProviderImpl$4
instanceKlass com/sun/management/internal/PlatformMBeanProviderImpl$3
instanceKlass com/sun/management/internal/PlatformMBeanProviderImpl$2
instanceKlass com/sun/management/internal/PlatformMBeanProviderImpl$1
instanceKlass sun/management/spi/PlatformMBeanProvider$PlatformComponent
instanceKlass com/sun/management/internal/PlatformMBeanProviderImpl$$Lambda$279
instanceKlass java/lang/management/ManagementFactory$PlatformMBeanFinder$$Lambda$278
instanceKlass sun/management/spi/PlatformMBeanProvider
instanceKlass java/lang/management/ManagementFactory$PlatformMBeanFinder$$Lambda$277
instanceKlass java/lang/management/ManagementFactory$PlatformMBeanFinder
instanceKlass java/lang/management/RuntimeMXBean
instanceKlass java/lang/management/PlatformManagedObject
instanceKlass java/lang/management/ManagementFactory$$Lambda$276
instanceKlass java/lang/management/ManagementFactory
instanceKlass org/openqa/selenium/internal/Debug
instanceKlass org/openqa/selenium/remote/http/Routable
instanceKlass org/openqa/selenium/remote/http/HttpHandler
instanceKlass org/openqa/selenium/remote/http/RetryRequest
instanceKlass org/openqa/selenium/remote/http/Filter
instanceKlass org/openqa/selenium/remote/http/ClientConfig
instanceKlass java/util/concurrent/ThreadPoolExecutor$AbortPolicy
instanceKlass java/util/concurrent/RejectedExecutionHandler
instanceKlass java/util/concurrent/Executors
instanceKlass org/openqa/selenium/remote/service/DriverService$$Lambda$275
instanceKlass java/util/concurrent/atomic/Striped64$1
instanceKlass java/net/InetAddress$CachedAddresses
instanceKlass sun/net/InetAddressCachePolicy$2
instanceKlass sun/net/InetAddressCachePolicy$1
instanceKlass sun/net/InetAddressCachePolicy
instanceKlass java/net/InetAddress$NameServiceAddresses
instanceKlass java/net/InetAddress$Addresses
instanceKlass java/util/concurrent/ConcurrentSkipListMap$Iter
instanceKlass java/net/ServerSocket$2
instanceKlass jdk/internal/misc/JavaNetSocketAccess
instanceKlass java/net/ServerSocket
instanceKlass org/openqa/selenium/net/FixedIANAPortRange
instanceKlass org/openqa/selenium/net/EphemeralPortRangeDetector
instanceKlass org/openqa/selenium/net/PortProber
instanceKlass org/openqa/selenium/remote/service/DriverService$Builder
instanceKlass org/openqa/selenium/chromium/ChromiumDriver$$Lambda$274
instanceKlass org/openqa/selenium/remote/service/DriverService
instanceKlass org/openqa/selenium/devtools/CdpInfo
instanceKlass org/openqa/selenium/federatedcredentialmanagement/FederatedCredentialManagementDialog
instanceKlass org/openqa/selenium/remote/CommandExecutor
instanceKlass org/openqa/selenium/remote/http/HttpClient$Factory
instanceKlass org/openqa/selenium/remote/tracing/Tracer
instanceKlass org/openqa/selenium/WebDriver$Navigation
instanceKlass org/openqa/selenium/virtualauthenticator/VirtualAuthenticator
instanceKlass org/openqa/selenium/remote/Network
instanceKlass org/openqa/selenium/WebDriver$TargetLocator
instanceKlass org/openqa/selenium/WebDriver$Options
instanceKlass org/openqa/selenium/remote/Script
instanceKlass org/openqa/selenium/logging/Logs
instanceKlass org/openqa/selenium/remote/ExecuteMethod
instanceKlass org/openqa/selenium/remote/FileDetector
instanceKlass org/openqa/selenium/ScriptKey
instanceKlass org/openqa/selenium/remote/RemoteWebDriver
instanceKlass org/openqa/selenium/TakesScreenshot
instanceKlass org/openqa/selenium/PrintsPage
instanceKlass org/openqa/selenium/interactions/Interactive
instanceKlass org/openqa/selenium/virtualauthenticator/HasVirtualAuthenticator
instanceKlass org/openqa/selenium/federatedcredentialmanagement/HasFederatedCredentialManagement
instanceKlass org/openqa/selenium/HasDownloads
instanceKlass org/openqa/selenium/HasCapabilities
instanceKlass org/openqa/selenium/JavascriptExecutor
instanceKlass org/openqa/selenium/html5/WebStorage
instanceKlass org/openqa/selenium/html5/LocationContext
instanceKlass org/openqa/selenium/chromium/HasPermissions
instanceKlass org/openqa/selenium/chromium/HasNetworkConditions
instanceKlass org/openqa/selenium/logging/HasLogEvents
instanceKlass org/openqa/selenium/chromium/HasLaunchApp
instanceKlass org/openqa/selenium/devtools/HasDevTools
instanceKlass org/openqa/selenium/chromium/HasCdp
instanceKlass org/openqa/selenium/chromium/HasCasting
instanceKlass org/openqa/selenium/bidi/HasBiDi
instanceKlass org/openqa/selenium/HasAuthentication
instanceKlass org/openqa/selenium/SharedCapabilitiesMethods
instanceKlass org/openqa/selenium/internal/Require
instanceKlass org/openqa/selenium/remote/Browser$$Lambda$273
instanceKlass org/openqa/selenium/remote/Browser$3
instanceKlass org/openqa/selenium/remote/Browser$$Lambda$272
instanceKlass org/openqa/selenium/remote/Browser$$Lambda$271
instanceKlass org/openqa/selenium/remote/Browser$$Lambda$270
instanceKlass org/openqa/selenium/remote/Browser$$Lambda$269
instanceKlass org/openqa/selenium/remote/Browser$2
instanceKlass org/openqa/selenium/remote/Browser$1
instanceKlass org/openqa/selenium/remote/Browser
instanceKlass org/openqa/selenium/MutableCapabilities
instanceKlass org/openqa/selenium/Capabilities
instanceKlass java/util/concurrent/Callable
instanceKlass org/testng/IHookCallBack
instanceKlass org/testng/IConfigureCallBack
instanceKlass org/testng/internal/invokers/MethodInvocationHelper
instanceKlass org/testng/Reporter
instanceKlass com/intellij/rt/execution/junit/MapSerializerUtil$1
instanceKlass com/intellij/rt/execution/junit/MapSerializerUtil$EscapeInfoProvider
instanceKlass com/intellij/rt/execution/junit/MapSerializerUtil
instanceKlass com/intellij/rt/testng/IDEATestNGRemoteListener$DelegatedResult
instanceKlass io/qameta/allure/listener/LifecycleNotifier$$Lambda$268
instanceKlass io/qameta/allure/listener/LifecycleNotifier$$Lambda$267
instanceKlass io/qameta/allure/AllureLifecycle$$Lambda$266
instanceKlass io/qameta/allure/Description
instanceKlass io/qameta/allure/testng/AllureTestNg$$Lambda$265
instanceKlass io/qameta/allure/testng/AllureTestNg$$Lambda$264
instanceKlass java/lang/invoke/LambdaForm$DMH
instanceKlass io/qameta/allure/util/ResultsUtils$$Lambda$263
instanceKlass io/qameta/allure/util/ResultsUtils$$Lambda$262
instanceKlass io/qameta/allure/util/ResultsUtils
instanceKlass io/qameta/allure/model/FixtureResult
instanceKlass io/qameta/allure/model/ExecutableItem
instanceKlass io/qameta/allure/model/WithSteps
instanceKlass io/qameta/allure/model/WithStatusDetails
instanceKlass io/qameta/allure/model/WithStatus
instanceKlass io/qameta/allure/model/WithParameters
instanceKlass io/qameta/allure/model/WithAttachments
instanceKlass org/testng/internal/invokers/InvokedMethodListenerInvoker
instanceKlass org/testng/internal/invokers/InvokedMethod
instanceKlass java/util/AbstractList$RandomAccessSpliterator
instanceKlass java/util/stream/Collectors$$Lambda$261
instanceKlass java/util/stream/Collectors$$Lambda$260
instanceKlass java/util/stream/Collectors$$Lambda$259
instanceKlass java/util/stream/Collectors$$Lambda$258
instanceKlass org/testng/TestRunner$$Lambda$257
instanceKlass org/testng/TestRunner$$Lambda$256
instanceKlass org/testng/internal/ClassBasedWrapper
instanceKlass org/testng/internal/Parameters$$Lambda$255
instanceKlass java/lang/invoke/LambdaForm$MH
instanceKlass java/lang/invoke/LambdaForm$DMH
instanceKlass java/lang/invoke/LambdaForm$MH
instanceKlass java/lang/invoke/LambdaForm$DMH
instanceKlass java/lang/invoke/LambdaForm$MH
instanceKlass java/lang/invoke/LambdaForm$DMH
instanceKlass java/lang/invoke/LambdaForm$MH
instanceKlass java/lang/invoke/LambdaForm$DMH
instanceKlass java/lang/invoke/LambdaForm$MH
instanceKlass java/lang/invoke/LambdaForm$MH
instanceKlass java/lang/invoke/LambdaForm$MH
instanceKlass java/lang/invoke/LambdaForm$MH
instanceKlass java/lang/invoke/LambdaForm$MH
instanceKlass java/lang/invoke/LambdaForm$MH
instanceKlass java/lang/invoke/LambdaForm$MH
instanceKlass java/lang/invoke/LambdaForm$MH
instanceKlass org/testng/internal/invokers/ConfigInvoker$$Lambda$254
instanceKlass java/lang/invoke/LambdaForm$DMH
instanceKlass org/testng/internal/invokers/ConfigInvoker$$Lambda$253
instanceKlass org/testng/internal/invokers/GroupConfigMethodArguments$Builder
instanceKlass org/testng/internal/TestResult
instanceKlass java/lang/invoke/LambdaForm$MH
instanceKlass java/lang/invoke/LambdaForm$MH
instanceKlass java/lang/invoke/LambdaForm$MH
instanceKlass java/lang/invoke/LambdaForm$MH
instanceKlass java/lang/invoke/LambdaForm$MH
instanceKlass java/lang/invoke/LambdaForm$MH
instanceKlass java/lang/invoke/LambdaForm$MH
instanceKlass java/lang/invoke/LambdaForm$MH
instanceKlass java/lang/invoke/LambdaForm$MH
instanceKlass java/lang/invoke/LambdaForm$MH
instanceKlass java/lang/invoke/LambdaForm$MH
instanceKlass java/lang/invoke/LambdaForm$MH
instanceKlass java/lang/invoke/LambdaForm$MH
instanceKlass java/lang/invoke/LambdaForm$MH
instanceKlass java/lang/invoke/LambdaForm$MH
instanceKlass org/testng/internal/thread/ThreadUtil
instanceKlass org/testng/internal/reflect/ReflectionRecipes$ListBackedImmutableQueue
instanceKlass org/testng/internal/reflect/InjectableParameter$Assistant
instanceKlass org/testng/internal/reflect/AbstractMethodMatcher
instanceKlass org/testng/internal/reflect/ReflectionRecipes
instanceKlass org/testng/internal/reflect/MethodMatcherContext
instanceKlass org/testng/collections/CollectionUtils$$Lambda$252
instanceKlass org/testng/collections/CollectionUtils
instanceKlass org/testng/internal/invokers/MethodRunner
instanceKlass org/testng/internal/invokers/ParameterHandler$ParameterBag
instanceKlass org/testng/internal/invokers/ParameterHolder
instanceKlass org/testng/internal/collections/ArrayIterator
instanceKlass org/testng/IDataProviderMethod
instanceKlass org/testng/internal/reflect/MethodMatcher
instanceKlass org/testng/internal/Parameters
instanceKlass org/testng/internal/Parameters$MethodParameters
instanceKlass org/testng/internal/invokers/ParameterHandler
instanceKlass org/testng/internal/invokers/ITestInvoker$FailureContext
instanceKlass org/testng/internal/invokers/TestInvoker$MethodInvocationAgent
instanceKlass org/testng/internal/invokers/TestMethodArguments$Builder
instanceKlass org/testng/internal/invokers/TestNgMethodUtils$$Lambda$251
instanceKlass org/testng/internal/invokers/TestNgMethodUtils
instanceKlass java/lang/invoke/LambdaForm$MH
instanceKlass java/lang/invoke/LambdaForm$MH
instanceKlass java/lang/invoke/LambdaForm$MH
instanceKlass java/lang/invoke/LambdaForm$MH
instanceKlass java/lang/invoke/LambdaForm$MH
instanceKlass java/lang/invoke/LambdaForm$MH
instanceKlass org/testng/internal/invokers/Arguments
instanceKlass org/testng/internal/invokers/ConfigMethodArguments$Builder
instanceKlass org/testng/internal/invokers/TestMethodWorker$$Lambda$250
instanceKlass org/testng/internal/KeyAwareAutoCloseableLock$AutoReleasable$$Lambda$249
instanceKlass org/testng/internal/KeyAwareAutoCloseableLock$$Lambda$248
instanceKlass org/testng/internal/KeyAwareAutoCloseableLock$AutoReleasable
instanceKlass org/testng/internal/KeyAwareAutoCloseableLock$$Lambda$247
instanceKlass org/testng/internal/BaseTestMethod$$Lambda$246
instanceKlass org/testng/TestRunner$$Lambda$245
instanceKlass java/lang/invoke/LambdaForm$DMH
instanceKlass org/testng/TestRunner$$Lambda$244
instanceKlass org/testng/TestRunner$$Lambda$243
instanceKlass org/testng/internal/invokers/ClassBasedParallelWorker$$Lambda$242
instanceKlass java/util/Collections$2
instanceKlass org/testng/internal/KeyAwareAutoCloseableLock
instanceKlass org/testng/internal/invokers/TestMethodWorker
instanceKlass org/testng/internal/invokers/ClassBasedParallelWorker$$Lambda$241
instanceKlass org/testng/internal/XmlTestUtils
instanceKlass org/testng/internal/invokers/ClassBasedParallelWorker$$Lambda$240
instanceKlass java/util/ArrayList$SubList$1
instanceKlass org/testng/internal/invokers/AbstractParallelWorker
instanceKlass org/testng/internal/invokers/AbstractParallelWorker$Arguments
instanceKlass org/testng/internal/invokers/AbstractParallelWorker$Arguments$Builder
instanceKlass org/testng/internal/TestMethodComparator
instanceKlass org/testng/internal/DynamicGraph$$Lambda$239
instanceKlass org/testng/internal/DynamicGraphHelper$$Lambda$238
instanceKlass org/testng/internal/DynamicGraphHelper$$Lambda$237
instanceKlass org/testng/internal/DynamicGraphHelper$$Lambda$236
instanceKlass org/testng/internal/DynamicGraphHelper$$Lambda$235
instanceKlass org/testng/internal/DynamicGraphHelper$$Lambda$234
instanceKlass org/testng/collections/MultiMap$$Lambda$233
instanceKlass org/testng/DependencyMap
instanceKlass org/testng/internal/DynamicGraph$Edges
instanceKlass org/testng/internal/DynamicGraph
instanceKlass org/testng/internal/DynamicGraphHelper
instanceKlass org/testng/TestRunner$$Lambda$232
instanceKlass org/testng/internal/MethodHelper$$Lambda$231
instanceKlass java/util/stream/SortedOps$RefSortingSink$$Lambda$230
instanceKlass io/qameta/allure/testfilter/TestPlanV1_0
instanceKlass java/util/Comparator$$Lambda$229
instanceKlass java/lang/invoke/LambdaForm$DMH
instanceKlass java/util/Comparators$NullComparator
instanceKlass io/qameta/allure/testng/AllureTestNgTestFilter$$Lambda$228
instanceKlass io/qameta/allure/testng/AllureTestNgTestFilter$$Lambda$227
instanceKlass io/qameta/allure/testng/AllureTestNgTestFilter$$Lambda$226
instanceKlass org/testng/internal/MethodInstance$1
instanceKlass org/testng/internal/MethodHelper$$Lambda$225
instanceKlass org/testng/internal/MethodInstance
instanceKlass io/qameta/allure/testng/AllureTestNg$$Lambda$224
instanceKlass io/qameta/allure/testng/AllureTestNg$$Lambda$223
instanceKlass java/lang/invoke/LambdaForm$DMH
instanceKlass io/qameta/allure/testng/AllureTestNg$$Lambda$222
instanceKlass io/qameta/allure/testng/AllureTestNg$$Lambda$221
instanceKlass java/lang/invoke/LambdaForm$DMH
instanceKlass io/qameta/allure/testng/AllureTestNg$$Lambda$220
instanceKlass java/util/stream/DistinctOps
instanceKlass io/qameta/allure/testng/AllureTestNg$$Lambda$219
instanceKlass io/qameta/allure/AllureLifecycle$$Lambda$218
instanceKlass io/qameta/allure/internal/AllureStorage$$Lambda$217
instanceKlass io/qameta/allure/internal/AllureStorage$$Lambda$216
instanceKlass java/lang/invoke/LambdaForm$MH
instanceKlass java/lang/invoke/LambdaForm$DMH
instanceKlass java/lang/invoke/LambdaForm$MH
instanceKlass java/lang/invoke/LambdaForm$DMH
instanceKlass java/lang/invoke/LambdaForm$MH
instanceKlass java/lang/invoke/LambdaForm$MH
instanceKlass java/lang/invoke/LambdaForm$MH
instanceKlass java/lang/invoke/LambdaForm$MH
instanceKlass java/lang/invoke/LambdaForm$MH
instanceKlass java/lang/invoke/LambdaForm$MH
instanceKlass java/lang/invoke/LambdaForm$MH
instanceKlass java/lang/invoke/LambdaForm$MH
instanceKlass java/lang/invoke/LambdaForm$MH
instanceKlass java/lang/invoke/LambdaForm$MH
instanceKlass java/lang/invoke/LambdaForm$MH
instanceKlass java/lang/invoke/LambdaForm$MH
instanceKlass java/lang/invoke/LambdaForm$BMH
instanceKlass java/lang/invoke/LambdaForm$DMH
instanceKlass java/lang/invoke/LambdaForm$MH
instanceKlass java/lang/invoke/LambdaForm$MH
instanceKlass java/lang/invoke/LambdaForm$MH
instanceKlass java/lang/invoke/LambdaForm$MH
instanceKlass java/lang/invoke/LambdaForm$MH
instanceKlass java/lang/invoke/LambdaForm$MH
instanceKlass java/lang/invoke/LambdaForm$MH
instanceKlass java/lang/invoke/LambdaForm$MH
instanceKlass java/lang/invoke/LambdaForm$MH
instanceKlass java/lang/invoke/LambdaForm$MH
instanceKlass java/lang/invoke/LambdaForm$MH
instanceKlass java/lang/invoke/LambdaForm$MH
instanceKlass java/lang/invoke/LambdaForm$MH
instanceKlass java/lang/invoke/LambdaForm$MH
instanceKlass java/lang/invoke/LambdaForm$MH
instanceKlass java/lang/invoke/LambdaForm$MH
instanceKlass java/lang/invoke/LambdaForm$MH
instanceKlass java/lang/invoke/LambdaForm$MH
instanceKlass java/lang/invoke/LambdaForm$MH
instanceKlass java/lang/invoke/LambdaForm$MH
instanceKlass java/lang/invoke/LambdaForm$MH
instanceKlass java/lang/invoke/LambdaForm$MH
instanceKlass java/lang/invoke/LambdaForm$MH
instanceKlass org/testng/util/Strings$$Lambda$215
instanceKlass org/testng/SuiteRunner$$Lambda$214
instanceKlass java/lang/invoke/LambdaForm$MH
instanceKlass java/lang/invoke/LambdaForm$MH
instanceKlass java/lang/invoke/LambdaForm$MH
instanceKlass java/lang/invoke/LambdaForm$MH
instanceKlass java/lang/invoke/LambdaForm$MH
instanceKlass java/lang/invoke/LambdaForm$MH
instanceKlass java/lang/invoke/LambdaForm$MH
instanceKlass java/lang/invoke/LambdaForm$MH
instanceKlass java/lang/invoke/LambdaForm$MH
instanceKlass java/lang/invoke/LambdaForm$MH
instanceKlass java/lang/invoke/LambdaForm$MH
instanceKlass java/lang/invoke/LambdaForm$MH
instanceKlass java/lang/invoke/LambdaForm$MH
instanceKlass org/testng/SuiteRunner$$Lambda$213
instanceKlass org/testng/SuiteRunner$$Lambda$212
instanceKlass io/qameta/allure/listener/LifecycleNotifier$$Lambda$211
instanceKlass io/qameta/allure/listener/LifecycleNotifier$$Lambda$210
instanceKlass io/qameta/allure/listener/LifecycleNotifier$$Lambda$209
instanceKlass io/qameta/allure/model/TestResultContainer
instanceKlass io/qameta/allure/model/WithLinks
instanceKlass org/testng/internal/ListenerOrderDeterminer$$Lambda$208
instanceKlass org/testng/SuiteRunnerWorker
instanceKlass org/testng/thread/IWorker
instanceKlass org/testng/TestNG$$Lambda$207
instanceKlass org/testng/TestRunner$$Lambda$206
instanceKlass org/testng/TestRunner$$Lambda$205
instanceKlass org/testng/internal/DefaultListenerFactory
instanceKlass org/testng/internal/TestListenerHelper$$Lambda$204
instanceKlass org/testng/internal/TestListenerHelper$$Lambda$203
instanceKlass org/testng/internal/TestListenerHelper$$Lambda$202
instanceKlass org/testng/internal/TestListenerHelper$ListenerHolder
instanceKlass org/testng/internal/TestListenerHelper
instanceKlass org/testng/internal/ConfigurationGroupMethods
instanceKlass org/testng/ClassMethodMap$$Lambda$201
instanceKlass org/testng/ClassMethodMap
instanceKlass org/testng/internal/NoOpTestClass$$Lambda$200
instanceKlass org/testng/internal/NoOpTestClass$$Lambda$199
instanceKlass org/testng/internal/NoOpTestClass$$Lambda$198
instanceKlass org/testng/internal/NoOpTestClass$$Lambda$197
instanceKlass org/testng/TestRunner$$Lambda$196
instanceKlass org/testng/internal/NoOpTestClass$$Lambda$195
instanceKlass org/testng/internal/NoOpTestClass$$Lambda$194
instanceKlass org/testng/TestRunner$$Lambda$193
instanceKlass java/util/stream/ReduceOps$2ReducingSink
instanceKlass org/testng/TestClass$$Lambda$192
instanceKlass java/util/IdentityHashMap$IdentityHashMapSpliterator
instanceKlass org/testng/internal/NoOpTestClass$$Lambda$191
instanceKlass java/util/stream/Nodes$CollectorTask$OfRef$$Lambda$190
instanceKlass java/lang/invoke/LambdaForm$DMH
instanceKlass java/util/stream/Nodes$AbstractConcNode
instanceKlass java/util/stream/Nodes$CollectorTask$OfRef$$Lambda$189
instanceKlass java/util/function/LongFunction
instanceKlass java/lang/invoke/LambdaForm$DMH
instanceKlass java/util/stream/AbstractPipeline$$Lambda$188
instanceKlass org/testng/internal/Graph$$Lambda$187
instanceKlass org/testng/internal/Graph$$Lambda$186
instanceKlass java/util/stream/Collectors$$Lambda$185
instanceKlass org/testng/internal/Graph$$Lambda$184
instanceKlass org/testng/internal/Graph$$Lambda$183
instanceKlass java/util/function/Function$$Lambda$182
instanceKlass org/testng/internal/Graph$$Lambda$181
instanceKlass org/testng/internal/Graph$$Lambda$180
instanceKlass org/testng/internal/Graph$$Lambda$179
instanceKlass org/testng/internal/MethodHelper$$Lambda$178
instanceKlass org/testng/internal/MethodHelper$$Lambda$177
instanceKlass org/testng/internal/MethodHelper$$Lambda$176
instanceKlass org/testng/internal/MethodHelper$$Lambda$175
instanceKlass org/testng/internal/MethodInheritance$$Lambda$174
instanceKlass java/lang/invoke/LambdaForm$DMH
instanceKlass org/testng/internal/MethodInheritance$$Lambda$173
instanceKlass org/testng/internal/MethodInheritance$$Lambda$172
instanceKlass org/testng/internal/MethodInheritance$$Lambda$171
instanceKlass org/testng/internal/MethodInheritance$$Lambda$170
instanceKlass org/testng/internal/MethodInheritance$$Lambda$169
instanceKlass org/testng/internal/MethodInheritance
instanceKlass java/lang/invoke/LambdaForm$MH
instanceKlass java/lang/invoke/LambdaForm$MH
instanceKlass java/lang/invoke/LambdaForm$MH
instanceKlass java/lang/invoke/LambdaForm$MH
instanceKlass java/lang/invoke/LambdaForm$MH
instanceKlass java/lang/invoke/LambdaForm$MH
instanceKlass java/lang/invoke/LambdaForm$MH
instanceKlass java/lang/invoke/LambdaForm$MH
instanceKlass java/lang/invoke/LambdaForm$MH
instanceKlass java/lang/invoke/LambdaForm$MH
instanceKlass java/lang/invoke/LambdaForm$MH
instanceKlass java/lang/invoke/LambdaForm$MH
instanceKlass java/lang/invoke/LambdaForm$MH
instanceKlass java/lang/invoke/LambdaForm$MH
instanceKlass java/lang/invoke/LambdaForm$MH
instanceKlass java/lang/invoke/LambdaForm$MH
instanceKlass java/lang/invoke/LambdaForm$MH
instanceKlass org/testng/collections/MultiMap$$Lambda$168
instanceKlass org/testng/internal/MethodGroupsHelper$$Lambda$167
instanceKlass org/testng/internal/MethodGroupsHelper$$Lambda$166
instanceKlass org/testng/internal/MethodGroupsHelper$$Lambda$165
instanceKlass org/testng/internal/MethodGroupsHelper$$Lambda$164
instanceKlass org/testng/internal/DefaultMethodSelectorContext
instanceKlass org/testng/internal/ConfigurationMethod$$Lambda$163
instanceKlass org/testng/internal/ConfigurationMethod$$Lambda$162
instanceKlass java/util/concurrent/ForkJoinPool$WorkQueue
instanceKlass java/util/concurrent/ForkJoinPool$1
instanceKlass java/util/concurrent/ForkJoinPool$DefaultForkJoinWorkerThreadFactory
instanceKlass java/util/concurrent/ForkJoinPool$ForkJoinWorkerThreadFactory
instanceKlass java/util/concurrent/ForkJoinTask
instanceKlass java/util/concurrent/Future
instanceKlass java/lang/invoke/LambdaForm$MH
instanceKlass java/lang/invoke/LambdaForm$DMH
instanceKlass java/lang/invoke/LambdaForm$DMH
instanceKlass org/testng/internal/ConfigurationMethod$$Lambda$161
instanceKlass java/lang/invoke/LambdaForm$DMH
instanceKlass org/testng/internal/MethodHelper$$Lambda$160
instanceKlass org/testng/internal/Graph$Node
instanceKlass org/testng/internal/Graph
instanceKlass org/testng/internal/MethodHelper$$Lambda$159
instanceKlass java/lang/invoke/LambdaForm$DMH
instanceKlass java/lang/invoke/LambdaForm$MH
instanceKlass java/lang/invoke/LambdaForm$BMH
instanceKlass java/lang/invoke/LambdaForm$DMH
instanceKlass java/lang/invoke/LambdaForm$MH
instanceKlass java/lang/invoke/LambdaForm$MH
instanceKlass java/lang/invoke/LambdaForm$MH
instanceKlass java/lang/invoke/LambdaForm$MH
instanceKlass java/lang/invoke/LambdaForm$MH
instanceKlass java/lang/invoke/LambdaForm$DMH
instanceKlass java/lang/invoke/LambdaForm$MH
instanceKlass java/lang/invoke/LambdaForm$DMH
instanceKlass java/lang/invoke/LambdaForm$MH
instanceKlass java/lang/invoke/LambdaForm$MH
instanceKlass java/lang/invoke/LambdaForm$MH
instanceKlass java/lang/invoke/LambdaForm$MH
instanceKlass java/lang/invoke/LambdaForm$MH
instanceKlass java/lang/invoke/LambdaForm$MH
instanceKlass java/lang/invoke/LambdaForm$MH
instanceKlass java/lang/invoke/LambdaForm$DMH
instanceKlass java/lang/invoke/LambdaForm$DMH
instanceKlass java/lang/invoke/LambdaForm$MH
instanceKlass java/lang/invoke/LambdaForm$MH
instanceKlass java/lang/invoke/LambdaForm$MH
instanceKlass java/lang/invoke/LambdaForm$MH
instanceKlass java/lang/invoke/LambdaForm$MH
instanceKlass java/lang/invoke/LambdaForm$MH
instanceKlass java/time/temporal/ValueRange
instanceKlass java/time/temporal/TemporalField
instanceKlass java/time/Instant$1
instanceKlass java/time/temporal/TemporalUnit
instanceKlass java/time/Duration
instanceKlass java/time/temporal/TemporalAmount
instanceKlass org/testng/internal/MethodGroupsHelper
instanceKlass java/time/ZoneId
instanceKlass java/time/Clock
instanceKlass java/time/Instant
instanceKlass java/time/temporal/TemporalAdjuster
instanceKlass java/time/temporal/Temporal
instanceKlass java/time/temporal/TemporalAccessor
instanceKlass org/testng/util/TimeUtils
instanceKlass java/lang/invoke/LambdaForm$MH
instanceKlass java/lang/invoke/LambdaForm$DMH
instanceKlass java/lang/invoke/LambdaForm$DMH
instanceKlass org/testng/internal/MethodHelper$$Lambda$158
instanceKlass org/testng/util/TimeUtils$Task
instanceKlass java/lang/invoke/LambdaForm$DMH
instanceKlass org/testng/internal/MethodHelper
instanceKlass org/testng/internal/TestNGMethodFinder$1
instanceKlass org/testng/internal/ClassHelper$$Lambda$157
instanceKlass org/testng/internal/ClassHelper$$Lambda$156
instanceKlass org/testng/internal/ClassHelper$$Lambda$155
instanceKlass java/util/stream/Collectors$$Lambda$154
instanceKlass java/util/stream/Collectors$$Lambda$153
instanceKlass java/util/stream/Collectors$$Lambda$152
instanceKlass java/lang/invoke/LambdaForm$DMH
instanceKlass java/util/stream/Collectors$$Lambda$151
instanceKlass org/testng/internal/ClassHelper$$Lambda$150
instanceKlass org/testng/internal/Utils$$Lambda$149
instanceKlass org/testng/internal/BaseTestMethod$$Lambda$148
instanceKlass org/testng/internal/BaseTestMethod$$Lambda$147
instanceKlass org/testng/internal/ConstructorOrMethod
instanceKlass org/testng/internal/BaseTestMethod
instanceKlass org/testng/internal/IInstanceIdentity
instanceKlass org/testng/internal/invokers/IInvocationStatus
instanceKlass org/testng/internal/annotations/AnnotationHelper$$Lambda$146
instanceKlass java/util/stream/MatchOps$$Lambda$145
instanceKlass java/util/stream/MatchOps$BooleanTerminalSink
instanceKlass java/util/stream/MatchOps$MatchOp
instanceKlass java/util/stream/MatchOps
instanceKlass org/testng/internal/annotations/AnnotationHelper$$Lambda$144
instanceKlass org/testng/internal/annotations/AnnotationHelper$$Lambda$143
instanceKlass org/testng/TestClass$$Lambda$142
instanceKlass org/testng/ITest
instanceKlass org/testng/TestClass$$Lambda$141
instanceKlass org/testng/TestClass$$Lambda$140
instanceKlass org/testng/internal/IParameterInfo
instanceKlass org/testng/TestClass$$Lambda$139
instanceKlass org/testng/internal/objects/InstanceCreator
instanceKlass org/testng/annotations/Guice
instanceKlass org/testng/internal/objects/pojo/CreationAttributes
instanceKlass org/testng/internal/objects/pojo/DetailedAttributes
instanceKlass org/testng/internal/objects/pojo/BasicAttributes
instanceKlass java/lang/invoke/LambdaForm$DMH
instanceKlass org/testng/internal/IObject$$Lambda$138
instanceKlass java/lang/invoke/LambdaForm$DMH
instanceKlass org/testng/internal/NoOpTestClass
instanceKlass org/testng/internal/ITestClassConfigInfo
instanceKlass org/testng/ITestClass
instanceKlass org/testng/internal/TestNGMethodFinder$$Lambda$137
instanceKlass org/testng/internal/TestNGMethodFinder
instanceKlass org/testng/internal/ClassHelper$$Lambda$136
instanceKlass org/testng/internal/ClassImpl
instanceKlass org/testng/internal/IObject
instanceKlass java/lang/invoke/LambdaForm$MH
instanceKlass org/testng/internal/BaseClassFinder$$Lambda$135
instanceKlass org/testng/internal/IObject$IdentifiableObject
instanceKlass jdk/internal/HotSpotIntrinsicCandidate
instanceKlass java/lang/Package$1PackageInfoProxy
instanceKlass java/lang/Package$$Lambda$134
instanceKlass org/testng/internal/annotations/BaseAnnotation
instanceKlass java/lang/invoke/LambdaForm$MH
instanceKlass org/testng/internal/annotations/JDK15AnnotationFinder$$Lambda$133
instanceKlass java/lang/invoke/LambdaForm$DMH
instanceKlass java/lang/invoke/LambdaForm$MH
instanceKlass java/lang/invoke/LambdaForm$MH
instanceKlass java/lang/invoke/LambdaForm$MH
instanceKlass java/lang/invoke/LambdaForm$MH
instanceKlass java/lang/invoke/LambdaForm$MH
instanceKlass java/lang/invoke/LambdaForm$MH
instanceKlass java/lang/invoke/LambdaForm$MH
instanceKlass java/lang/invoke/LambdaForm$MH
instanceKlass java/lang/invoke/LambdaForm$MH
instanceKlass java/lang/invoke/LambdaForm$MH
instanceKlass java/lang/invoke/LambdaForm$MH
instanceKlass java/lang/invoke/LambdaForm$MH
instanceKlass java/lang/invoke/LambdaForm$MH
instanceKlass java/lang/invoke/LambdaForm$MH
instanceKlass java/lang/invoke/LambdaForm$MH
instanceKlass java/lang/invoke/LambdaForm$MH
instanceKlass java/lang/invoke/LambdaForm$MH
instanceKlass java/lang/invoke/LambdaForm$MH
instanceKlass java/lang/invoke/LambdaForm$MH
instanceKlass java/lang/invoke/LambdaForm$MH
instanceKlass java/lang/invoke/LambdaForm$MH
instanceKlass java/lang/invoke/LambdaForm$MH
instanceKlass java/lang/invoke/LambdaForm$MH
instanceKlass java/lang/invoke/LambdaForm$MH
instanceKlass java/lang/invoke/LambdaForm$MH
instanceKlass sun/reflect/annotation/AnnotationInvocationHandler$$Lambda$132
instanceKlass sun/reflect/annotation/AnnotationInvocationHandler$$Lambda$131
instanceKlass java/util/stream/Collectors$$Lambda$130
instanceKlass java/util/stream/Collectors$$Lambda$129
instanceKlass java/lang/invoke/LambdaForm$DMH
instanceKlass java/util/stream/Collectors$$Lambda$128
instanceKlass java/util/stream/Collectors$$Lambda$127
instanceKlass sun/reflect/annotation/AnnotationInvocationHandler$$Lambda$126
instanceKlass org/testng/collections/Objects$ValueHolder
instanceKlass org/testng/collections/Objects$ToStringHelper
instanceKlass org/testng/collections/Objects
instanceKlass org/testng/internal/ClassHelper$$Lambda$125
instanceKlass org/testng/internal/reflect/ReflectionHelper$$Lambda$124
instanceKlass org/testng/internal/reflect/ReflectionHelper$$Lambda$123
instanceKlass org/testng/internal/reflect/ReflectionHelper
instanceKlass org/testng/internal/annotations/DisabledRetryAnalyzer
instanceKlass org/testng/IRetryAnalyzer
instanceKlass sun/reflect/annotation/AnnotationParser$$Lambda$122
instanceKlass org/testng/annotations/CustomAttribute
instanceKlass java/lang/annotation/Documented
instanceKlass java/lang/Long$LongCache
instanceKlass org/testng/annotations/IConfigurationAnnotation
instanceKlass org/testng/internal/annotations/AnnotationHelper
instanceKlass java/util/stream/AbstractSpinedBuffer
instanceKlass org/testng/internal/TestNGClassFinder$$Lambda$121
instanceKlass org/testng/internal/TestNGClassFinder$$Lambda$120
instanceKlass org/openqa/selenium/WebDriver
instanceKlass org/openqa/selenium/SearchContext
instanceKlass org/testng/internal/BaseClassFinder
instanceKlass org/testng/ITestClassFinder
instanceKlass java/lang/Class$2
instanceKlass org/testng/internal/ClassInfoMap
instanceKlass org/testng/internal/MethodSelectorDescriptor
instanceKlass java/lang/invoke/LambdaForm$MH
instanceKlass java/lang/invoke/LambdaForm$MH
instanceKlass java/lang/invoke/LambdaForm$MH
instanceKlass java/lang/invoke/LambdaForm$MH
instanceKlass java/lang/invoke/LambdaForm$MH
instanceKlass java/lang/invoke/LambdaForm$MH
instanceKlass java/lang/invoke/LambdaForm$MH
instanceKlass java/lang/invoke/LambdaForm$MH
instanceKlass java/lang/invoke/LambdaForm$MH
instanceKlass java/lang/invoke/LambdaForm$MH
instanceKlass java/lang/invoke/LambdaForm$MH
instanceKlass java/lang/invoke/LambdaForm$MH
instanceKlass java/lang/invoke/LambdaForm$MH
instanceKlass java/lang/invoke/LambdaForm$MH
instanceKlass java/lang/invoke/LambdaForm$MH
instanceKlass java/lang/invoke/LambdaForm$MH
instanceKlass java/lang/invoke/LambdaForm$MH
instanceKlass java/lang/invoke/LambdaForm$MH
instanceKlass java/lang/invoke/LambdaForm$MH
instanceKlass java/lang/invoke/LambdaForm$MH
instanceKlass java/util/stream/Collectors$$Lambda$119
instanceKlass java/util/stream/Collectors$$Lambda$118
instanceKlass java/lang/invoke/LambdaForm$DMH
instanceKlass java/util/stream/Collectors$$Lambda$117
instanceKlass org/testng/internal/GroupsHelper$$Lambda$116
instanceKlass org/testng/internal/GroupsHelper$$Lambda$115
instanceKlass java/util/HashMap$HashMapSpliterator
instanceKlass org/testng/internal/GroupsHelper
instanceKlass java/lang/invoke/LambdaForm$MH
instanceKlass java/lang/invoke/LambdaForm$MH
instanceKlass java/lang/invoke/LambdaForm$DMH
instanceKlass java/lang/invoke/LambdaForm$MH
instanceKlass java/lang/invoke/LambdaForm$DMH
instanceKlass java/lang/invoke/LambdaForm$MH
instanceKlass java/lang/invoke/LambdaForm$DMH
instanceKlass java/lang/invoke/LambdaForm$MH
instanceKlass java/lang/invoke/LambdaForm$MH
instanceKlass java/lang/invoke/LambdaForm$MH
instanceKlass java/lang/invoke/LambdaForm$MH
instanceKlass java/lang/invoke/LambdaForm$MH
instanceKlass java/lang/invoke/LambdaForm$MH
instanceKlass java/lang/invoke/LambdaForm$MH
instanceKlass java/lang/invoke/LambdaForm$MH
instanceKlass java/lang/invoke/LambdaForm$MH
instanceKlass java/lang/invoke/LambdaForm$MH
instanceKlass java/lang/invoke/LambdaForm$MH
instanceKlass java/lang/invoke/LambdaForm$MH
instanceKlass java/lang/invoke/LambdaForm$MH
instanceKlass java/lang/invoke/LambdaForm$MH
instanceKlass java/lang/invoke/LambdaForm$MH
instanceKlass java/lang/invoke/LambdaForm$MH
instanceKlass org/testng/IMethodInstance
instanceKlass org/testng/IExpectedExceptionsHolder
instanceKlass org/testng/internal/invokers/IMethodRunner
instanceKlass org/testng/IInvokedMethod
instanceKlass org/testng/internal/invokers/BaseInvoker
instanceKlass org/testng/internal/invokers/Invoker$$Lambda$114
instanceKlass java/lang/invoke/LambdaForm$DMH
instanceKlass org/testng/internal/invokers/Invoker$$Lambda$113
instanceKlass java/util/function/BiPredicate
instanceKlass org/testng/internal/invokers/ITestInvoker
instanceKlass org/testng/internal/invokers/IConfigInvoker
instanceKlass org/testng/internal/invokers/Invoker
instanceKlass org/testng/PreserveOrderMethodInterceptor
instanceKlass org/testng/TestRunner$$Lambda$112
instanceKlass org/testng/IMethodSelectorContext
instanceKlass org/testng/internal/RunInfo
instanceKlass org/testng/internal/ResultMap
instanceKlass org/testng/collections/MultiMap
instanceKlass org/testng/internal/XmlMethodSelector
instanceKlass org/testng/TestRunner$$Lambda$111
instanceKlass org/testng/ITestNGMethod
instanceKlass org/testng/internal/TestMethodContainer
instanceKlass org/testng/TestRunner$ConfigurationListener
instanceKlass java/lang/invoke/LambdaForm$MH
instanceKlass java/lang/invoke/LambdaForm$MH
instanceKlass java/lang/invoke/LambdaForm$MH
instanceKlass java/lang/invoke/LambdaForm$DMH
instanceKlass java/lang/invoke/LambdaForm$MH
instanceKlass java/lang/invoke/LambdaForm$MH
instanceKlass java/lang/invoke/LambdaForm$MH
instanceKlass java/lang/invoke/LambdaForm$MH
instanceKlass java/lang/invoke/LambdaForm$MH
instanceKlass java/lang/invoke/LambdaForm$MH
instanceKlass java/lang/invoke/LambdaForm$MH
instanceKlass java/lang/invoke/LambdaForm$MH
instanceKlass java/lang/invoke/LambdaForm$MH
instanceKlass java/lang/invoke/LambdaForm$MH
instanceKlass java/lang/invoke/LambdaForm$MH
instanceKlass java/lang/invoke/LambdaForm$MH
instanceKlass java/lang/invoke/LambdaForm$MH
instanceKlass java/lang/invoke/LambdaForm$MH
instanceKlass java/lang/invoke/LambdaForm$MH
instanceKlass java/lang/invoke/LambdaForm$MH
instanceKlass java/lang/invoke/LambdaForm$MH
instanceKlass java/lang/invoke/LambdaForm$MH
instanceKlass java/lang/invoke/LambdaForm$MH
instanceKlass org/testng/ITestMethodFinder
instanceKlass org/testng/IMethodSelector
instanceKlass org/testng/internal/invokers/IInvoker
instanceKlass org/testng/IResultMap
instanceKlass org/testng/internal/IContainer
instanceKlass org/testng/TestRunner
instanceKlass org/testng/internal/IConfigEavesdropper
instanceKlass org/testng/internal/ITestResultNotifier
instanceKlass java/util/Comparator$$Lambda$110
instanceKlass org/testng/SuiteRunner$$Lambda$109
instanceKlass java/util/function/ToIntFunction
instanceKlass java/lang/invoke/LambdaForm$DMH
instanceKlass org/testng/SuiteRunner$DefaultTestRunnerFactory
instanceKlass org/testng/internal/Attributes
instanceKlass org/testng/SuiteRunState
instanceKlass org/testng/internal/MethodSorting$$Lambda$108
instanceKlass org/testng/ITestRunnerFactory
instanceKlass org/testng/ISuiteResult
instanceKlass org/testng/SuiteRunner
instanceKlass org/testng/ISuiteRunnerListener
instanceKlass org/testng/SuiteRunner$TestListenersContainer$$Lambda$107
instanceKlass org/testng/SuiteRunner$TestListenersContainer
instanceKlass org/testng/DataProviderHolder$$Lambda$106
instanceKlass org/testng/DataProviderHolder$$Lambda$105
instanceKlass org/testng/DataProviderHolder
instanceKlass org/testng/internal/invokers/SuiteRunnerMap
instanceKlass org/testng/internal/collections/Pair
instanceKlass java/util/stream/ForEachOps$ForEachOp
instanceKlass java/util/stream/ForEachOps
instanceKlass org/testng/internal/ListenerOrderDeterminer$$Lambda$104
instanceKlass java/lang/invoke/LambdaForm$DMH
instanceKlass org/testng/internal/ListenerOrderDeterminer$$Lambda$103
instanceKlass org/testng/internal/ListenerOrderDeterminer$$Lambda$102
instanceKlass java/util/stream/Collectors$$Lambda$101
instanceKlass java/util/stream/Collectors$$Lambda$100
instanceKlass java/util/stream/Collectors$$Lambda$99
instanceKlass org/testng/internal/ListenerOrderDeterminer$$Lambda$98
instanceKlass org/testng/internal/ListenerOrderDeterminer
instanceKlass org/testng/xml/internal/XmlSuiteUtils
instanceKlass org/testng/internal/invokers/objects/GuiceContext
instanceKlass org/testng/internal/objects/SimpleObjectDispenser
instanceKlass org/testng/internal/objects/GuiceBasedObjectDispenser
instanceKlass org/testng/internal/objects/IObjectDispenser
instanceKlass org/testng/internal/objects/Dispenser
instanceKlass io/qameta/allure/testng/config/AllureTestNgConfig
instanceKlass io/qameta/allure/testng/AllureTestNg$$Lambda$97
instanceKlass io/qameta/allure/testng/AllureTestNg$$Lambda$96
instanceKlass io/qameta/allure/testng/AllureTestNg$$Lambda$95
instanceKlass io/qameta/allure/testng/AllureTestNg$Current
instanceKlass io/qameta/allure/testfilter/TestPlanUnknown
instanceKlass io/qameta/allure/testfilter/TestPlan
instanceKlass io/qameta/allure/testfilter/FileTestPlanSupplier$$Lambda$94
instanceKlass io/qameta/allure/testfilter/FileTestPlanSupplier$$Lambda$93
instanceKlass io/qameta/allure/testfilter/FileTestPlanSupplier$$Lambda$92
instanceKlass io/qameta/allure/testfilter/FileTestPlanSupplier$$Lambda$91
instanceKlass java/lang/ProcessEnvironment$CheckedEntry
instanceKlass java/lang/ProcessEnvironment$CheckedEntrySet$1
instanceKlass java/lang/ProcessEnvironment$EntryComparator
instanceKlass java/lang/ProcessEnvironment$NameComparator
instanceKlass io/qameta/allure/testfilter/FileTestPlanSupplier$$Lambda$90
instanceKlass io/qameta/allure/testfilter/FileTestPlanSupplier$$Lambda$89
instanceKlass io/qameta/allure/testfilter/FileTestPlanSupplier$$Lambda$88
instanceKlass io/qameta/allure/testfilter/FileTestPlanSupplier
instanceKlass io/qameta/allure/testfilter/TestPlanSupplier
instanceKlass io/qameta/allure/internal/AllureThreadContext
instanceKlass java/util/concurrent/locks/ReentrantReadWriteLock$WriteLock
instanceKlass java/util/concurrent/locks/ReentrantReadWriteLock$ReadLock
instanceKlass java/util/concurrent/locks/ReentrantReadWriteLock
instanceKlass io/qameta/allure/internal/AllureStorage
instanceKlass io/qameta/allure/util/ServiceLoaderUtils
instanceKlass io/qameta/allure/listener/LifecycleNotifier
instanceKlass io/qameta/allure/listener/StepLifecycleListener
instanceKlass io/qameta/allure/listener/FixtureLifecycleListener
instanceKlass io/qameta/allure/listener/TestLifecycleListener
instanceKlass io/qameta/allure/listener/ContainerLifecycleListener
instanceKlass io/qameta/allure/listener/LifecycleListener
instanceKlass io/qameta/allure/internal/shadowed/jackson/databind/util/ArrayBuilders
instanceKlass io/qameta/allure/internal/shadowed/jackson/databind/ObjectMapper$1
instanceKlass io/qameta/allure/internal/shadowed/jackson/databind/type/ClassKey
instanceKlass io/qameta/allure/internal/shadowed/jackson/databind/ser/Serializers$Base
instanceKlass io/qameta/allure/internal/shadowed/jackson/core/Version
instanceKlass io/qameta/allure/internal/shadowed/jackson/databind/ser/BeanSerializerModifier
instanceKlass io/qameta/allure/internal/shadowed/jackson/databind/ser/Serializers
instanceKlass io/qameta/allure/internal/shadowed/jackson/databind/cfg/SerializerFactoryConfig
instanceKlass java/util/Currency
instanceKlass io/qameta/allure/internal/shadowed/jackson/databind/ser/std/StdJdkSerializers
instanceKlass io/qameta/allure/internal/shadowed/jackson/databind/ser/std/NumberSerializers
instanceKlass io/qameta/allure/internal/shadowed/jackson/databind/deser/DeserializerCache
instanceKlass io/qameta/allure/internal/shadowed/jackson/databind/KeyDeserializer
instanceKlass io/qameta/allure/internal/shadowed/jackson/databind/deser/std/StdKeyDeserializers
instanceKlass io/qameta/allure/internal/shadowed/jackson/databind/deser/KeyDeserializers
instanceKlass io/qameta/allure/internal/shadowed/jackson/databind/deser/ValueInstantiators
instanceKlass io/qameta/allure/internal/shadowed/jackson/databind/AbstractTypeResolver
instanceKlass io/qameta/allure/internal/shadowed/jackson/databind/deser/BeanDeserializerModifier
instanceKlass io/qameta/allure/internal/shadowed/jackson/databind/cfg/DeserializerFactoryConfig
instanceKlass io/qameta/allure/internal/shadowed/jackson/databind/PropertyName
instanceKlass io/qameta/allure/internal/shadowed/jackson/databind/deser/Deserializers
instanceKlass io/qameta/allure/internal/shadowed/jackson/annotation/ObjectIdGenerator
instanceKlass io/qameta/allure/internal/shadowed/jackson/databind/deser/ResolvableDeserializer
instanceKlass io/qameta/allure/internal/shadowed/jackson/databind/deser/ValueInstantiator$Gettable
instanceKlass io/qameta/allure/internal/shadowed/jackson/databind/deser/ContextualDeserializer
instanceKlass io/qameta/allure/internal/shadowed/jackson/databind/JsonDeserializer
instanceKlass io/qameta/allure/internal/shadowed/jackson/databind/deser/NullValueProvider
instanceKlass io/qameta/allure/internal/shadowed/jackson/databind/ser/SerializerCache
instanceKlass io/qameta/allure/internal/shadowed/jackson/databind/ser/ResolvableSerializer
instanceKlass io/qameta/allure/internal/shadowed/jackson/databind/ser/ContextualSerializer
instanceKlass io/qameta/allure/internal/shadowed/jackson/databind/node/JsonNodeFactory
instanceKlass io/qameta/allure/internal/shadowed/jackson/databind/node/JsonNodeCreator
instanceKlass io/qameta/allure/internal/shadowed/jackson/databind/cfg/ContextAttributes
instanceKlass io/qameta/allure/internal/shadowed/jackson/databind/cfg/DatatypeFeature
instanceKlass io/qameta/allure/internal/shadowed/jackson/databind/cfg/DatatypeFeatures$DefaultHolder
instanceKlass io/qameta/allure/internal/shadowed/jackson/databind/cfg/DatatypeFeatures
instanceKlass io/qameta/allure/internal/shadowed/jackson/core/util/Separators
instanceKlass io/qameta/allure/internal/shadowed/jackson/core/util/DefaultPrettyPrinter$NopIndenter
instanceKlass io/qameta/allure/internal/shadowed/jackson/databind/cfg/ConfigFeature
instanceKlass io/qameta/allure/internal/shadowed/jackson/databind/cfg/ConfigOverride
instanceKlass io/qameta/allure/internal/shadowed/jackson/annotation/JsonFormat$Features
instanceKlass io/qameta/allure/internal/shadowed/jackson/annotation/JsonFormat$Value
instanceKlass io/qameta/allure/internal/shadowed/jackson/databind/cfg/CoercionConfig
instanceKlass io/qameta/allure/internal/shadowed/jackson/databind/cfg/CoercionConfigs
instanceKlass io/qameta/allure/internal/shadowed/jackson/databind/introspect/VisibilityChecker$Std
instanceKlass io/qameta/allure/internal/shadowed/jackson/annotation/JsonSetter$Value
instanceKlass io/qameta/allure/internal/shadowed/jackson/annotation/JsonInclude$Value
instanceKlass io/qameta/allure/internal/shadowed/jackson/annotation/JacksonAnnotationValue
instanceKlass io/qameta/allure/internal/shadowed/jackson/databind/cfg/ConfigOverrides
instanceKlass io/qameta/allure/internal/shadowed/jackson/databind/introspect/AnnotatedClass$Creators
instanceKlass io/qameta/allure/internal/shadowed/jackson/databind/introspect/AnnotationCollector$NoAnnotations
instanceKlass io/qameta/allure/internal/shadowed/jackson/databind/util/Annotations
instanceKlass io/qameta/allure/internal/shadowed/jackson/databind/introspect/AnnotationCollector
instanceKlass io/qameta/allure/internal/shadowed/jackson/databind/introspect/AnnotatedClassResolver
instanceKlass io/qameta/allure/internal/shadowed/jackson/databind/BeanDescription
instanceKlass io/qameta/allure/internal/shadowed/jackson/databind/cfg/MapperConfig
instanceKlass io/qameta/allure/internal/shadowed/jackson/databind/introspect/SimpleMixInResolver
instanceKlass io/qameta/allure/internal/shadowed/jackson/databind/introspect/ClassIntrospector$MixInResolver
instanceKlass io/qameta/allure/internal/shadowed/jackson/databind/util/RootNameLookup
instanceKlass io/qameta/allure/internal/shadowed/jackson/core/sym/ByteQuadsCanonicalizer$TableInfo
instanceKlass io/qameta/allure/internal/shadowed/jackson/core/sym/ByteQuadsCanonicalizer
instanceKlass io/qameta/allure/internal/shadowed/jackson/core/sym/CharsToNameCanonicalizer$Bucket
instanceKlass io/qameta/allure/internal/shadowed/jackson/core/sym/CharsToNameCanonicalizer$TableInfo
instanceKlass io/qameta/allure/internal/shadowed/jackson/core/sym/CharsToNameCanonicalizer
instanceKlass io/qameta/allure/internal/shadowed/jackson/core/io/CharTypes
instanceKlass io/qameta/allure/internal/shadowed/jackson/core/io/JsonStringEncoder
instanceKlass io/qameta/allure/internal/shadowed/jackson/core/io/SerializedString
instanceKlass io/qameta/allure/internal/shadowed/jackson/core/util/DefaultPrettyPrinter$Indenter
instanceKlass io/qameta/allure/internal/shadowed/jackson/core/util/DefaultPrettyPrinter
instanceKlass io/qameta/allure/internal/shadowed/jackson/core/util/Instantiatable
instanceKlass io/qameta/allure/internal/shadowed/jackson/core/PrettyPrinter
instanceKlass io/qameta/allure/internal/shadowed/jackson/core/util/JacksonFeature
instanceKlass io/qameta/allure/internal/shadowed/jackson/core/async/ByteBufferFeeder
instanceKlass io/qameta/allure/internal/shadowed/jackson/core/async/ByteArrayFeeder
instanceKlass io/qameta/allure/internal/shadowed/jackson/core/async/NonBlockingInputFeeder
instanceKlass io/qameta/allure/internal/shadowed/jackson/core/TSFBuilder
instanceKlass io/qameta/allure/internal/shadowed/jackson/core/SerializableString
instanceKlass io/qameta/allure/internal/shadowed/jackson/databind/cfg/MapperBuilder
instanceKlass io/qameta/allure/internal/shadowed/jackson/databind/introspect/AccessorNamingStrategy
instanceKlass io/qameta/allure/internal/shadowed/jackson/core/Base64Variant
instanceKlass io/qameta/allure/internal/shadowed/jackson/core/Base64Variants
instanceKlass java/text/DigitList
instanceKlass sun/util/locale/provider/JRELocaleProviderAdapter$$Lambda$87
instanceKlass java/text/DecimalFormatSymbols
instanceKlass sun/util/locale/provider/JRELocaleProviderAdapter$$Lambda$86
instanceKlass sun/util/locale/provider/JRELocaleProviderAdapter$$Lambda$85
instanceKlass java/text/DateFormatSymbols
instanceKlass sun/util/cldr/CLDRLocaleProviderAdapter$$Lambda$84
instanceKlass sun/util/locale/provider/CalendarDataUtility$CalendarWeekParameterGetter
instanceKlass sun/util/locale/provider/CalendarDataUtility
instanceKlass java/util/Calendar$Builder
instanceKlass sun/util/locale/provider/AvailableLanguageTags
instanceKlass sun/util/locale/provider/JRELocaleProviderAdapter$$Lambda$83
instanceKlass java/util/Calendar
instanceKlass io/qameta/allure/internal/shadowed/jackson/databind/type/TypeBindings
instanceKlass io/qameta/allure/internal/shadowed/jackson/databind/type/TypeParser
instanceKlass io/qameta/allure/internal/shadowed/jackson/databind/type/TypeFactory
instanceKlass sun/util/calendar/ZoneInfoFile$ZoneOffsetTransitionRule
instanceKlass io/qameta/allure/internal/shadowed/jackson/databind/cfg/BaseSettings
instanceKlass java/util/concurrent/atomic/AtomicReferenceArray
instanceKlass java/util/concurrent/atomic/AtomicLongArray
instanceKlass java/util/concurrent/atomic/AtomicReference
instanceKlass java/util/concurrent/ConcurrentLinkedQueue$Node
instanceKlass io/qameta/allure/internal/shadowed/jackson/databind/util/internal/Linked
instanceKlass io/qameta/allure/internal/shadowed/jackson/databind/util/internal/PrivateMaxEntriesMap$Builder
instanceKlass io/qameta/allure/internal/shadowed/jackson/databind/util/LRUMap
instanceKlass io/qameta/allure/internal/shadowed/jackson/databind/util/LookupCache
instanceKlass java/beans/ConstructorProperties
instanceKlass java/beans/Transient
instanceKlass io/qameta/allure/internal/shadowed/jackson/databind/util/ClassUtil$Ctor
instanceKlass io/qameta/allure/internal/shadowed/jackson/databind/util/ClassUtil
instanceKlass io/qameta/allure/internal/shadowed/jackson/databind/ext/Java7Support
instanceKlass io/qameta/allure/internal/shadowed/jackson/annotation/JsonMerge
instanceKlass io/qameta/allure/internal/shadowed/jackson/databind/annotation/JsonDeserialize
instanceKlass io/qameta/allure/internal/shadowed/jackson/annotation/JsonManagedReference
instanceKlass io/qameta/allure/internal/shadowed/jackson/annotation/JsonBackReference
instanceKlass io/qameta/allure/internal/shadowed/jackson/annotation/JsonUnwrapped
instanceKlass io/qameta/allure/internal/shadowed/jackson/annotation/JsonRawValue
instanceKlass io/qameta/allure/internal/shadowed/jackson/annotation/JsonTypeInfo
instanceKlass io/qameta/allure/internal/shadowed/jackson/annotation/JsonFormat
instanceKlass io/qameta/allure/internal/shadowed/jackson/annotation/JsonView
instanceKlass io/qameta/allure/internal/shadowed/jackson/databind/annotation/JsonSerialize
instanceKlass io/qameta/allure/internal/shadowed/jackson/databind/introspect/ConcreteBeanPropertyBase
instanceKlass io/qameta/allure/internal/shadowed/jackson/databind/BeanProperty
instanceKlass io/qameta/allure/internal/shadowed/jackson/databind/introspect/BeanPropertyDefinition
instanceKlass io/qameta/allure/internal/shadowed/jackson/databind/util/Named
instanceKlass io/qameta/allure/internal/shadowed/jackson/databind/introspect/TypeResolutionContext
instanceKlass io/qameta/allure/internal/shadowed/jackson/databind/introspect/Annotated
instanceKlass io/qameta/allure/internal/shadowed/jackson/databind/introspect/ClassIntrospector
instanceKlass io/qameta/allure/internal/shadowed/jackson/databind/introspect/VisibilityChecker
instanceKlass io/qameta/allure/internal/shadowed/jackson/databind/jsontype/TypeResolverBuilder
instanceKlass io/qameta/allure/internal/shadowed/jackson/core/type/ResolvedType
instanceKlass io/qameta/allure/internal/shadowed/jackson/core/JsonParser
instanceKlass io/qameta/allure/internal/shadowed/jackson/core/JsonGenerator
instanceKlass io/qameta/allure/internal/shadowed/jackson/databind/JsonSerializable$Base
instanceKlass io/qameta/allure/internal/shadowed/jackson/databind/JsonSerializable
instanceKlass org/aspectj/asm/AsmManager
instanceKlass org/aspectj/util/IStructureModel
instanceKlass io/qameta/allure/internal/shadowed/jackson/core/TreeNode
instanceKlass io/qameta/allure/internal/shadowed/jackson/databind/Module$SetupContext
instanceKlass io/qameta/allure/internal/shadowed/jackson/databind/jsontype/PolymorphicTypeValidator
instanceKlass io/qameta/allure/internal/shadowed/jackson/databind/introspect/AccessorNamingStrategy$Provider
instanceKlass io/qameta/allure/internal/shadowed/jackson/databind/AnnotationIntrospector
instanceKlass io/qameta/allure/internal/shadowed/jackson/databind/ser/SerializerFactory
instanceKlass io/qameta/allure/internal/shadowed/jackson/databind/deser/DeserializerFactory
instanceKlass io/qameta/allure/internal/shadowed/jackson/databind/DatabindContext
instanceKlass io/qameta/allure/internal/shadowed/jackson/databind/jsontype/SubtypeResolver
instanceKlass io/qameta/allure/internal/shadowed/jackson/core/TokenStreamFactory
instanceKlass io/qameta/allure/internal/shadowed/jackson/core/TreeCodec
instanceKlass io/qameta/allure/internal/shadowed/jackson/databind/Module
instanceKlass io/qameta/allure/internal/shadowed/jackson/core/Versioned
instanceKlass io/qameta/allure/internal/shadowed/jackson/databind/jsonschema/SchemaAware
instanceKlass io/qameta/allure/internal/shadowed/jackson/databind/JsonSerializer
instanceKlass io/qameta/allure/internal/shadowed/jackson/databind/jsonFormatVisitors/JsonFormatVisitable
instanceKlass io/qameta/allure/internal/Allure2ModelJackson
instanceKlass io/qameta/allure/FileSystemResultsWriter
instanceKlass io/qameta/allure/util/PropertiesUtils
instanceKlass io/qameta/allure/AllureResultsWriter
instanceKlass io/qameta/allure/Allure
instanceKlass org/testng/ITestContext
instanceKlass io/qameta/allure/testng/AllureTestNgTestFilter
instanceKlass io/qameta/allure/AllureLifecycle
instanceKlass org/testng/IClass
instanceKlass java/util/concurrent/locks/ReadWriteLock
instanceKlass io/qameta/allure/testng/AllureTestNg
instanceKlass org/testng/ITestResult
instanceKlass com/intellij/rt/testng/IDEATestNGInvokedMethodListener
instanceKlass com/intellij/rt/testng/IDEATestNGConfigurationListener
instanceKlass com/intellij/rt/testng/IDEATestNGTestListener
instanceKlass org/testng/IDataProviderInterceptor
instanceKlass org/testng/IDataProviderListener
instanceKlass org/testng/IAlterSuiteListener
instanceKlass org/testng/IConfigurationListener
instanceKlass org/testng/IConfigurable
instanceKlass org/testng/IHookable
instanceKlass org/testng/IInvokedMethodListener
instanceKlass org/testng/IMethodInterceptor
instanceKlass org/testng/IClassListener
instanceKlass org/testng/IExecutionVisualiser
instanceKlass com/intellij/rt/testng/IDEATestNGSuiteListener
instanceKlass org/testng/ISuiteListener
instanceKlass com/intellij/rt/testng/IDEATestNGRemoteListener$ExposedTestResult
instanceKlass com/intellij/rt/testng/IDEATestNGRemoteListener
instanceKlass org/testng/TestNG$$Lambda$82
instanceKlass tests/TC02
instanceKlass org/testng/xml/XmlClass
instanceKlass java/lang/invoke/LambdaForm$MH
instanceKlass java/lang/invoke/LambdaForm$MH
instanceKlass java/lang/invoke/LambdaForm$MH
instanceKlass java/lang/invoke/LambdaForm$MH
instanceKlass java/lang/invoke/LambdaForm$MH
instanceKlass java/lang/invoke/LambdaForm$MH
instanceKlass java/lang/invoke/LambdaForm$MH
instanceKlass java/lang/invoke/LambdaForm$MH
instanceKlass java/lang/invoke/LambdaForm$MH
instanceKlass java/lang/invoke/LambdaForm$MH
instanceKlass org/testng/xml/XmlTest
instanceKlass org/testng/xml/TestNGContentHandler$$Lambda$81
instanceKlass org/testng/xml/TestNGContentHandler$$Lambda$80
instanceKlass java/lang/invoke/LambdaForm$DMH
instanceKlass sun/security/provider/AbstractDrbg$NonceProvider
instanceKlass sun/security/provider/AbstractDrbg$SeederHolder$$Lambda$79
instanceKlass java/lang/invoke/LambdaForm$DMH
instanceKlass java/lang/invoke/LambdaForm$DMH
instanceKlass sun/nio/fs/BasicFileAttributesHolder
instanceKlass sun/nio/fs/WindowsDirectoryStream$WindowsDirectoryIterator
instanceKlass sun/nio/fs/WindowsDirectoryStream
instanceKlass java/nio/file/DirectoryStream
instanceKlass java/nio/file/Files$AcceptAllFilter
instanceKlass java/nio/file/DirectoryStream$Filter
instanceKlass java/net/NetworkInterface$2
instanceKlass java/net/DefaultInterface
instanceKlass java/net/InterfaceAddress
instanceKlass java/net/NetworkInterface$1
instanceKlass sun/security/provider/ByteArrayAccess
instanceKlass sun/security/provider/SeedGenerator$1
instanceKlass sun/security/util/MessageDigestSpi2
instanceKlass sun/security/jca/GetInstance$Instance
instanceKlass sun/security/jca/GetInstance
instanceKlass java/security/MessageDigestSpi
instanceKlass sun/security/provider/SeedGenerator
instanceKlass sun/security/provider/AbstractDrbg$SeederHolder
instanceKlass java/security/DrbgParameters$NextBytes
instanceKlass sun/security/provider/AbstractDrbg$$Lambda$78
instanceKlass sun/security/provider/EntropySource
instanceKlass java/lang/invoke/LambdaForm$DMH
instanceKlass java/lang/invoke/LambdaForm$DMH
instanceKlass sun/security/provider/AbstractDrbg
instanceKlass java/security/DrbgParameters$Instantiation
instanceKlass java/security/DrbgParameters
instanceKlass sun/security/provider/MoreDrbgParameters
instanceKlass sun/security/provider/DRBG$$Lambda$77
instanceKlass java/security/SecureRandomSpi
instanceKlass java/security/SecureRandomParameters
instanceKlass jdk/internal/event/Event
instanceKlass sun/security/util/KnownOIDs$11
instanceKlass sun/security/util/SecurityProviderConstants
instanceKlass java/security/Provider$UString
instanceKlass java/security/Provider$Service
instanceKlass sun/security/provider/NativePRNG$NonBlocking
instanceKlass sun/security/provider/NativePRNG$Blocking
instanceKlass sun/security/provider/NativePRNG
instanceKlass sun/security/provider/SunEntries$1
instanceKlass sun/security/provider/SunEntries
instanceKlass java/util/AbstractList$Itr
instanceKlass sun/security/jca/ProviderList$2
instanceKlass jdk/internal/math/FloatingDecimal$ASCIIToBinaryBuffer
instanceKlass jdk/internal/math/FloatingDecimal$PreparedASCIIToBinaryBuffer
instanceKlass jdk/internal/math/FloatingDecimal$ASCIIToBinaryConverter
instanceKlass jdk/internal/math/FloatingDecimal$BinaryToASCIIBuffer
instanceKlass jdk/internal/math/FloatingDecimal$ExceptionalBinaryToASCIIBuffer
instanceKlass jdk/internal/math/FloatingDecimal$BinaryToASCIIConverter
instanceKlass jdk/internal/math/FloatingDecimal
instanceKlass java/security/Provider$EngineDescription
instanceKlass java/security/Provider$ServiceKey
instanceKlass sun/security/jca/ProviderConfig
instanceKlass sun/security/jca/ProviderList
instanceKlass sun/security/jca/Providers
instanceKlass java/util/Random
instanceKlass java/util/UUID$Holder
instanceKlass java/util/UUID
instanceKlass com/sun/xml/internal/stream/StaxXMLInputSource
instanceKlass java/net/spi/URLStreamHandlerProvider
instanceKlass java/net/URL$1
instanceKlass java/net/URL$2
instanceKlass org/testng/xml/TestNGURLs
instanceKlass org/testng/util/Strings
instanceKlass com/sun/org/apache/xerces/internal/impl/XMLDocumentScannerImpl$DTDDriver
instanceKlass com/sun/org/apache/xerces/internal/impl/dtd/XMLContentSpec
instanceKlass com/sun/org/apache/xerces/internal/impl/dtd/models/ContentModelValidator
instanceKlass com/sun/org/apache/xerces/internal/impl/dtd/DTDGrammar
instanceKlass com/sun/org/apache/xerces/internal/xni/grammars/Grammar
instanceKlass com/sun/org/apache/xerces/internal/impl/validation/EntityState
instanceKlass com/sun/org/apache/xerces/internal/util/URI
instanceKlass org/testng/xml/TestNGContentHandler$$Lambda$76
instanceKlass sun/invoke/util/VerifyAccess$1
instanceKlass org/testng/internal/YamlParser
instanceKlass org/testng/internal/AutoCloseableLock
instanceKlass java/text/AttributedCharacterIterator$Attribute
instanceKlass java/text/FieldPosition
instanceKlass java/text/Format
instanceKlass java/util/ResourceBundle$ResourceBundleProviderHelper$$Lambda$75
instanceKlass java/util/ResourceBundle$ResourceBundleProviderHelper$$Lambda$74
instanceKlass java/util/ResourceBundle$3
instanceKlass java/util/ResourceBundle$CacheKeyReference
instanceKlass java/util/ResourceBundle$CacheKey
instanceKlass java/util/ResourceBundle$$Lambda$73
instanceKlass jdk/xml/internal/SecuritySupport$$Lambda$72
instanceKlass com/sun/org/apache/xerces/internal/util/SAXMessageFormatter
instanceKlass javax/xml/parsers/SAXParser
instanceKlass com/sun/org/apache/xerces/internal/jaxp/JAXPConstants
instanceKlass javax/xml/parsers/FactoryFinder$$Lambda$71
instanceKlass jdk/xml/internal/SecuritySupport$$Lambda$70
instanceKlass javax/xml/parsers/FactoryFinder$$Lambda$69
instanceKlass javax/xml/parsers/FactoryFinder$1
instanceKlass jdk/xml/internal/SecuritySupport$$Lambda$68
instanceKlass javax/xml/parsers/FactoryFinder$$Lambda$67
instanceKlass javax/xml/parsers/FactoryFinder
instanceKlass org/testng/xml/XMLParser
instanceKlass org/testng/xml/ISuiteParser
instanceKlass org/testng/xml/IFileParser
instanceKlass org/testng/xml/internal/Parser
instanceKlass org/testng/internal/OverrideProcessor
instanceKlass org/testng/internal/ReporterConfig
instanceKlass java/lang/Character$CharacterCache
instanceKlass java/util/Formattable
instanceKlass java/util/Formatter$Conversion
instanceKlass java/util/Formatter$Flags
instanceKlass java/util/Formatter$FormatSpecifier
instanceKlass java/util/Formatter$FixedString
instanceKlass java/util/Formatter$FormatString
instanceKlass java/util/regex/ASCII
instanceKlass java/util/Locale$1
instanceKlass java/util/regex/Pattern$$Lambda$66
instanceKlass java/util/regex/Pattern$$Lambda$65
instanceKlass java/util/regex/CharPredicates$$Lambda$64
instanceKlass java/util/regex/CharPredicates
instanceKlass java/util/Formatter
instanceKlass org/testng/TestNG$$Lambda$63
instanceKlass org/testng/TestNG$$Lambda$62
instanceKlass org/testng/TestNG$$Lambda$61
instanceKlass org/testng/TestNG$$Lambda$60
instanceKlass org/testng/TestNG$$Lambda$59
instanceKlass org/testng/TestNG$$Lambda$58
instanceKlass org/testng/TestNG$$Lambda$57
instanceKlass org/testng/TestNG$$Lambda$56
instanceKlass org/testng/TestNG$$Lambda$55
instanceKlass org/testng/ListenerComparator
instanceKlass org/testng/TestNG$$Lambda$54
instanceKlass org/testng/TestNG$$Lambda$53
instanceKlass org/testng/TestNG$$Lambda$52
instanceKlass org/testng/TestNG$$Lambda$51
instanceKlass org/testng/TestNG$$Lambda$50
instanceKlass org/testng/TestNG$$Lambda$49
instanceKlass org/testng/TestNG$$Lambda$48
instanceKlass org/testng/internal/ClassHelper
instanceKlass org/testng/TestNG$$Lambda$47
instanceKlass org/testng/TestNG$$Lambda$46
instanceKlass org/testng/TestNG$$Lambda$45
instanceKlass java/lang/invoke/LambdaForm$DMH
instanceKlass sun/reflect/generics/reflectiveObjects/LazyReflectiveObjectGenerator
instanceKlass java/lang/reflect/TypeVariable
instanceKlass sun/reflect/generics/tree/TypeVariableSignature
instanceKlass sun/reflect/generics/tree/ClassSignature
instanceKlass sun/reflect/generics/tree/Signature
instanceKlass sun/reflect/generics/tree/FormalTypeParameter
instanceKlass sun/reflect/generics/reflectiveObjects/ParameterizedTypeImpl
instanceKlass java/lang/reflect/ParameterizedType
instanceKlass sun/reflect/generics/repository/AbstractRepository
instanceKlass java/lang/WeakPairMap$$Lambda$44
instanceKlass java/lang/Module$$Lambda$43
instanceKlass java/lang/module/ModuleDescriptor$Builder$$Lambda$42
instanceKlass java/lang/module/ModuleDescriptor$Builder
instanceKlass java/lang/reflect/Proxy$ProxyBuilder$$Lambda$41
instanceKlass jdk/internal/vm/annotation/Stable
instanceKlass com/beust/jcommander/SubParameter
instanceKlass com/beust/jcommander/IParameterValidator2
instanceKlass com/beust/jcommander/FuzzyMap
instanceKlass com/beust/jcommander/Strings
instanceKlass com/beust/jcommander/StringKey
instanceKlass jdk/internal/reflect/UnsafeFieldAccessorFactory
instanceKlass com/beust/jcommander/ResourceBundle
instanceKlass com/beust/jcommander/ParameterDescription
instanceKlass com/beust/jcommander/JCommander$MainParameter
instanceKlass jdk/internal/reflect/ClassDefiner$1
instanceKlass jdk/internal/reflect/ClassDefiner
instanceKlass jdk/internal/reflect/MethodAccessorGenerator$1
instanceKlass jdk/internal/reflect/Label$PatchInfo
instanceKlass jdk/internal/reflect/Label
instanceKlass jdk/internal/reflect/UTF8
instanceKlass jdk/internal/reflect/ClassFileAssembler
instanceKlass jdk/internal/reflect/ByteVectorImpl
instanceKlass jdk/internal/reflect/ByteVector
instanceKlass jdk/internal/reflect/ByteVectorFactory
instanceKlass jdk/internal/reflect/AccessorGenerator
instanceKlass jdk/internal/reflect/ClassFileConstants
instanceKlass com/beust/jcommander/WrappedParameter
instanceKlass com/beust/jcommander/DynamicParameter
instanceKlass com/beust/jcommander/ParametersDelegate
instanceKlass java/lang/annotation/Target
instanceKlass java/lang/reflect/Proxy$ProxyBuilder$1
instanceKlass java/lang/reflect/ProxyGenerator$ExceptionTableEntry
instanceKlass java/lang/reflect/ProxyGenerator$PrimitiveTypeInfo
instanceKlass java/lang/reflect/ProxyGenerator$FieldInfo
instanceKlass java/lang/reflect/ProxyGenerator$ConstantPool$Entry
instanceKlass java/lang/reflect/ProxyGenerator$MethodInfo
instanceKlass java/lang/reflect/ProxyGenerator$ProxyMethod
instanceKlass java/lang/reflect/ProxyGenerator$ConstantPool
instanceKlass java/lang/reflect/ProxyGenerator
instanceKlass java/lang/reflect/Proxy$$Lambda$40
instanceKlass java/lang/PublicMethods
instanceKlass java/lang/reflect/Proxy$ProxyBuilder
instanceKlass java/lang/reflect/Proxy$$Lambda$39
instanceKlass java/lang/reflect/Proxy
instanceKlass sun/reflect/annotation/AnnotationInvocationHandler
instanceKlass java/lang/reflect/InvocationHandler
instanceKlass sun/reflect/annotation/AnnotationParser$1
instanceKlass java/lang/annotation/Inherited
instanceKlass java/lang/annotation/Retention
instanceKlass com/beust/jcommander/validators/NoValueValidator
instanceKlass com/beust/jcommander/IValueValidator
instanceKlass com/beust/jcommander/validators/NoValidator
instanceKlass com/beust/jcommander/IParameterValidator
instanceKlass sun/reflect/annotation/AnnotationParser$$Lambda$38
instanceKlass com/beust/jcommander/converters/CommaParameterSplitter
instanceKlass com/beust/jcommander/converters/IParameterSplitter
instanceKlass com/beust/jcommander/converters/NoConverter
instanceKlass sun/reflect/annotation/ExceptionProxy
instanceKlass sun/reflect/annotation/AnnotationType$1
instanceKlass sun/reflect/annotation/AnnotationType
instanceKlass java/lang/reflect/GenericArrayType
instanceKlass sun/reflect/generics/visitor/Reifier
instanceKlass sun/reflect/generics/visitor/TypeTreeVisitor
instanceKlass sun/reflect/generics/factory/CoreReflectionFactory
instanceKlass sun/reflect/generics/factory/GenericsFactory
instanceKlass sun/reflect/generics/scope/AbstractScope
instanceKlass sun/reflect/generics/scope/Scope
instanceKlass sun/reflect/generics/tree/ClassTypeSignature
instanceKlass sun/reflect/generics/tree/SimpleClassTypeSignature
instanceKlass sun/reflect/generics/tree/FieldTypeSignature
instanceKlass sun/reflect/generics/tree/BaseType
instanceKlass sun/reflect/generics/tree/TypeSignature
instanceKlass sun/reflect/generics/tree/ReturnType
instanceKlass sun/reflect/generics/tree/TypeArgument
instanceKlass sun/reflect/generics/tree/TypeTree
instanceKlass sun/reflect/generics/tree/Tree
instanceKlass sun/reflect/generics/parser/SignatureParser
instanceKlass com/beust/jcommander/Parameter
instanceKlass com/beust/jcommander/Parameterized
instanceKlass java/lang/Class$AnnotationData
instanceKlass com/beust/jcommander/Parameters
instanceKlass java/util/Collections$1
instanceKlass com/beust/jcommander/JCommander$1
instanceKlass com/beust/jcommander/converters/FileConverter
instanceKlass com/beust/jcommander/converters/BaseConverter
instanceKlass com/beust/jcommander/converters/StringConverter
instanceKlass com/beust/jcommander/internal/DefaultConverterFactory
instanceKlass com/beust/jcommander/JCommander$DefaultVariableArity
instanceKlass com/beust/jcommander/internal/Sets
instanceKlass com/beust/jcommander/internal/Maps
instanceKlass com/beust/jcommander/DefaultUsageFormatter
instanceKlass com/beust/jcommander/internal/Lists
instanceKlass com/beust/jcommander/parser/DefaultParameterizedParser
instanceKlass com/beust/jcommander/JCommander$Options$1
instanceKlass com/beust/jcommander/JCommander$Options
instanceKlass com/beust/jcommander/IStringConverterInstanceFactory
instanceKlass com/beust/jcommander/IStringConverter
instanceKlass com/beust/jcommander/FuzzyMap$IKey
instanceKlass com/beust/jcommander/internal/Console
instanceKlass com/beust/jcommander/IStringConverterFactory
instanceKlass com/beust/jcommander/IVariableArity
instanceKlass com/beust/jcommander/IUsageFormatter
instanceKlass com/beust/jcommander/IParameterizedParser
instanceKlass com/beust/jcommander/JCommander
instanceKlass org/testng/internal/RuntimeBehavior
instanceKlass org/testng/annotations/AfterMethod
instanceKlass org/testng/internal/annotations/IAfterMethod
instanceKlass org/testng/annotations/BeforeMethod
instanceKlass org/testng/internal/annotations/IBeforeMethod
instanceKlass org/testng/internal/annotations/IBaseBeforeAfterMethod
instanceKlass org/testng/annotations/AfterGroups
instanceKlass org/testng/internal/annotations/IAfterGroups
instanceKlass org/testng/annotations/BeforeGroups
instanceKlass org/testng/internal/annotations/IBeforeGroups
instanceKlass org/testng/annotations/AfterClass
instanceKlass org/testng/internal/annotations/IAfterClass
instanceKlass org/testng/annotations/BeforeClass
instanceKlass org/testng/internal/annotations/IBeforeClass
instanceKlass org/testng/annotations/AfterTest
instanceKlass org/testng/internal/annotations/IAfterTest
instanceKlass org/testng/annotations/BeforeTest
instanceKlass org/testng/internal/annotations/IBeforeTest
instanceKlass org/testng/annotations/AfterSuite
instanceKlass org/testng/internal/annotations/IAfterSuite
instanceKlass org/testng/annotations/BeforeSuite
instanceKlass org/testng/internal/annotations/IBeforeSuite
instanceKlass org/testng/internal/annotations/IBaseBeforeAfter
instanceKlass org/testng/annotations/Ignore
instanceKlass org/testng/annotations/IIgnoreAnnotation
instanceKlass org/testng/annotations/Test
instanceKlass org/testng/annotations/ITestAnnotation
instanceKlass org/testng/annotations/ITestOrConfiguration
instanceKlass org/testng/annotations/Parameters
instanceKlass org/testng/annotations/IParametersAnnotation
instanceKlass org/testng/annotations/ObjectFactory
instanceKlass org/testng/annotations/IObjectFactoryAnnotation
instanceKlass org/testng/annotations/Factory
instanceKlass org/testng/annotations/IFactoryAnnotation
instanceKlass org/testng/internal/annotations/IDataProvidable
instanceKlass org/testng/annotations/IParameterizable
instanceKlass org/testng/annotations/DataProvider
instanceKlass org/testng/annotations/IDataProviderAnnotation
instanceKlass org/testng/annotations/Listeners
instanceKlass org/testng/annotations/IListenersAnnotation
instanceKlass org/testng/internal/annotations/JDK15TagFactory$$Lambda$37
instanceKlass org/testng/internal/Utils
instanceKlass org/testng/internal/annotations/JDK15TagFactory$$Lambda$36
instanceKlass org/testng/internal/annotations/JDK15TagFactory$Default
instanceKlass java/lang/invoke/LambdaForm$DMH
instanceKlass org/testng/annotations/IAnnotation
instanceKlass org/testng/internal/annotations/JDK15TagFactory
instanceKlass org/testng/internal/annotations/JDK15AnnotationFinder
instanceKlass org/testng/internal/objects/GuiceBackedInjectorFactory
instanceKlass org/testng/internal/Configuration$$Lambda$35
instanceKlass org/testng/IExecutorServiceFactory
instanceKlass java/lang/invoke/LambdaForm$DMH
instanceKlass java/util/concurrent/AbstractExecutorService
instanceKlass java/util/concurrent/ExecutorService
instanceKlass java/util/concurrent/Executor
instanceKlass org/testng/IInjectorFactory
instanceKlass org/testng/internal/Configuration
instanceKlass org/testng/xml/XmlSuite
instanceKlass org/testng/CommandLineArgs
instanceKlass org/testng/internal/annotations/IgnoreListener
instanceKlass org/testng/internal/annotations/IAnnotationTransformer
instanceKlass java/util/BitSet
instanceKlass org/testng/internal/ExitCode
instanceKlass org/testng/reporters/IReporterConfig
instanceKlass org/testng/internal/ExitCodeListener
instanceKlass org/testng/IExecutionListener
instanceKlass org/testng/IReporter
instanceKlass org/testng/collections/Sets
instanceKlass org/testng/collections/Lists
instanceKlass org/testng/internal/objects/DefaultTestObjectFactory
instanceKlass org/slf4j/spi/LoggingEventBuilder
instanceKlass org/slf4j/helpers/NamedLoggerBase
instanceKlass java/util/LinkedList$ListItr
instanceKlass org/aspectj/util/PartialOrder$SortObject
instanceKlass org/slf4j/helpers/Reporter
instanceKlass org/slf4j/helpers/Util
instanceKlass org/slf4j/helpers/NOPMDCAdapter
instanceKlass org/slf4j/helpers/NOPLoggerFactory
instanceKlass org/slf4j/helpers/NOP_FallbackServiceProvider
instanceKlass org/slf4j/helpers/ThreadLocalMapOfStacks
instanceKlass org/slf4j/helpers/BasicMDCAdapter
instanceKlass org/slf4j/Marker
instanceKlass org/slf4j/helpers/BasicMarkerFactory
instanceKlass java/util/concurrent/LinkedBlockingQueue$Node
instanceKlass java/util/concurrent/locks/AbstractQueuedSynchronizer$ConditionObject
instanceKlass java/util/concurrent/locks/Condition
instanceKlass org/slf4j/Logger
instanceKlass org/slf4j/helpers/SubstituteLoggerFactory
instanceKlass org/slf4j/ILoggerFactory
instanceKlass org/slf4j/spi/MDCAdapter
instanceKlass org/slf4j/IMarkerFactory
instanceKlass org/slf4j/helpers/SubstituteServiceProvider
instanceKlass org/aspectj/weaver/bcel/BcelClassWeaver$IfaceInitList
instanceKlass org/slf4j/event/LoggingEvent
instanceKlass org/slf4j/spi/SLF4JServiceProvider
instanceKlass org/slf4j/LoggerFactory
instanceKlass org/testng/log4testng/Logger$$Lambda$34
instanceKlass org/testng/collections/Maps
instanceKlass org/testng/log4testng/Logger
instanceKlass org/testng/ITestListener
instanceKlass org/testng/ISuite
instanceKlass org/testng/IAttributes
instanceKlass org/testng/thread/IThreadWorkerFactory
instanceKlass java/util/concurrent/BlockingQueue
instanceKlass org/testng/IDynamicGraph
instanceKlass org/aspectj/weaver/bcel/BcelGenericSignatureToTypeXConverter
instanceKlass org/testng/ITestNGListenerFactory
instanceKlass org/testng/internal/annotations/IAnnotationFinder
instanceKlass org/testng/xml/IPostProcessor
instanceKlass org/testng/internal/IConfiguration
instanceKlass org/testng/ITestObjectFactory
instanceKlass org/testng/IAnnotationTransformer
instanceKlass org/testng/ITestNGListener
instanceKlass org/testng/TestNG
instanceKlass java/util/Collections$UnmodifiableMap$UnmodifiableEntrySet$UnmodifiableEntry
instanceKlass java/util/Collections$UnmodifiableMap$UnmodifiableEntrySet$1
instanceKlass java/util/stream/Nodes$ArrayNode
instanceKlass java/util/stream/Node$Builder
instanceKlass java/util/stream/Node$OfDouble
instanceKlass java/util/stream/Node$OfLong
instanceKlass java/util/stream/Node$OfInt
instanceKlass java/util/stream/Node$OfPrimitive
instanceKlass java/util/stream/Nodes$EmptyNode
instanceKlass java/util/stream/Node
instanceKlass java/util/stream/Nodes
instanceKlass sun/util/cldr/CLDRTimeZoneNameProviderImpl$AVAILABLE_IDS$$Lambda$33
instanceKlass java/util/function/IntFunction
instanceKlass java/lang/invoke/LambdaForm$DMH
instanceKlass java/util/stream/SortedOps
instanceKlass sun/util/cldr/CLDRTimeZoneNameProviderImpl$AVAILABLE_IDS
instanceKlass sun/util/cldr/CLDRBaseLocaleDataMetaInfo$TZCanonicalIDMapHolder
instanceKlass sun/util/resources/Bundles$CacheKeyReference
instanceKlass java/util/ResourceBundle$ResourceBundleProviderHelper$$Lambda$32
instanceKlass java/util/ResourceBundle$ResourceBundleProviderHelper
instanceKlass sun/util/resources/Bundles$CacheKey
instanceKlass java/util/ResourceBundle$1
instanceKlass jdk/internal/misc/JavaUtilResourceBundleAccess
instanceKlass sun/util/resources/Bundles
instanceKlass sun/util/resources/LocaleData$LocaleDataStrategy
instanceKlass sun/util/resources/Bundles$Strategy
instanceKlass sun/util/resources/LocaleData$1
instanceKlass sun/util/resources/provider/NonBaseLocaleDataMetaInfo
instanceKlass sun/util/locale/provider/JRELocaleProviderAdapter$$Lambda$31
instanceKlass sun/util/locale/provider/BaseLocaleDataMetaInfo
instanceKlass sun/util/locale/provider/JRELocaleProviderAdapter$$Lambda$30
instanceKlass sun/util/cldr/CLDRLocaleProviderAdapter$$Lambda$29
instanceKlass sun/util/resources/cldr/provider/CLDRLocaleDataMetaInfo
instanceKlass sun/util/cldr/CLDRLocaleProviderAdapter$1
instanceKlass sun/util/locale/StringTokenIterator
instanceKlass sun/util/locale/ParseStatus
instanceKlass sun/util/cldr/CLDRBaseLocaleDataMetaInfo
instanceKlass sun/util/locale/provider/LocaleDataMetaInfo
instanceKlass sun/util/locale/provider/LocaleProviderAdapter$1
instanceKlass sun/util/resources/LocaleData
instanceKlass sun/util/locale/provider/LocaleResources
instanceKlass sun/util/locale/LanguageTag
instanceKlass sun/util/locale/provider/ResourceBundleBasedAdapter
instanceKlass sun/util/locale/provider/LocaleProviderAdapter
instanceKlass java/util/LinkedList$Node
instanceKlass java/util/ResourceBundle
instanceKlass java/util/ResourceBundle$Control
instanceKlass sun/util/locale/provider/TimeZoneNameUtility$TimeZoneNameGetter
instanceKlass sun/util/locale/provider/LocaleServiceProviderPool$LocalizedObjectGetter
instanceKlass sun/util/locale/provider/LocaleServiceProviderPool
instanceKlass java/util/spi/LocaleServiceProvider
instanceKlass sun/util/locale/provider/TimeZoneNameUtility
instanceKlass sun/util/calendar/CalendarUtils
instanceKlass sun/util/calendar/CalendarDate
instanceKlass sun/util/calendar/ZoneInfoFile$1
instanceKlass sun/util/calendar/ZoneInfoFile
instanceKlass java/util/TimeZone
instanceKlass sun/util/calendar/CalendarSystem$GregorianHolder
instanceKlass sun/util/calendar/CalendarSystem
instanceKlass java/util/Date
instanceKlass sun/nio/cs/Surrogate
instanceKlass sun/nio/cs/Surrogate$Parser
instanceKlass jdk/internal/vm/VMSupport
instanceKlass java/net/Socket$2
instanceKlass sun/net/NetHooks
instanceKlass sun/net/spi/DefaultProxySelector$4
instanceKlass sun/net/spi/DefaultProxySelector$NonProxyInfo
instanceKlass sun/net/NetProperties$1
instanceKlass sun/net/NetProperties
instanceKlass sun/net/spi/DefaultProxySelector$1
instanceKlass java/net/Proxy
instanceKlass java/net/ProxySelector
instanceKlass java/net/SocksSocketImpl$3
instanceKlass java/net/Inet6Address$Inet6AddressHolder
instanceKlass java/net/AbstractPlainSocketImpl$1
instanceKlass java/net/NetworkInterface
instanceKlass java/net/StandardSocketOptions$StdSocketOption
instanceKlass java/net/SocketOption
instanceKlass java/net/StandardSocketOptions
instanceKlass java/net/SocketImpl
instanceKlass java/net/SocketOptions
instanceKlass java/net/SocksConsts
instanceKlass java/net/InetSocketAddress$InetSocketAddressHolder
instanceKlass java/net/InetAddress$PlatformNameService
instanceKlass java/net/InetAddress$NameService
instanceKlass java/net/Inet6AddressImpl
instanceKlass java/net/InetAddressImpl
instanceKlass java/net/InetAddressImplFactory
instanceKlass java/util/concurrent/ConcurrentSkipListMap$Node
instanceKlass com/intellij/rt/testng/RemoteTestNGStarter
instanceKlass java/util/concurrent/ConcurrentSkipListMap$Index
instanceKlass java/util/concurrent/ConcurrentNavigableMap
instanceKlass sun/nio/cs/ArrayDecoder
instanceKlass java/net/InetAddress$InetAddressHolder
instanceKlass java/lang/StringCoding$StringDecoder
instanceKlass java/net/InetAddress$2
instanceKlass jdk/internal/misc/JavaNetInetAddressAccess
instanceKlass java/net/InetAddress$1
instanceKlass sun/launcher/LauncherHelper
instanceKlass java/net/InetAddress
instanceKlass java/net/SocketAddress
instanceKlass java/net/Socket
instanceKlass com/intellij/rt/execution/application/AppMainV2
instanceKlass org/aspectj/weaver/TypeVariable
instanceKlass org/aspectj/util/GenericSignature$TypeArgument
instanceKlass org/aspectj/util/GenericSignature$SimpleClassTypeSignature
instanceKlass org/aspectj/util/GenericSignature$FormalTypeParameter
instanceKlass org/aspectj/util/GenericSignature$ClassSignature
instanceKlass org/aspectj/util/GenericSignature$TypeSignature
instanceKlass org/aspectj/util/GenericSignatureParser
instanceKlass com/intellij/rt/execution/application/AppMainV2$Agent
instanceKlass org/aspectj/weaver/Dump
instanceKlass org/aspectj/weaver/JoinPointSignature
instanceKlass org/aspectj/weaver/JoinPointSignatureIterator
instanceKlass org/aspectj/weaver/bcel/Range$Where
instanceKlass org/aspectj/weaver/bcel/Range
instanceKlass org/aspectj/apache/bcel/generic/CodeExceptionGen
instanceKlass org/aspectj/apache/bcel/classfile/LineNumber
instanceKlass org/aspectj/apache/bcel/generic/InstructionConstants$Clinit
instanceKlass org/aspectj/apache/bcel/generic/InstructionList
instanceKlass org/aspectj/util/PartialOrder
instanceKlass org/aspectj/apache/bcel/generic/Tag
instanceKlass org/aspectj/weaver/bcel/BcelClassWeaver
instanceKlass org/aspectj/weaver/IClassWeaver
instanceKlass org/aspectj/weaver/bcel/LazyMethodGen
instanceKlass org/aspectj/apache/bcel/generic/InstructionFactory
instanceKlass org/aspectj/apache/bcel/generic/InstructionConstants
instanceKlass org/aspectj/weaver/bcel/LazyClassGen
instanceKlass org/aspectj/weaver/patterns/FastMatchInfo
instanceKlass java/util/LinkedHashMap$LinkedHashIterator
instanceKlass org/aspectj/weaver/tools/WeavingAdaptor$WeavingClassFileProvider$1
instanceKlass org/aspectj/bridge/context/CompilationAndWeavingContext$ContextStackEntry
instanceKlass org/aspectj/bridge/context/CompilationAndWeavingContext$ContextTokenImpl
instanceKlass org/aspectj/bridge/context/CompilationAndWeavingContext$DefaultFormatter
instanceKlass org/aspectj/bridge/context/ContextToken
instanceKlass org/aspectj/bridge/context/ContextFormatter
instanceKlass org/aspectj/bridge/context/CompilationAndWeavingContext
instanceKlass org/aspectj/weaver/bcel/UnwovenClassFile
instanceKlass org/aspectj/weaver/IWeaveRequestor
instanceKlass org/aspectj/weaver/tools/WeavingAdaptor$WeavingClassFileProvider
instanceKlass org/aspectj/weaver/tools/cache/CacheKeyResolver
instanceKlass org/aspectj/weaver/tools/cache/DefaultCacheFactory
instanceKlass org/aspectj/weaver/tools/cache/CacheFactory
instanceKlass org/aspectj/weaver/tools/cache/WeavedClassCache
instanceKlass org/aspectj/weaver/bcel/BcelWeaver$3
instanceKlass java/util/TreeMap$PrivateEntryIterator
instanceKlass java/util/TreeMap$Entry
instanceKlass java/util/NavigableMap
instanceKlass java/util/SortedMap
instanceKlass org/aspectj/weaver/patterns/PointcutEvaluationExpenseComparator
instanceKlass java/util/NavigableSet
instanceKlass java/util/SortedSet
instanceKlass org/aspectj/weaver/patterns/PointcutRewriter
instanceKlass org/aspectj/weaver/ResolvedType$4
instanceKlass org/aspectj/weaver/IntMap
instanceKlass org/aspectj/weaver/bcel/AtAjAttributes$1
instanceKlass org/aspectj/weaver/bcel/AtAjAttributes$MethodArgument
instanceKlass org/aspectj/apache/bcel/generic/Type$TypeHolder
instanceKlass org/aspectj/bridge/SourceLocation
instanceKlass org/aspectj/weaver/Iterators$6
instanceKlass org/aspectj/weaver/Iterators$4$1
instanceKlass org/aspectj/weaver/Iterators$4
instanceKlass org/aspectj/weaver/ResolvedType$3
instanceKlass org/aspectj/weaver/patterns/IVerificationRequired
instanceKlass org/aspectj/weaver/Iterators$1$1
instanceKlass org/aspectj/weaver/Iterators$7
instanceKlass org/aspectj/weaver/Iterators$2
instanceKlass org/aspectj/weaver/Iterators$8
instanceKlass org/aspectj/weaver/Iterators$5
instanceKlass org/aspectj/weaver/ResolvedType$5
instanceKlass org/aspectj/weaver/Iterators$1
instanceKlass org/aspectj/weaver/Iterators$Filter
instanceKlass org/aspectj/weaver/Iterators
instanceKlass org/aspectj/apache/bcel/generic/InstructionHandle
instanceKlass org/aspectj/weaver/CrosscuttingMembers
instanceKlass org/aspectj/weaver/AbstractAnnotationAJ
instanceKlass org/aspectj/weaver/patterns/Bindings
instanceKlass org/aspectj/weaver/Shadow
instanceKlass org/aspectj/weaver/patterns/TypePattern$MatchKind
instanceKlass java/util/StringJoiner
instanceKlass org/aspectj/weaver/patterns/AbstractPatternNodeVisitor
instanceKlass org/aspectj/weaver/patterns/BindingPattern
instanceKlass org/aspectj/weaver/patterns/BasicToken
instanceKlass org/aspectj/weaver/patterns/BasicTokenSource
instanceKlass org/aspectj/weaver/patterns/ITokenSource
instanceKlass org/aspectj/weaver/patterns/IToken
instanceKlass org/aspectj/weaver/patterns/ISignaturePattern
instanceKlass org/aspectj/weaver/patterns/PatternParser
instanceKlass org/aspectj/apache/bcel/classfile/annotation/ElementValue
instanceKlass org/aspectj/apache/bcel/classfile/annotation/NameValuePair
instanceKlass org/aspectj/weaver/patterns/SimpleScope
instanceKlass org/aspectj/weaver/patterns/FormalBinding
instanceKlass org/aspectj/util/TypeSafeEnum
instanceKlass java/util/TimSort
instanceKlass java/util/Arrays$LegacyMergeSort
instanceKlass jdk/internal/jimage/ImageBufferCache$2
instanceKlass jdk/internal/jimage/ImageBufferCache
instanceKlass sun/net/www/protocol/jrt/JavaRuntimeURLConnection$$Lambda$28
instanceKlass org/aspectj/apache/bcel/classfile/Utility$ResultHolder
instanceKlass org/aspectj/weaver/AjcMemberMaker
instanceKlass org/aspectj/weaver/MemberImpl
instanceKlass org/aspectj/weaver/patterns/PatternNodeVisitor
instanceKlass org/aspectj/weaver/bcel/AtAjAttributes$AjAttributeStruct
instanceKlass org/aspectj/weaver/bcel/AtAjAttributes
instanceKlass org/aspectj/apache/bcel/generic/InstructionTargeter
instanceKlass org/aspectj/weaver/ConstantPoolWriter
instanceKlass org/aspectj/apache/bcel/generic/Instruction
instanceKlass org/aspectj/weaver/bcel/Utility
instanceKlass org/aspectj/weaver/bcel/BcelConstantPoolReader
instanceKlass org/aspectj/weaver/AjAttribute
instanceKlass org/aspectj/weaver/SourceContextImpl$1
instanceKlass org/aspectj/weaver/SourceContextImpl
instanceKlass org/aspectj/weaver/ConstantPoolReader
instanceKlass org/aspectj/weaver/patterns/IScope
instanceKlass org/aspectj/weaver/ISourceContext
instanceKlass org/aspectj/weaver/AbstractReferenceTypeDelegate
instanceKlass org/aspectj/apache/bcel/classfile/Utility
instanceKlass org/aspectj/apache/bcel/classfile/InnerClass
instanceKlass org/aspectj/apache/bcel/classfile/LocalVariable
instanceKlass org/aspectj/apache/bcel/classfile/CodeException
instanceKlass org/aspectj/apache/bcel/classfile/annotation/AnnotationGen
instanceKlass org/aspectj/apache/bcel/ExceptionConstants
instanceKlass org/aspectj/apache/bcel/ConstantsInitializer
instanceKlass org/aspectj/apache/bcel/Constants
instanceKlass org/aspectj/apache/bcel/classfile/Attribute
instanceKlass org/aspectj/apache/bcel/classfile/AttributeUtils
instanceKlass org/aspectj/apache/bcel/classfile/Modifiers
instanceKlass org/aspectj/apache/bcel/classfile/SimpleConstant
instanceKlass org/aspectj/apache/bcel/classfile/Constant
instanceKlass org/aspectj/apache/bcel/classfile/ConstantPool
instanceKlass org/aspectj/apache/bcel/classfile/Node
instanceKlass org/aspectj/apache/bcel/classfile/ClassParser
instanceKlass java/io/FilePermission$1
instanceKlass jdk/internal/misc/JavaIOFilePermissionAccess
instanceKlass org/aspectj/weaver/WeaverStateInfo
instanceKlass org/aspectj/weaver/tools/ISupportsMessageContext
instanceKlass org/aspectj/weaver/loadtime/Options$WeaverOption
instanceKlass org/aspectj/weaver/loadtime/Options
instanceKlass org/aspectj/weaver/patterns/PatternNode
instanceKlass org/aspectj/weaver/IHasSourceLocation
instanceKlass java/io/FileFilter
instanceKlass org/aspectj/bridge/ISourceLocation
instanceKlass org/aspectj/weaver/IUnwovenClassFile
instanceKlass org/aspectj/weaver/bcel/BcelWeaver
instanceKlass org/aspectj/apache/bcel/util/ClassLoaderRepository
instanceKlass org/aspectj/weaver/AnnotationAJ
instanceKlass org/aspectj/weaver/reflect/Java15AnnotationFinder
instanceKlass org/aspectj/weaver/reflect/ArgNameFinder
instanceKlass org/aspectj/weaver/reflect/AnnotationFinder
instanceKlass org/aspectj/weaver/ast/ASTNode
instanceKlass org/aspectj/weaver/ShadowMunger
instanceKlass org/aspectj/weaver/IHasPosition
instanceKlass org/aspectj/weaver/bcel/BcelWeavingSupport
instanceKlass org/aspectj/weaver/World$AspectPrecedenceCalculator
instanceKlass org/aspectj/util/FuzzyBoolean
instanceKlass org/aspectj/weaver/ResolvedType$FieldGetter
instanceKlass org/aspectj/weaver/ResolvedType$PointcutGetter
instanceKlass org/aspectj/weaver/ResolvedType$MethodGetterIncludingItds
instanceKlass org/aspectj/weaver/ResolvedType$MethodGetter
instanceKlass org/aspectj/weaver/UnresolvedType$TypeKind
instanceKlass org/aspectj/weaver/TypeFactory
instanceKlass org/aspectj/weaver/ResolvedMember
instanceKlass org/aspectj/weaver/Iterators$Getter
instanceKlass org/aspectj/weaver/TypeVariableReference
instanceKlass org/aspectj/weaver/Lint$Kind
instanceKlass org/aspectj/weaver/Lint
instanceKlass org/aspectj/weaver/CrosscuttingMembersSet
instanceKlass org/aspectj/weaver/World$TypeMap
instanceKlass org/aspectj/bridge/IMessageHandler$1
instanceKlass org/aspectj/weaver/IWeavingSupport
instanceKlass org/aspectj/weaver/ConcreteTypeMunger
instanceKlass org/aspectj/util/PartialOrder$PartialComparable
instanceKlass org/aspectj/weaver/ResolvedTypeMunger
instanceKlass org/aspectj/apache/bcel/generic/Type
instanceKlass org/aspectj/weaver/Member
instanceKlass org/aspectj/weaver/ReferenceTypeDelegate
instanceKlass com/sun/org/apache/xerces/internal/impl/Constants$ArrayEnumeration
instanceKlass com/sun/org/apache/xerces/internal/impl/Constants
instanceKlass com/sun/org/apache/xerces/internal/util/XMLChar
instanceKlass com/sun/org/apache/xerces/internal/parsers/AbstractSAXParser$LocatorProxy
instanceKlass org/xml/sax/ext/Locator2
instanceKlass org/xml/sax/Locator
instanceKlass com/sun/org/apache/xerces/internal/util/XMLSymbols
instanceKlass com/sun/xml/internal/stream/Entity
instanceKlass com/sun/xml/internal/stream/util/BufferAllocator
instanceKlass com/sun/xml/internal/stream/util/ThreadLocalBufferAllocator
instanceKlass java/io/Reader
instanceKlass com/sun/org/apache/xerces/internal/impl/XMLEntityManager$EncodingInfo
instanceKlass com/sun/org/apache/xerces/internal/utils/XMLLimitAnalyzer
instanceKlass com/sun/org/apache/xerces/internal/utils/XMLSecurityPropertyManager
instanceKlass com/sun/org/apache/xerces/internal/xni/parser/XMLInputSource
instanceKlass org/xml/sax/InputSource
instanceKlass com/sun/org/apache/xerces/internal/impl/ExternalSubsetResolver
instanceKlass com/sun/org/apache/xerces/internal/util/EntityResolverWrapper
instanceKlass org/xml/sax/ext/EntityResolver2
instanceKlass com/sun/org/apache/xerces/internal/util/ErrorHandlerWrapper
instanceKlass com/sun/org/apache/xerces/internal/xni/parser/XMLErrorHandler
instanceKlass com/sun/org/apache/xerces/internal/parsers/AbstractSAXParser$AttributesProxy
instanceKlass org/xml/sax/ext/Attributes2
instanceKlass org/xml/sax/Attributes
instanceKlass org/xml/sax/AttributeList
instanceKlass com/sun/org/apache/xerces/internal/util/FeatureState
instanceKlass com/sun/org/apache/xerces/internal/util/PropertyState
instanceKlass com/sun/org/apache/xerces/internal/impl/msg/XMLMessageFormatter
instanceKlass com/sun/org/apache/xerces/internal/util/MessageFormatter
instanceKlass com/sun/org/apache/xerces/internal/impl/XMLVersionDetector
instanceKlass com/sun/org/apache/xerces/internal/impl/validation/ValidationManager
instanceKlass com/sun/org/apache/xerces/internal/impl/dv/dtd/NMTOKENDatatypeValidator
instanceKlass com/sun/org/apache/xerces/internal/impl/dv/dtd/NOTATIONDatatypeValidator
instanceKlass com/sun/org/apache/xerces/internal/impl/dv/dtd/ENTITYDatatypeValidator
instanceKlass com/sun/org/apache/xerces/internal/impl/dv/dtd/ListDatatypeValidator
instanceKlass com/sun/org/apache/xerces/internal/impl/dv/dtd/IDREFDatatypeValidator
instanceKlass com/sun/org/apache/xerces/internal/impl/dv/dtd/IDDatatypeValidator
instanceKlass com/sun/org/apache/xerces/internal/impl/dv/dtd/StringDatatypeValidator
instanceKlass com/sun/org/apache/xerces/internal/impl/dv/DatatypeValidator
instanceKlass com/sun/org/apache/xerces/internal/impl/dv/DTDDVFactory
instanceKlass com/sun/org/apache/xerces/internal/impl/dtd/DTDGrammarBucket
instanceKlass com/sun/org/apache/xerces/internal/impl/dtd/XMLAttributeDecl
instanceKlass com/sun/org/apache/xerces/internal/impl/dtd/XMLSimpleType
instanceKlass com/sun/org/apache/xerces/internal/impl/dtd/XMLElementDecl
instanceKlass com/sun/org/apache/xerces/internal/impl/validation/ValidationState
instanceKlass com/sun/org/apache/xerces/internal/impl/dv/ValidationContext
instanceKlass com/sun/org/apache/xerces/internal/impl/dtd/XMLDTDValidator
instanceKlass com/sun/org/apache/xerces/internal/impl/RevalidationHandler
instanceKlass com/sun/org/apache/xerces/internal/impl/dtd/XMLDTDValidatorFilter
instanceKlass com/sun/org/apache/xerces/internal/xni/parser/XMLDocumentFilter
instanceKlass com/sun/org/apache/xerces/internal/impl/dtd/XMLEntityDecl
instanceKlass com/sun/org/apache/xerces/internal/impl/dtd/XMLDTDProcessor
instanceKlass com/sun/org/apache/xerces/internal/xni/parser/XMLDTDContentModelFilter
instanceKlass com/sun/org/apache/xerces/internal/xni/parser/XMLDTDFilter
instanceKlass com/sun/org/apache/xerces/internal/xni/parser/XMLDTDScanner
instanceKlass com/sun/org/apache/xerces/internal/xni/parser/XMLDTDContentModelSource
instanceKlass com/sun/org/apache/xerces/internal/xni/parser/XMLDTDSource
instanceKlass com/sun/org/apache/xerces/internal/xni/grammars/XMLDTDDescription
instanceKlass com/sun/org/apache/xerces/internal/xni/grammars/XMLGrammarDescription
instanceKlass com/sun/org/apache/xerces/internal/impl/XMLDocumentScannerImpl$TrailingMiscDriver
instanceKlass com/sun/org/apache/xerces/internal/impl/XMLDocumentScannerImpl$PrologDriver
instanceKlass com/sun/org/apache/xerces/internal/impl/XMLDocumentScannerImpl$XMLDeclDriver
instanceKlass com/sun/org/apache/xerces/internal/util/NamespaceSupport
instanceKlass com/sun/org/apache/xerces/internal/xni/NamespaceContext
instanceKlass com/sun/org/apache/xerces/internal/util/XMLAttributesImpl$Attribute
instanceKlass com/sun/org/apache/xerces/internal/util/XMLAttributesImpl
instanceKlass com/sun/org/apache/xerces/internal/xni/XMLAttributes
instanceKlass com/sun/org/apache/xerces/internal/impl/XMLDocumentFragmentScannerImpl$FragmentContentDriver
instanceKlass com/sun/org/apache/xerces/internal/impl/XMLDocumentFragmentScannerImpl$Driver
instanceKlass com/sun/org/apache/xerces/internal/impl/XMLDocumentFragmentScannerImpl$ElementStack2
instanceKlass com/sun/org/apache/xerces/internal/xni/QName
instanceKlass com/sun/org/apache/xerces/internal/impl/XMLDocumentFragmentScannerImpl$ElementStack
instanceKlass com/sun/org/apache/xerces/internal/xni/XMLString
instanceKlass com/sun/org/apache/xerces/internal/impl/XMLScanner
instanceKlass com/sun/xml/internal/stream/XMLBufferListener
instanceKlass com/sun/org/apache/xerces/internal/impl/XMLEntityHandler
instanceKlass com/sun/org/apache/xerces/internal/xni/parser/XMLDocumentScanner
instanceKlass com/sun/org/apache/xerces/internal/xni/parser/XMLDocumentSource
instanceKlass com/sun/org/apache/xerces/internal/impl/XMLErrorReporter
instanceKlass com/sun/org/apache/xerces/internal/impl/XMLEntityScanner
instanceKlass com/sun/org/apache/xerces/internal/xni/XMLLocator
instanceKlass com/sun/xml/internal/stream/XMLEntityStorage
instanceKlass com/sun/org/apache/xerces/internal/utils/XMLSecurityManager
instanceKlass com/sun/org/apache/xerces/internal/util/AugmentationsImpl$AugmentationsItemsContainer
instanceKlass com/sun/org/apache/xerces/internal/util/AugmentationsImpl
instanceKlass com/sun/org/apache/xerces/internal/xni/Augmentations
instanceKlass com/sun/org/apache/xerces/internal/util/XMLResourceIdentifierImpl
instanceKlass com/sun/org/apache/xerces/internal/xni/XMLResourceIdentifier
instanceKlass com/sun/org/apache/xerces/internal/impl/XMLEntityManager
instanceKlass com/sun/org/apache/xerces/internal/xni/parser/XMLEntityResolver
instanceKlass com/sun/org/apache/xerces/internal/xni/parser/XMLComponent
instanceKlass com/sun/org/apache/xerces/internal/util/SymbolTable$Entry
instanceKlass com/sun/org/apache/xerces/internal/util/SymbolTable
instanceKlass javax/xml/parsers/SAXParserFactory
instanceKlass jdk/xml/internal/SecuritySupport$$Lambda$27
instanceKlass java/lang/invoke/LambdaForm$MH
instanceKlass java/lang/invoke/LambdaForm$DMH
instanceKlass java/lang/invoke/LambdaForm$MH
instanceKlass java/lang/invoke/LambdaForm$DMH
instanceKlass java/lang/invoke/LambdaForm$MH
instanceKlass java/lang/invoke/LambdaForm$DMH
instanceKlass java/lang/invoke/LambdaForm$MH
instanceKlass java/lang/invoke/LambdaForm$DMH
instanceKlass java/lang/invoke/ClassSpecializer$Factory$1Var
instanceKlass java/lang/invoke/LambdaForm$MH
instanceKlass java/lang/invoke/LambdaForm$DMH
instanceKlass java/lang/invoke/LambdaForm$BMH
instanceKlass java/lang/invoke/LambdaForm$DMH
instanceKlass java/lang/invoke/LambdaForm$MH
instanceKlass java/lang/invoke/LambdaForm$DMH
instanceKlass java/lang/invoke/LambdaForm$MH
instanceKlass java/lang/invoke/LambdaForm$DMH
instanceKlass sun/reflect/misc/ReflectUtil
instanceKlass java/lang/invoke/LambdaForm$MH
instanceKlass java/lang/invoke/LambdaForm$MH
instanceKlass java/lang/invoke/LambdaForm$MH
instanceKlass java/lang/invoke/LambdaForm$MH
instanceKlass java/lang/invoke/LambdaForm$MH
instanceKlass java/lang/invoke/LambdaForm$MH
instanceKlass java/lang/invoke/LambdaForm$MH
instanceKlass java/lang/invoke/LambdaForm$MH
instanceKlass java/lang/invoke/LambdaForm$MH
instanceKlass java/lang/invoke/LambdaForm$MH
instanceKlass java/lang/invoke/LambdaForm$MH
instanceKlass java/lang/invoke/LambdaForm$MH
instanceKlass java/lang/invoke/LambdaForm$MH
instanceKlass java/lang/invoke/LambdaForm$MH
instanceKlass java/lang/invoke/LambdaForm$MH
instanceKlass java/lang/invoke/LambdaForm$MH
instanceKlass java/lang/invoke/LambdaForm$MH
instanceKlass java/lang/invoke/LambdaForm$MH
instanceKlass java/lang/invoke/LambdaForm$MH
instanceKlass jdk/xml/internal/JdkXmlUtils
instanceKlass com/sun/org/apache/xerces/internal/util/ParserConfigurationSettings
instanceKlass com/sun/org/apache/xerces/internal/parsers/XML11Configurable
instanceKlass com/sun/org/apache/xerces/internal/xni/parser/XMLPullParserConfiguration
instanceKlass com/sun/org/apache/xerces/internal/xni/parser/XMLParserConfiguration
instanceKlass com/sun/org/apache/xerces/internal/xni/parser/XMLComponentManager
instanceKlass com/sun/org/apache/xerces/internal/parsers/XMLParser
instanceKlass com/sun/org/apache/xerces/internal/xni/XMLDTDContentModelHandler
instanceKlass com/sun/org/apache/xerces/internal/xni/XMLDTDHandler
instanceKlass com/sun/org/apache/xerces/internal/xni/XMLDocumentHandler
instanceKlass org/xml/sax/Parser
instanceKlass com/sun/org/apache/xerces/internal/xs/PSVIProvider
instanceKlass jdk/internal/module/SystemModuleFinders$SystemModuleReader$$Lambda$26
instanceKlass jdk/internal/module/Checks
instanceKlass jdk/xml/internal/SecuritySupport$$Lambda$25
instanceKlass org/xml/sax/helpers/XMLReaderFactory$$Lambda$24
instanceKlass org/xml/sax/XMLReader
instanceKlass jdk/xml/internal/SecuritySupport$$Lambda$23
instanceKlass jdk/xml/internal/SecuritySupport$$Lambda$22
instanceKlass jdk/xml/internal/SecuritySupport
instanceKlass org/xml/sax/helpers/XMLReaderFactory
instanceKlass org/aspectj/weaver/loadtime/definition/Definition
instanceKlass org/xml/sax/helpers/DefaultHandler
instanceKlass org/xml/sax/ErrorHandler
instanceKlass org/xml/sax/ContentHandler
instanceKlass org/xml/sax/DTDHandler
instanceKlass org/xml/sax/EntityResolver
instanceKlass org/aspectj/weaver/loadtime/ClassLoaderWeavingAdaptor$SimpleGeneratedClassHandler
instanceKlass org/aspectj/bridge/MessageUtil$11
instanceKlass org/aspectj/bridge/MessageUtil$10
instanceKlass org/aspectj/bridge/MessageUtil$9
instanceKlass org/aspectj/bridge/MessageUtil$8
instanceKlass org/aspectj/bridge/MessageUtil$7
instanceKlass org/aspectj/bridge/MessageUtil$6
instanceKlass org/aspectj/bridge/MessageUtil$5
instanceKlass org/aspectj/bridge/MessageUtil$4
instanceKlass org/aspectj/bridge/MessageUtil$3
instanceKlass org/aspectj/bridge/MessageUtil$2
instanceKlass java/util/regex/IntHashSet
instanceKlass java/util/regex/Matcher
instanceKlass java/util/regex/MatchResult
instanceKlass java/util/regex/Pattern$$Lambda$21
instanceKlass jdk/internal/module/ModulePatcher$PatchedModuleReader
instanceKlass org/aspectj/util/LangUtil
instanceKlass org/aspectj/bridge/MessageUtil$KindSelector
instanceKlass org/aspectj/bridge/Message
instanceKlass org/aspectj/bridge/MessageUtil$IMessageRenderer
instanceKlass org/aspectj/bridge/MessageUtil
instanceKlass sun/net/www/protocol/jar/URLJarFileCallBack
instanceKlass sun/net/www/MessageHeader
instanceKlass sun/net/www/protocol/jar/JarFileFactory
instanceKlass sun/net/www/protocol/jar/URLJarFile$URLJarFileCloseController
instanceKlass java/net/URLConnection
instanceKlass org/aspectj/bridge/Version
instanceKlass org/aspectj/bridge/MessageWriter
instanceKlass org/aspectj/bridge/IMessage$Kind$1
instanceKlass org/aspectj/bridge/IMessage$Kind
instanceKlass org/aspectj/bridge/MessageHandler
instanceKlass org/aspectj/weaver/WeakClassLoaderReference
instanceKlass org/aspectj/apache/bcel/util/ClassLoaderReference
instanceKlass org/aspectj/weaver/loadtime/DefaultWeavingContext
instanceKlass org/aspectj/weaver/loadtime/Aj$WeaverContainer
instanceKlass java/util/StringTokenizer
instanceKlass org/aspectj/weaver/UnresolvedType
instanceKlass org/aspectj/weaver/TypeVariableDeclaringElement
instanceKlass org/aspectj/weaver/tools/Traceable
instanceKlass org/aspectj/weaver/AnnotatedElement
instanceKlass org/aspectj/weaver/reflect/IReflectionWorld
instanceKlass org/aspectj/weaver/World
instanceKlass org/aspectj/weaver/Dump$INode
instanceKlass org/aspectj/apache/bcel/util/Repository
instanceKlass org/aspectj/weaver/loadtime/IWeavingContext
instanceKlass org/aspectj/weaver/IClassFileProvider
instanceKlass org/aspectj/bridge/IMessageHolder
instanceKlass org/aspectj/bridge/IMessageHandler
instanceKlass org/aspectj/bridge/IMessage
instanceKlass org/aspectj/weaver/tools/GeneratedClassHandler
instanceKlass org/aspectj/weaver/tools/WeavingAdaptor
instanceKlass org/aspectj/bridge/IMessageContext
instanceKlass org/aspectj/weaver/loadtime/Aj$ExplicitlyInitializedClassLoaderWeavingAdaptor
instanceKlass jdk/internal/logger/DefaultLoggerFinder$1
instanceKlass java/util/logging/Logger$SystemLoggerHelper$1
instanceKlass java/util/logging/Logger$SystemLoggerHelper
instanceKlass java/util/logging/LogManager$4
instanceKlass jdk/internal/logger/BootstrapLogger$BootstrapExecutors
instanceKlass jdk/internal/logger/BootstrapLogger$RedirectedLoggers
instanceKlass java/util/ServiceLoader$ProviderImpl
instanceKlass java/util/ServiceLoader$Provider
instanceKlass java/util/ServiceLoader$1
instanceKlass java/util/concurrent/CopyOnWriteArrayList$COWIterator
instanceKlass jdk/internal/loader/URLClassPath$1
instanceKlass java/lang/CompoundEnumeration
instanceKlass jdk/internal/loader/BuiltinClassLoader$1
instanceKlass java/util/Collections$EmptyEnumeration
instanceKlass java/util/Collections$EmptyIterator
instanceKlass jdk/internal/jimage/ImageLocation
instanceKlass jdk/internal/jimage/decompressor/Decompressor
instanceKlass jdk/internal/jimage/ImageStringsReader
instanceKlass jdk/internal/jimage/ImageStrings
instanceKlass jdk/internal/jimage/ImageHeader
instanceKlass jdk/internal/jimage/NativeImageBuffer$1
instanceKlass jdk/internal/jimage/NativeImageBuffer
instanceKlass jdk/internal/jimage/BasicImageReader$1
instanceKlass jdk/internal/jimage/BasicImageReader
instanceKlass jdk/internal/jimage/ImageReader
instanceKlass jdk/internal/jimage/ImageReaderFactory$1
instanceKlass jdk/internal/jimage/ImageReaderFactory
instanceKlass jdk/internal/module/SystemModuleFinders$SystemImage
instanceKlass jdk/internal/module/SystemModuleFinders$SystemModuleReader
instanceKlass java/lang/module/ModuleReader
instanceKlass jdk/internal/loader/BuiltinClassLoader$5
instanceKlass jdk/internal/loader/BuiltinClassLoader$2
instanceKlass jdk/internal/module/Resources
instanceKlass java/util/ServiceLoader$3
instanceKlass java/util/ServiceLoader$2
instanceKlass java/util/ServiceLoader$LazyClassPathLookupIterator
instanceKlass java/lang/ModuleLayer$$Lambda$20
instanceKlass java/util/Spliterators$1Adapter
instanceKlass java/util/Spliterators$ArraySpliterator
instanceKlass jdk/internal/loader/AbstractClassLoaderValue$Memoizer
instanceKlass java/util/ServiceLoader$ModuleServicesLookupIterator
instanceKlass java/util/ServiceLoader
instanceKlass jdk/internal/logger/BootstrapLogger$DetectBackend$1
instanceKlass jdk/internal/logger/BootstrapLogger$DetectBackend
instanceKlass jdk/internal/logger/BootstrapLogger
instanceKlass sun/util/logging/PlatformLogger$ConfigurableBridge
instanceKlass sun/util/logging/PlatformLogger$Bridge
instanceKlass java/lang/System$Logger
instanceKlass java/util/stream/Streams
instanceKlass java/util/stream/Streams$AbstractStreamBuilderImpl
instanceKlass java/util/stream/Stream$Builder
instanceKlass java/util/logging/Level$KnownLevel$$Lambda$19
instanceKlass java/util/ArrayList$ArrayListSpliterator
instanceKlass java/util/logging/Level$$Lambda$18
instanceKlass java/util/Hashtable$Enumerator
instanceKlass java/util/Collections$3
instanceKlass java/util/logging/LogManager$LoggerContext$1
instanceKlass java/util/logging/LogManager$VisitedLoggers
instanceKlass java/lang/invoke/LambdaForm$MH
instanceKlass java/lang/invoke/LambdaForm$MH
instanceKlass sun/invoke/util/ValueConversions$WrapperCache
instanceKlass java/lang/invoke/LambdaForm$MH
instanceKlass java/lang/invoke/MethodHandles$1
instanceKlass java/lang/Byte$ByteCache
instanceKlass java/lang/invoke/LambdaForm$MH
instanceKlass java/lang/invoke/LambdaForm$MH
instanceKlass java/lang/invoke/LambdaForm$MH
instanceKlass java/lang/invoke/LambdaForm$MH
instanceKlass java/lang/invoke/LambdaForm$MH
instanceKlass java/lang/invoke/LambdaForm$MH
instanceKlass java/lang/invoke/LambdaForm$MH
instanceKlass java/lang/invoke/LambdaForm$MH
instanceKlass java/lang/invoke/LambdaForm$MH
instanceKlass java/lang/invoke/LambdaForm$MH
instanceKlass java/lang/ClassValue$Version
instanceKlass java/lang/ClassValue$Identity
instanceKlass java/lang/ClassValue
instanceKlass java/lang/invoke/StringConcatFactory$Stringifiers
instanceKlass java/lang/StringConcatHelper
instanceKlass java/lang/invoke/StringConcatFactory$MethodHandleInlineCopyStrategy$3
instanceKlass java/lang/invoke/StringConcatFactory$MethodHandleInlineCopyStrategy$2
instanceKlass java/lang/invoke/StringConcatFactory$MethodHandleInlineCopyStrategy$1
instanceKlass java/lang/invoke/StringConcatFactory$MethodHandleInlineCopyStrategy
instanceKlass java/lang/invoke/StringConcatFactory$RecipeElement
instanceKlass java/lang/invoke/StringConcatFactory$Recipe
instanceKlass java/lang/invoke/StringConcatFactory$1
instanceKlass java/lang/invoke/StringConcatFactory
instanceKlass java/net/URI$Parser
instanceKlass java/nio/file/FileSystems$DefaultFileSystemHolder$1
instanceKlass java/nio/file/FileSystems$DefaultFileSystemHolder
instanceKlass java/nio/file/FileSystems
instanceKlass java/nio/file/Paths
instanceKlass java/util/logging/LogManager$2
instanceKlass java/lang/invoke/VarHandle$AccessDescriptor
instanceKlass java/lang/System$LoggerFinder
instanceKlass java/io/FileInputStream$1
instanceKlass java/util/Properties$LineReader
instanceKlass java/security/Security$1
instanceKlass java/security/Security
instanceKlass sun/security/util/SecurityProperties
instanceKlass sun/security/util/FilePermCompat
instanceKlass sun/security/util/SecurityConstants
instanceKlass java/security/AccessController$1
instanceKlass java/util/logging/LogManager$LoggingProviderAccess
instanceKlass sun/util/logging/internal/LoggingProviderImpl$LogManagerAccess
instanceKlass java/lang/Shutdown$Lock
instanceKlass java/lang/Shutdown
instanceKlass java/lang/ApplicationShutdownHooks$1
instanceKlass java/lang/ApplicationShutdownHooks
instanceKlass java/util/Collections$SynchronizedMap
instanceKlass java/util/concurrent/locks/AbstractQueuedSynchronizer$Node
instanceKlass java/util/logging/LogManager$LogNode
instanceKlass java/util/logging/LogManager$LoggerContext
instanceKlass java/util/logging/LogManager$1
instanceKlass java/util/logging/LogManager
instanceKlass java/util/logging/Logger$ConfigurationData
instanceKlass java/util/logging/Logger$LoggerBundle
instanceKlass java/util/logging/Level
instanceKlass java/util/logging/Handler
instanceKlass java/util/logging/Logger
instanceKlass java/util/regex/Pattern$TreeInfo
instanceKlass java/util/regex/Pattern$$Lambda$17
instanceKlass java/util/regex/Pattern$$Lambda$16
instanceKlass java/util/regex/Pattern$$Lambda$15
instanceKlass java/util/regex/Pattern$BitClass$$Lambda$14
instanceKlass java/util/regex/Pattern$BmpCharPredicate
instanceKlass java/util/regex/Pattern$CharPredicate
instanceKlass java/util/regex/Pattern$Node
instanceKlass java/util/regex/Pattern
instanceKlass org/aspectj/weaver/tools/AbstractTrace
instanceKlass org/aspectj/weaver/tools/Trace
instanceKlass org/aspectj/weaver/tools/TraceFactory
instanceKlass org/aspectj/weaver/tools/cache/SimpleCacheFactory
instanceKlass org/aspectj/weaver/loadtime/Aj
instanceKlass org/aspectj/weaver/loadtime/ClassPreProcessor
instanceKlass org/aspectj/weaver/loadtime/ClassPreProcessorAgentAdapter
instanceKlass sun/instrument/InstrumentationImpl$1
instanceKlass java/lang/instrument/ClassFileTransformer
instanceKlass org/aspectj/weaver/loadtime/Agent
instanceKlass java/security/SecureClassLoader$DebugHolder
instanceKlass java/security/Permissions$1
instanceKlass java/security/PermissionCollection
instanceKlass java/security/SecureClassLoader$1
instanceKlass java/security/SecureClassLoader$CodeSourceKey
instanceKlass java/util/zip/Checksum$1
instanceKlass java/util/zip/CRC32
instanceKlass java/util/zip/Checksum
instanceKlass sun/nio/ByteBuffered
instanceKlass java/lang/Package$VersionInfo
instanceKlass java/lang/NamedPackage
instanceKlass jdk/internal/loader/Resource
instanceKlass java/util/jar/Attributes$Name
instanceKlass java/lang/StringCoding$Result
instanceKlass java/util/jar/Attributes
instanceKlass java/util/zip/ZipFile$InflaterCleanupAction
instanceKlass java/util/zip/Inflater$InflaterZStreamRef
instanceKlass java/util/zip/Inflater
instanceKlass sun/security/action/GetIntegerAction
instanceKlass sun/security/util/Debug
instanceKlass sun/security/util/SignatureFileVerifier
instanceKlass java/util/zip/ZipEntry
instanceKlass java/lang/StringCoding
instanceKlass java/util/jar/JarFile$1
instanceKlass jdk/internal/util/jar/JarIndex
instanceKlass java/nio/Bits$1
instanceKlass jdk/internal/misc/JavaNioAccess$BufferPool
instanceKlass java/nio/Bits
instanceKlass sun/nio/ch/DirectBuffer
instanceKlass jdk/internal/perf/PerfCounter$CoreCounters
instanceKlass jdk/internal/perf/Perf
instanceKlass jdk/internal/perf/Perf$GetPerfAction
instanceKlass jdk/internal/perf/PerfCounter
instanceKlass java/util/zip/ZipUtils
instanceKlass java/util/zip/ZipFile$Source$End
instanceKlass java/lang/invoke/VarForm
instanceKlass java/lang/invoke/VarHandleGuards
instanceKlass jdk/internal/util/Preconditions$1
instanceKlass java/lang/invoke/VarHandle$1
instanceKlass java/lang/invoke/VarHandles
instanceKlass java/util/concurrent/atomic/AtomicBoolean
instanceKlass java/io/RandomAccessFile$2
instanceKlass jdk/internal/misc/JavaIORandomAccessFileAccess
instanceKlass java/io/RandomAccessFile
instanceKlass java/io/DataInput
instanceKlass java/io/DataOutput
instanceKlass java/nio/file/attribute/FileTime
instanceKlass sun/nio/fs/WindowsNativeDispatcher$CompletionStatus
instanceKlass sun/nio/fs/WindowsNativeDispatcher$AclInformation
instanceKlass sun/nio/fs/WindowsNativeDispatcher$Account
instanceKlass sun/nio/fs/WindowsNativeDispatcher$DiskFreeSpace
instanceKlass sun/nio/fs/WindowsNativeDispatcher$VolumeInformation
instanceKlass sun/nio/fs/WindowsNativeDispatcher$FirstStream
instanceKlass sun/nio/fs/WindowsNativeDispatcher$FirstFile
instanceKlass sun/nio/fs/WindowsNativeDispatcher$1
instanceKlass sun/nio/fs/WindowsNativeDispatcher
instanceKlass sun/nio/fs/NativeBuffer$Deallocator
instanceKlass sun/nio/fs/NativeBuffer
instanceKlass sun/nio/fs/NativeBuffers
instanceKlass sun/nio/fs/WindowsFileAttributes
instanceKlass java/nio/file/attribute/DosFileAttributes
instanceKlass sun/nio/fs/AbstractBasicFileAttributeView
instanceKlass sun/nio/fs/DynamicFileAttributeView
instanceKlass sun/nio/fs/WindowsFileAttributeViews
instanceKlass sun/nio/cs/SingleByte
instanceKlass java/nio/charset/StandardCharsets
instanceKlass sun/nio/fs/Util
instanceKlass java/nio/file/attribute/BasicFileAttributeView
instanceKlass java/nio/file/attribute/FileAttributeView
instanceKlass java/nio/file/attribute/AttributeView
instanceKlass java/nio/file/Files
instanceKlass java/nio/file/CopyOption
instanceKlass java/nio/file/attribute/BasicFileAttributes
instanceKlass sun/nio/fs/WindowsPath
instanceKlass java/util/zip/ZipFile$Source$Key
instanceKlass sun/nio/fs/WindowsPathParser$Result
instanceKlass sun/nio/fs/WindowsPathParser
instanceKlass java/util/Arrays$ArrayItr
instanceKlass java/nio/file/FileSystem
instanceKlass java/nio/file/OpenOption
instanceKlass java/nio/file/spi/FileSystemProvider
instanceKlass sun/nio/fs/DefaultFileSystemProvider
instanceKlass java/util/zip/ZipFile$Source
instanceKlass java/util/zip/ZipFile$CleanableResource
instanceKlass java/util/zip/ZipCoder
instanceKlass java/lang/Runtime$Version
instanceKlass java/util/jar/JavaUtilJarAccessImpl
instanceKlass jdk/internal/misc/JavaUtilJarAccess
instanceKlass java/nio/charset/CoderResult
instanceKlass java/nio/charset/CharsetDecoder
instanceKlass java/lang/ThreadLocal$ThreadLocalMap
instanceKlass sun/nio/cs/ThreadLocalCoders$Cache
instanceKlass sun/nio/cs/ThreadLocalCoders
instanceKlass java/lang/Readable
instanceKlass jdk/internal/loader/FileURLMapper
instanceKlass jdk/internal/loader/URLClassPath$JarLoader$1
instanceKlass java/util/zip/ZipFile$1
instanceKlass jdk/internal/misc/JavaUtilZipFileAccess
instanceKlass java/util/zip/ZipFile
instanceKlass java/util/zip/ZipConstants
instanceKlass jdk/internal/loader/URLClassPath$Loader
instanceKlass java/util/Enumeration
instanceKlass jdk/internal/loader/URLClassPath$3
instanceKlass java/security/PrivilegedExceptionAction
instanceKlass sun/util/locale/InternalLocaleBuilder$CaseInsensitiveChar
instanceKlass sun/util/locale/InternalLocaleBuilder
instanceKlass sun/util/locale/LocaleUtils
instanceKlass sun/util/locale/BaseLocale$Key
instanceKlass sun/util/locale/BaseLocale
instanceKlass sun/util/locale/LocaleObjectCache
instanceKlass java/util/Locale
instanceKlass sun/net/util/URLUtil
instanceKlass sun/instrument/TransformerManager$TransformerInfo
instanceKlass sun/instrument/TransformerManager
instanceKlass java/util/ArrayDeque$DeqIterator
instanceKlass java/lang/ClassLoaderHelper
instanceKlass java/lang/ClassLoader$NativeLibrary
instanceKlass java/lang/ClassLoader$2
instanceKlass sun/instrument/InstrumentationImpl
instanceKlass java/lang/instrument/Instrumentation
instanceKlass jdk/internal/module/ModuleBootstrap$SafeModuleFinder
instanceKlass jdk/internal/module/IllegalAccessLogger
instanceKlass jdk/internal/module/ModuleBootstrap$2
instanceKlass jdk/internal/module/IllegalAccessLogger$Builder
instanceKlass java/lang/ModuleLayer$Controller
instanceKlass java/util/concurrent/CopyOnWriteArrayList
instanceKlass jdk/internal/module/ServicesCatalog$ServiceProvider
instanceKlass jdk/internal/module/ModuleLoaderMap$Mapper
instanceKlass jdk/internal/module/ModuleLoaderMap
instanceKlass java/lang/module/ResolvedModule
instanceKlass java/util/Collections$UnmodifiableCollection$1
instanceKlass java/lang/ModuleLayer
instanceKlass java/lang/module/ModuleFinder$1
instanceKlass java/nio/file/Path
instanceKlass java/nio/file/Watchable
instanceKlass java/lang/module/Resolver
instanceKlass java/lang/module/Configuration
instanceKlass java/util/ImmutableCollections$Set12$1
instanceKlass java/util/stream/FindOps$FindSink$OfRef$$Lambda$13
instanceKlass java/util/stream/FindOps$FindSink$OfRef$$Lambda$12
instanceKlass java/util/stream/FindOps$FindSink$OfRef$$Lambda$11
instanceKlass java/util/stream/FindOps$FindSink$OfRef$$Lambda$10
instanceKlass java/util/stream/FindOps$FindOp
instanceKlass java/util/stream/FindOps$FindSink
instanceKlass java/util/stream/FindOps
instanceKlass jdk/internal/module/DefaultRoots$$Lambda$9
instanceKlass java/util/stream/Sink$ChainedReference
instanceKlass java/util/stream/ReduceOps$Box
instanceKlass java/util/stream/ReduceOps$AccumulatingSink
instanceKlass java/util/stream/TerminalSink
instanceKlass java/util/stream/Sink
instanceKlass java/util/function/Consumer
instanceKlass java/util/stream/ReduceOps$ReduceOp
instanceKlass java/util/stream/TerminalOp
instanceKlass java/util/stream/ReduceOps
instanceKlass java/util/stream/Collectors$$Lambda$8
instanceKlass java/util/stream/Collectors$$Lambda$7
instanceKlass java/util/function/BinaryOperator
instanceKlass java/util/function/BiFunction
instanceKlass java/util/stream/Collectors$$Lambda$6
instanceKlass java/util/function/BiConsumer
instanceKlass java/util/stream/Collectors$$Lambda$5
instanceKlass java/util/stream/Collectors$CollectorImpl
instanceKlass java/util/stream/Collector
instanceKlass java/util/Collections$UnmodifiableCollection
instanceKlass java/util/stream/Collectors
instanceKlass jdk/internal/module/DefaultRoots$$Lambda$4
instanceKlass jdk/internal/module/DefaultRoots$$Lambda$3
instanceKlass jdk/internal/org/objectweb/asm/FieldVisitor
instanceKlass jdk/internal/module/DefaultRoots$$Lambda$2
instanceKlass java/lang/ref/Cleaner$Cleanable
instanceKlass jdk/internal/ref/CleanerImpl
instanceKlass java/lang/ref/Cleaner$1
instanceKlass java/lang/ref/Cleaner
instanceKlass jdk/internal/ref/CleanerFactory$1
instanceKlass java/util/concurrent/ThreadFactory
instanceKlass jdk/internal/ref/CleanerFactory
instanceKlass java/lang/invoke/LambdaForm$MH
instanceKlass java/util/ArrayList$Itr
instanceKlass java/lang/invoke/InvokerBytecodeGenerator$CpPatch
instanceKlass java/lang/invoke/LambdaFormBuffer
instanceKlass java/lang/invoke/LambdaFormEditor
instanceKlass java/lang/invoke/DelegatingMethodHandle$Holder
instanceKlass sun/invoke/util/Wrapper$1
instanceKlass java/lang/invoke/DirectMethodHandle$1
instanceKlass sun/invoke/empty/Empty
instanceKlass sun/invoke/util/VerifyType
instanceKlass java/util/ImmutableCollections$ListItr
instanceKlass java/util/ListIterator
instanceKlass java/lang/invoke/ClassSpecializer$Factory
instanceKlass java/lang/invoke/ClassSpecializer$SpeciesData
instanceKlass java/lang/invoke/ClassSpecializer$1
instanceKlass java/util/function/Function
instanceKlass java/lang/invoke/ClassSpecializer
instanceKlass java/lang/invoke/InnerClassLambdaMetafactory$1
instanceKlass jdk/internal/module/DefaultRoots$$Lambda$1
instanceKlass jdk/internal/org/objectweb/asm/AnnotationVisitor
instanceKlass jdk/internal/org/objectweb/asm/Frame
instanceKlass jdk/internal/org/objectweb/asm/Label
instanceKlass jdk/internal/org/objectweb/asm/MethodVisitor
instanceKlass jdk/internal/org/objectweb/asm/Item
instanceKlass jdk/internal/org/objectweb/asm/ByteVector
instanceKlass jdk/internal/org/objectweb/asm/ClassVisitor
instanceKlass sun/invoke/util/BytecodeDescriptor
instanceKlass java/lang/invoke/InfoFromMemberName
instanceKlass java/lang/invoke/MethodHandleInfo
instanceKlass sun/security/action/GetBooleanAction
instanceKlass jdk/internal/org/objectweb/asm/Type
instanceKlass java/lang/invoke/AbstractValidatingLambdaMetafactory
instanceKlass java/lang/invoke/MethodHandleImpl$1
instanceKlass jdk/internal/misc/JavaLangInvokeAccess
instanceKlass java/lang/invoke/Invokers$Holder
instanceKlass java/lang/invoke/BootstrapMethodInvoker
instanceKlass java/util/function/Predicate
instanceKlass java/lang/WeakPairMap$Pair$Lookup
instanceKlass java/lang/WeakPairMap$Pair
instanceKlass java/lang/WeakPairMap
instanceKlass java/lang/Module$ReflectionData
instanceKlass java/lang/invoke/InvokerBytecodeGenerator$2
instanceKlass java/lang/invoke/InvokerBytecodeGenerator
instanceKlass java/lang/invoke/LambdaForm$Holder
instanceKlass java/lang/invoke/LambdaForm$Name
instanceKlass java/lang/invoke/Invokers
instanceKlass java/lang/invoke/MethodHandleImpl
instanceKlass sun/invoke/util/ValueConversions
instanceKlass java/lang/invoke/DirectMethodHandle$Holder
instanceKlass java/lang/invoke/LambdaForm$NamedFunction
instanceKlass sun/invoke/util/Wrapper$Format
instanceKlass sun/invoke/util/VerifyAccess
instanceKlass java/security/Permission
instanceKlass java/security/Guard
instanceKlass java/lang/invoke/MemberName$Factory
instanceKlass java/lang/invoke/MethodHandles
instanceKlass java/lang/invoke/MethodTypeForm
instanceKlass java/lang/Void
instanceKlass java/lang/invoke/MethodType$ConcurrentWeakInternSet
instanceKlass java/lang/invoke/MethodHandles$Lookup
instanceKlass java/lang/invoke/LambdaMetafactory
instanceKlass sun/reflect/annotation/AnnotationParser
instanceKlass java/lang/Class$3
instanceKlass java/lang/PublicMethods$Key
instanceKlass java/lang/PublicMethods$MethodList
instanceKlass java/util/EnumMap$1
instanceKlass java/util/stream/StreamOpFlag$MaskBuilder
instanceKlass java/util/stream/PipelineHelper
instanceKlass java/util/stream/Stream
instanceKlass java/util/stream/BaseStream
instanceKlass java/util/stream/StreamSupport
instanceKlass java/util/Spliterators$IteratorSpliterator
instanceKlass java/util/Spliterator$OfDouble
instanceKlass java/util/Spliterator$OfLong
instanceKlass java/util/Spliterator$OfInt
instanceKlass java/util/Spliterator$OfPrimitive
instanceKlass java/util/Spliterators$EmptySpliterator
instanceKlass java/util/Spliterator
instanceKlass java/util/Spliterators
instanceKlass jdk/internal/module/DefaultRoots
instanceKlass java/util/HashMap$HashIterator
instanceKlass java/util/ImmutableCollections$SetN$SetNIterator
instanceKlass jdk/internal/loader/BuiltinClassLoader$LoadedModule
instanceKlass jdk/internal/util/Preconditions
instanceKlass java/util/Deque
instanceKlass java/util/Queue
instanceKlass sun/net/util/IPAddressUtil
instanceKlass java/lang/Class$1
instanceKlass java/lang/reflect/ReflectAccess
instanceKlass jdk/internal/reflect/LangReflectAccess
instanceKlass java/lang/reflect/Modifier
instanceKlass java/lang/Class$Atomic
instanceKlass java/lang/Class$ReflectionData
instanceKlass java/net/URLStreamHandler
instanceKlass java/lang/StringUTF16
instanceKlass sun/net/www/ParseUtil
instanceKlass java/io/ExpiringCache$Entry
instanceKlass java/net/URL$3
instanceKlass jdk/internal/misc/JavaNetURLAccess
instanceKlass java/net/URL$DefaultFactory
instanceKlass java/net/URLStreamHandlerFactory
instanceKlass jdk/internal/loader/URLClassPath
instanceKlass java/security/Principal
instanceKlass java/security/ProtectionDomain$Key
instanceKlass java/security/ProtectionDomain$JavaSecurityAccessImpl
instanceKlass jdk/internal/misc/JavaSecurityAccess
instanceKlass java/lang/ClassLoader$ParallelLoaders
instanceKlass jdk/internal/reflect/Reflection
instanceKlass jdk/internal/loader/AbstractClassLoaderValue
instanceKlass jdk/internal/module/ServicesCatalog
instanceKlass jdk/internal/loader/BootLoader
instanceKlass java/util/Optional
instanceKlass jdk/internal/module/ModuleBootstrap$Counters
instanceKlass jdk/internal/module/SystemModuleFinders$SystemModuleFinder
instanceKlass java/lang/module/ModuleFinder
instanceKlass jdk/internal/module/SystemModuleFinders$3
instanceKlass jdk/internal/module/ModuleHashes$HashSupplier
instanceKlass java/util/KeyValueHolder
instanceKlass jdk/internal/module/SystemModuleFinders$2
instanceKlass java/util/function/Supplier
instanceKlass java/lang/module/ModuleReference
instanceKlass jdk/internal/module/ModuleResolution
instanceKlass java/util/Collections$UnmodifiableMap
instanceKlass jdk/internal/module/ModuleHashes$Builder
instanceKlass jdk/internal/module/ModuleHashes
instanceKlass jdk/internal/module/ModuleTarget
instanceKlass java/lang/Enum
instanceKlass java/lang/module/ModuleDescriptor$Version
instanceKlass java/lang/module/ModuleDescriptor$Provides
instanceKlass java/lang/module/ModuleDescriptor$Opens
instanceKlass java/lang/module/ModuleDescriptor$Exports
instanceKlass java/lang/module/ModuleDescriptor$Requires
instanceKlass jdk/internal/module/Builder
instanceKlass jdk/internal/module/SystemModules$all
instanceKlass jdk/internal/module/SystemModules
instanceKlass jdk/internal/module/SystemModulesMap
instanceKlass java/net/URI$1
instanceKlass jdk/internal/misc/JavaNetUriAccess
instanceKlass java/net/URI
instanceKlass jdk/internal/module/SystemModuleFinders
instanceKlass jdk/internal/module/ArchivedModuleGraph
instanceKlass java/util/HashMap$Node
instanceKlass jdk/internal/module/ModulePatcher
instanceKlass java/util/ImmutableCollections
instanceKlass java/lang/module/ModuleDescriptor$1
instanceKlass jdk/internal/misc/JavaLangModuleAccess
instanceKlass java/lang/module/ModuleDescriptor
instanceKlass jdk/internal/module/ModuleBootstrap
instanceKlass java/lang/CharacterData
instanceKlass java/lang/invoke/MethodHandleStatics
instanceKlass java/io/ExpiringCache
instanceKlass java/io/FileSystem
instanceKlass java/io/DefaultFileSystem
instanceKlass java/io/File
instanceKlass java/lang/System$2
instanceKlass jdk/internal/misc/JavaLangAccess
instanceKlass sun/io/Win32ErrorMode
instanceKlass jdk/internal/misc/OSEnvironment
instanceKlass java/lang/Integer$IntegerCache
instanceKlass jdk/internal/misc/Signal$NativeHandler
instanceKlass java/util/Hashtable$Entry
instanceKlass jdk/internal/misc/Signal
instanceKlass java/lang/Terminator$1
instanceKlass jdk/internal/misc/Signal$Handler
instanceKlass java/lang/Terminator
instanceKlass java/nio/ByteOrder
instanceKlass java/nio/Buffer$1
instanceKlass jdk/internal/misc/JavaNioAccess
instanceKlass java/util/Arrays
instanceKlass java/nio/charset/CodingErrorAction
instanceKlass java/nio/charset/CharsetEncoder
instanceKlass sun/nio/cs/HistoricallyNamedCharset
instanceKlass sun/security/action/GetPropertyAction
instanceKlass java/lang/ThreadLocal
instanceKlass java/nio/charset/spi/CharsetProvider
instanceKlass java/nio/charset/Charset
instanceKlass java/io/Writer
instanceKlass java/io/OutputStream
instanceKlass java/io/Flushable
instanceKlass java/io/FileDescriptor$1
instanceKlass jdk/internal/misc/JavaIOFileDescriptorAccess
instanceKlass java/io/FileDescriptor
instanceKlass java/lang/VersionProps
instanceKlass jdk/internal/util/StaticProperty
instanceKlass java/lang/Math
instanceKlass java/util/concurrent/ConcurrentHashMap$MapEntry
instanceKlass java/util/concurrent/ConcurrentHashMap$Traverser
instanceKlass java/lang/reflect/Array
instanceKlass java/util/Collections$SynchronizedCollection
instanceKlass java/util/List
instanceKlass java/util/RandomAccess
instanceKlass java/util/Collections
instanceKlass java/util/concurrent/ConcurrentHashMap$CollectionView
instanceKlass java/util/Properties$EntrySet
instanceKlass java/lang/StringLatin1
instanceKlass jdk/internal/misc/VM
instanceKlass jdk/internal/misc/SharedSecrets
instanceKlass java/lang/ref/Reference$1
instanceKlass jdk/internal/misc/JavaLangRefAccess
instanceKlass java/lang/ref/ReferenceQueue$Lock
instanceKlass java/lang/ref/ReferenceQueue
instanceKlass jdk/internal/reflect/ReflectionFactory
instanceKlass java/util/concurrent/locks/LockSupport
instanceKlass java/util/concurrent/ConcurrentHashMap$Node
instanceKlass java/util/Map$Entry
instanceKlass java/util/concurrent/ConcurrentHashMap$CounterCell
instanceKlass java/util/concurrent/locks/ReentrantLock
instanceKlass java/util/concurrent/locks/Lock
instanceKlass java/lang/Runtime
instanceKlass java/util/concurrent/ConcurrentMap
instanceKlass java/util/AbstractMap
instanceKlass java/security/cert/Certificate
instanceKlass jdk/internal/reflect/ReflectionFactory$GetReflectionFactoryAction
instanceKlass java/security/PrivilegedAction
instanceKlass java/util/Objects
instanceKlass java/util/AbstractCollection
instanceKlass java/util/Set
instanceKlass java/util/Collection
instanceKlass java/lang/Iterable
instanceKlass java/security/AccessController
instanceKlass java/lang/String$CaseInsensitiveComparator
instanceKlass java/util/Comparator
instanceKlass java/io/ObjectStreamField
instanceKlass java/util/Iterator
instanceKlass java/lang/Number
instanceKlass java/lang/Character
instanceKlass java/lang/Boolean
instanceKlass java/util/concurrent/locks/AbstractOwnableSynchronizer
instanceKlass java/lang/LiveStackFrame
instanceKlass java/lang/StackFrameInfo
instanceKlass java/lang/StackWalker$StackFrame
instanceKlass java/lang/StackStreamFactory$AbstractStackWalker
instanceKlass java/lang/StackWalker
instanceKlass java/nio/Buffer
instanceKlass java/lang/StackTraceElement
instanceKlass java/security/CodeSource
instanceKlass jdk/internal/loader/ClassLoaders
instanceKlass java/util/jar/Manifest
instanceKlass java/net/URL
instanceKlass java/io/InputStream
instanceKlass java/io/Closeable
instanceKlass java/lang/AutoCloseable
instanceKlass jdk/internal/module/Modules
instanceKlass jdk/internal/misc/Unsafe
instanceKlass java/lang/AbstractStringBuilder
instanceKlass java/lang/Appendable
instanceKlass java/lang/AssertionStatusDirectives
instanceKlass java/lang/invoke/MethodHandleNatives$CallSiteContext
instanceKlass java/lang/invoke/CallSite
instanceKlass java/lang/invoke/MethodType
instanceKlass java/lang/invoke/LambdaForm
instanceKlass java/lang/invoke/MethodHandleNatives
instanceKlass java/lang/invoke/ResolvedMethodName
instanceKlass java/lang/invoke/MemberName
instanceKlass java/lang/invoke/VarHandle
instanceKlass java/lang/invoke/MethodHandle
instanceKlass jdk/internal/reflect/CallerSensitive
instanceKlass java/lang/annotation/Annotation
instanceKlass jdk/internal/reflect/FieldAccessor
instanceKlass jdk/internal/reflect/ConstantPool
instanceKlass jdk/internal/reflect/ConstructorAccessor
instanceKlass jdk/internal/reflect/MethodAccessor
instanceKlass jdk/internal/reflect/MagicAccessorImpl
instanceKlass java/lang/reflect/Parameter
instanceKlass java/lang/reflect/Member
instanceKlass java/lang/reflect/AccessibleObject
instanceKlass java/lang/Module
instanceKlass java/util/Dictionary
instanceKlass java/util/Map
instanceKlass java/lang/ThreadGroup
instanceKlass java/lang/Thread$UncaughtExceptionHandler
instanceKlass java/lang/Thread
instanceKlass java/lang/Runnable
instanceKlass java/lang/ref/Reference
instanceKlass java/security/AccessControlContext
instanceKlass java/security/ProtectionDomain
instanceKlass java/lang/SecurityManager
instanceKlass java/lang/Throwable
instanceKlass java/lang/System
instanceKlass java/lang/ClassLoader
instanceKlass java/lang/Cloneable
instanceKlass java/lang/Class
instanceKlass java/lang/reflect/Type
instanceKlass java/lang/reflect/GenericDeclaration
instanceKlass java/lang/reflect/AnnotatedElement
instanceKlass java/lang/String
instanceKlass java/lang/CharSequence
instanceKlass java/lang/Comparable
instanceKlass java/io/Serializable
ciInstanceKlass java/lang/Object 1 1 92 7 10 10 10 10 8 10 10 10 10 100 8 10 3 8 10 7 1 1 1 1 1 1 1 1 1 1 1 1 1 1 1 1 1 1 1 1 1 1 1 7 1 1 1 1 1 7 1 1 1 1 1 1 1 7 1 1 1 1 1 1 1 1 12 12 7 12 12 1 12 7 12 12 12 1 1 12 1 12 1 1 1 1 1 1 1 1 1 1 1 1
ciInstanceKlass java/io/Serializable 1 0 7 100 100 1 1 1 1
ciInstanceKlass java/lang/String 1 1 878 10 8 9 9 9 10 10 10 9 10 7 10 10 10 10 10 100 8 10 10 9 9 8 10 10 10 10 10 10 10 10 10 10 10 10 10 10 10 100 10 10 100 10 10 10 10 10 10 10 10 10 10 10 10 10 10 10 10 10 10 10 10 100 100 10 10 11 11 10 10 10 10 10 10 9 11 10 10 10 10 10 10 10 10 10 10 10 10 10 10 10 10 10 10 10 10 10 10 10 10 10 10 10 10 10 10 10 10 10 10 10 10 10 10 10 11 10 10 10 10 10 10 100 10 7 10 10 10 10 10 8 10 10 100 3 3 7 10 10 10 10 10 11 7 10 10 7 10 10 10 11 11 11 7 10 10 10 10 10 10 10 10 10 10 10 10 10 10 10 10 10 10 10 10 7 100 10 100 10 10 100 10 10 10 7 10 10 10 10 8 10 10 10 8 8 10 10 10 10 10 10 10 100 10 8 10 10 10 7 3 8 8 8 10 10 10 10 10 10 8 8 10 8 8 8 8 8 10 10 10 8 7 10 10 10 7 9 7 10 100 100 1 1 1 1 1 1 1 1 1 1 1 1 1 5 0 1 1 1 1 1 1 1 1 1 3 1 3 1 1 1 1 1 1 1 1 1 1 1 1 1 1 1 1 1 1 1 1 1 1 100 1 1 1 1 100 1 1 1 1 1 1 1 1 1 1 7 1 1 1 100 1 1 1 100 1 1 1 1 1 1 1 1 1 1 1 1 1 1 1 1 1 1 1 1 1 1 1 1 1 1 1 1 1 1 1 1 1 1 1 1 1 1 1 1 1 1 1 1 1 1 1 1 1 1 1 1 1 1 100 1 1 1 1 1 1 1 1 1 1 1 1 1 1 1 1 1 1 1 1 1 1 1 1 1 1 1 1 1 1 1 1 1 1 1 1 1 1 1 1 1 1 1 1 1 1 1 1 1 1 1 1 1 1 1 1 1 1 1 1 1 1 1 1 1 1 1 1 1 1 1 1 1 1 1 1 1 1 1 1 1 1 1 1 1 1 1 1 1 1 1 1 1 1 1 1 100 1 1 1 100 1 1 1 1 1 1 1 1 1 1 1 1 1 1 1 100 1 1 1 1 100 1 1 100 1 1 1 1 1 1 1 1 1 1 1 1 1 1 1 1 1 1 1 1 1 1 1 1 1 1 1 1 1 1 1 1 1 100 1 1 1 1 1 1 1 1 1 1 1 1 1 1 1 1 1 1 1 1 1 12 1 12 12 12 12 12 12 12 7 12 1 7 7 12 12 12 12 1 12 7 12 12 12 12 12 12 12 12 12 12 12 12 12 12 1 12 12 1 12 12 12 12 7 12 12 12 12 12 12 12 12 12 12 1 1 12 12 12 12 12 12 12 12 12 7 12 12 12 12 12 12 12 12 12 12 12 12 12 12 12 12 12 12 12 12 12 12 12 12 12 7 12 12 12 12 7 12 12 12 12 7 12 12 7 12 1 1 12 12 12 1 12 1 1 12 12 12 12 7 12 12 12 1 12 12 100 12 12 12 1 12 7 12 12 12 12 12 12 12 12 12 12 12 1 1 1 12 1 7 12 1 1 12 1 12 12 1 12 12 1 1 12 12 12 7 12 100 12 100 12 1 1 12 12 1 1 1 1 12 12 12 12 1 1 1 1 1 1 1 12 12 12 1 1 12 12 12 1 12 1 1 1 1 1 1 1 1 1 1 1 1 1 1 1 1 1 1 1 1 1 1 1 1 1 1 1 1 1 1 1 1 1 1 1 1 1 1 1 1 1 1 1 1 1 1 1 1 1 1 1 1 1 1 1 1 1 1 1 1 1 1 1 1 1 1 1 1 1 1 1 1 1 1 1 1 1 1 1 1 1 1 1 1 1 1 1 1 1 1 1 1 1 1 1 1 1 1 1 1 1 1 1 1 1 1 1 1 1 1 1 1 1 1 1 1 1 1 1 1 1 1 1 1 1 1 1
staticfield java/lang/String COMPACT_STRINGS Z 1
staticfield java/lang/String serialPersistentFields [Ljava/io/ObjectStreamField; 0 [Ljava/io/ObjectStreamField;
staticfield java/lang/String CASE_INSENSITIVE_ORDER Ljava/util/Comparator; java/lang/String$CaseInsensitiveComparator
ciInstanceKlass java/lang/Class 1 1 1435 10 9 9 7 10 10 8 10 8 8 10 10 10 10 10 10 10 10 10 10 10 8 10 8 8 10 7 8 8 8 10 11 10 10 8 10 10 10 10 9 10 10 10 18 10 7 10 10 10 100 10 9 7 100 8 10 10 10 10 7 10 7 100 10 10 9 10 10 7 10 100 10 10 10 9 10 10 10 9 10 10 100 10 10 10 10 9 8 10 10 10 10 10 10 9 10 7 10 10 10 10 10 10 10 10 10 10 10 10 10 10 10 10 10 10 10 10 100 8 10 10 100 10 100 11 10 10 10 10 10 10 8 10 10 8 9 10 10 10 10 100 9 10 9 10 10 10 8 10 10 10 10 7 10 10 10 10 10 10 10 100 10 10 10 10 10 10 10 10 10 7 10 10 11 10 10 10 10 10 10 100 10 10 10 100 100 10 10 10 10 10 10 10 10 11 10 10 9 10 9 7 10 9 10 7 10 9 10 10 10 10 10 10 10 8 10 10 9 9 10 7 9 10 10 7 10 10 10 10 9 10 9 10 10 9 9 10 10 9 100 10 10 7 10 100 11 9 9 7 10 9 9 10 10 9 7 10 10 10 10 10 10 10 9 10 10 10 10 8 7 10 7 8 8 8 8 10 9 9 10 7 9 7 10 7 10 10 9 8 10 7 10 7 10 9 100 8 10 7 4 10 10 11 10 100 10 10 8 8 10 9 11 7 11 9 10 10 10 9 9 10 10 10 10 10 11 11 11 11 100 11 10 10 100 11 10 10 10 11 11 7 10 10 9 9 10 10 10 10 100 10 10 7 9 100 7 100 100 1 1 1 7 1 1 1 1 1 3 1 3 1 3 1 1 1 1 1 1 1 1 1 1 1 1 1 1 1 1 1 1 1 1 1 1 1 1 1 1 1 1 5 0 1 1 1 1 1 1 1 1 1 1 1 1 1 1 1 100 1 1 1 1 1 1 1 1 1 1 1 1 1 1 1 1 1 1 7 1 1 1 1 1 1 1 1 1 1 1 1 1 1 1 100 1 1 1 1 1 100 1 1 1 1 1 1 1 1 1 100 1 1 1 1 1 1 1 1 1 7 1 1 1 1 1 1 1 1 1 1 1 1 1 1 1 1 1 1 1 1 1 1 1 1 1 1 1 1 1 1 1 1 1 1 1 1 1 7 1 1 1 1 1 1 1 1 100 1 1 1 1 1 1 1 1 1 1 1 1 1 1 1 1 1 100 1 1 1 1 1 1 1 1 1 1 1 1 1 1 1 1 1 1 1 1 1 1 1 1 100 100 1 1 1 1 1 1 1 1 1 1 1 1 1 1 100 1 1 1 1 1 1 1 1 1 1 1 1 1 1 1 1 1 1 1 1 1 1 1 1 1 1 1 1 1 1 1 1 1 1 1 1 1 1 1 1 1 1 1 1 1 1 1 1 1 1 1 1 1 1 1 7 1 1 1 1 1 1 1 1 1 100 100 100 1 1 1 1 1 1 1 1 1 1 1 1 1 1 1 1 1 1 1 1 1 1 1 1 1 1 1 1 1 1 1 1 1 1 1 1 1 1 1 1 1 1 1 1 1 1 1 1 1 1 1 1 1 1 1 1 1 1 1 1 1 1 1 1 1 1 1 1 1 1 1 1 1 1 1 1 1 1 1 1 1 1 7 1 1 1 1 1 1 1 1 1 1 1 1 1 1 1 1 1 1 1 1 1 1 1 1 1 1 1 1 1 1 1 1 100 1 1 1 1 1 1 1 1 1 1 1 1 1 100 1 1 1 1 1 1 7 1 1 1 1 1 1 1 1 1 1 1 1 1 1 1 1 1 1 1 1 1 1 1 1 1 1 1 1 1 1 1 1 1 1 1 1 1 1 1 1 7 1 1 1 1 1 1 1 1 1 1 1 1 1 1 1 1 1 1 1 1 1 1 1 1 1 12 12 12 1 12 1 12 1 1 12 12 12 12 12 12 7 12 12 12 12 1 12 1 1 12 1 1 1 1 12 12 12 1 7 12 12 12 7 12 7 12 12 7 12 12 1 15 16 15 16 12 7 12 1 12 12 7 1 12 12 1 1 1 12 12 12 12 1 12 1 1 12 12 12 12 1 100 12 12 12 12 12 12 12 12 12 1 12 12 12 12 1 12 12 12 12 12 12 12 7 12 12 12 12 12 12 12 12 12 12 12 12 12 12 12 12 12 12 1 1 12 1 12 1 12 100 12 12 12 12 12 1 12 12 1 12 12 12 12 12 1 12 12 12 12 12 1 12 12 12 12 1 12 12 12 12 12 12 12 1 12 12 12 12 12 12 12 1 7 12 12 12 12 7 12 12 12 1 12 12 1 1 12 12 12 12 12 12 100 12 7 12 12 12 12 12 12 1 12 12 1 12 12 100 12 12 12 100 12 12 12 12 1 12 12 12 12 12 1 12 12 12 1 12 12 7 12 7 12 12 12 12 12 12 12 12 12 12 12 1 12 1 12 100 12 12 1 12 12 12 12 12 12 1 12 12 12 12 12 12 12 12 12 1 7 1 1 1 1 12 12 12 12 1 12 1 1 1 12 7 12 12 1 12 1 12 12 1 1 1 12 12 12 1 12 1 1 12 12 12 1 12 12 100 12 7 12 12 12 12 12 12 12 12 12 12 12 12 1 12 100 12 12 1 12 100 12 12 12 12 1 12 12 12 100 12 12 100 12 12 12 1 12 12 1 12 1 1 1 1 1 100 1 1 1 1 1 1 1 1 1 1 1 1 1 1 1 1 1 1 1 1 1 1 1 1 1 1 1 1 1 1 1 1 1 1 1 1 1 1 1 1 10 1 1 1 1 1 1 1 1 1 1 1 1 1 1 1 1 1 1 1 1 1 1 1 1 1 1 1 1 1 1 1 1 1 1 1 1 1 1 1 1 1 1 1 1 1 1 1 1 1 1 1 1 1 1 1 1 1 1 1 1 1 1 1 1 1 1 1 1 1 1 1 1 1 1 1 1 1 1 1 1 1 1 1 1 1 1 1 1 1 1 1 1 1 1 1 1 1 1 1 1 1 1 1 1 1 1 1 1 1 1 1 1 1 1 1 1 1 1 1 1 1 1 1 1 1 1 1 1 1 1 1 1 1 1 1 1 1 1 1 1 1 1 1 1 1 1 1 1 1 1 1 1 1 1 1 1 1 1 1 1 1 1 1 1 1 1 1 1 1 1 1 1 1 1 1 100 12 1 1 100 1 1 100 1 1
staticfield java/lang/Class EMPTY_CLASS_ARRAY [Ljava/lang/Class; 0 [Ljava/lang/Class;
staticfield java/lang/Class serialPersistentFields [Ljava/io/ObjectStreamField; 0 [Ljava/io/ObjectStreamField;
ciInstanceKlass java/lang/Cloneable 1 0 7 100 100 1 1 1 1
instanceKlass jdk/internal/reflect/DelegatingClassLoader
instanceKlass java/security/SecureClassLoader
ciInstanceKlass java/lang/ClassLoader 1 1 1194 9 10 9 10 7 10 10 9 10 100 10 10 10 100 8 10 10 10 10 7 10 7 7 7 10 10 9 7 10 9 9 9 9 9 7 10 9 10 10 9 9 7 9 7 10 10 9 10 7 10 8 10 10 10 7 10 10 8 10 10 10 10 10 10 10 10 100 10 10 10 10 10 10 10 10 10 10 10 10 10 10 10 100 10 100 10 10 10 10 10 100 8 10 8 10 10 100 8 10 10 10 10 10 10 10 10 10 10 10 10 10 10 10 10 10 10 10 10 10 10 10 10 8 11 9 11 10 8 8 10 100 10 10 10 10 10 10 10 10 10 7 10 10 10 7 10 100 18 10 10 10 7 10 10 10 100 10 10 10 10 8 100 10 10 9 10 10 100 8 10 10 8 8 10 10 7 10 10 100 100 10 100 100 10 10 8 10 9 8 9 10 10 10 10 9 10 10 10 10 10 8 10 7 18 10 10 10 10 8 10 10 18 11 100 10 10 10 11 10 18 10 11 18 11 10 10 9 7 10 10 8 10 8 10 7 10 10 100 8 10 10 10 8 8 10 10 10 8 8 10 10 10 7 10 10 10 10 10 11 11 11 11 11 7 10 9 9 9 10 10 100 10 100 10 10 10 9 9 9 9 9 9 8 10 10 10 10 10 11 10 100 10 10 10 7 7 10 1 1 7 1 1 1 1 1 1 1 1 1 1 1 1 1 1 1 1 1 1 1 1 1 1 1 1 1 1 1 1 1 1 1 1 1 1 1 1 1 1 1 1 1 1 1 1 1 1 1 1 1 1 1 1 1 1 1 1 1 1 1 1 1 1 1 1 1 1 1 1 1 1 100 1 1 1 1 100 1 1 1 1 1 1 1 1 1 1 1 1 1 1 1 1 1 100 1 1 1 1 1 1 1 1 1 1 1 1 1 1 1 1 100 1 1 1 1 1 1 1 1 1 1 1 1 100 1 1 1 1 1 1 1 1 1 1 1 1 1 1 1 1 1 1 1 1 1 1 1 1 1 1 1 1 1 1 1 1 1 1 1 1 1 7 1 1 1 1 1 1 1 1 1 1 1 1 1 1 1 1 1 1 1 1 1 1 1 7 1 1 1 1 1 100 1 1 1 1 1 1 1 1 1 1 1 1 1 1 1 1 1 1 1 1 1 100 1 1 1 1 1 1 1 1 1 1 1 1 1 1 1 1 1 1 1 1 1 1 1 1 1 1 1 1 1 1 1 1 1 1 1 1 1 1 1 1 1 1 1 1 1 1 1 1 1 1 1 1 1 1 1 1 1 1 1 1 1 1 1 100 1 1 1 1 1 1 1 1 1 1 1 1 1 1 1 1 1 1 1 1 1 100 100 1 1 1 1 1 1 1 1 1 1 1 1 1 1 1 1 1 1 1 1 1 1 1 7 1 1 1 1 1 1 1 1 1 1 1 1 1 1 1 1 100 1 1 1 1 1 1 1 1 1 1 1 1 1 1 1 1 1 1 1 1 1 1 1 1 1 1 1 1 1 100 12 12 12 12 1 12 12 12 12 1 12 12 12 1 1 12 7 12 12 1 1 1 12 12 12 1 12 12 12 12 12 1 12 12 12 12 12 12 1 12 1 12 12 12 1 1 12 12 1 12 7 12 1 12 12 12 12 12 12 12 12 1 12 100 12 12 12 12 12 12 12 12 12 100 12 12 12 12 1 12 1 12 7 12 12 12 1 1 1 12 12 1 1 12 12 12 12 12 12 12 12 12 12 12 12 7 12 12 12 12 12 12 12 12 12 12 1 12 12 12 1 1 12 1 12 12 12 12 12 7 12 12 7 1 12 12 1 12 1 1 15 16 15 16 12 100 12 100 12 7 12 1 12 12 12 1 12 12 7 12 12 1 1 12 12 7 12 12 1 1 12 1 1 12 12 1 12 100 12 1 1 12 1 1 12 12 1 12 12 1 12 12 12 12 12 100 12 12 12 12 12 12 1 12 1 16 15 16 12 12 12 12 12 1 12 12 16 15 16 12 12 1 12 12 12 15 12 7 12 16 15 16 12 12 12 12 12 1 12 12 1 12 1 12 1 12 1 1 12 12 1 1 12 12 100 12 1 1 100 12 12 1 12 12 12 12 12 12 12 12 1 12 12 12 12 12 12 1 1 12 12 12 12 12 12 12 12 12 12 7 12 12 12 12 12 100 12 1 12 12 12 1 1 1 1 1 1 1 1 1 1 1 1 1 1 1 1 1 1 1 1 1 1 1 1 1 1 1 1 1 1 1 1 1 1 1 1 1 1 1 1 1 1 1 1 1 1 1 1 1 1 1 1 1 1 1 1 1 1 1 1 1 1 1 1 1 1 1 1 1 1 1 1 1 1 1 1 1 1 1 1 1 1 1 1 1 1 1 1 1 1 1 1 1 1 1 1 10 1 10 1 1 1 1 1 1 1 1 1 1 1 1 1 1 1 1 1 1 1 1 1 1 1 1 1 1 1 1 1 1 1 1 1 1 1 1 1 1 1 1 1 1 1 1 10 1 1 1 1 1 1 1 1 10 1 1 1 1 1 10 1 1 1 10 1 1 1 1 1 1 1 1 1 1 1 1 1 1 1 1 1 1 1 1 1 1 1 1 1 1 1 1 1 1 1 1 1 1 1 1 1 1 1 1 1 1 100 12 12 12 12 12 12 1 1 100 1 1 100 1 1
staticfield java/lang/ClassLoader nocerts [Ljava/security/cert/Certificate; 0 [Ljava/security/cert/Certificate;
staticfield java/lang/ClassLoader loadedLibraryNames Ljava/util/Set; java/util/HashSet
staticfield java/lang/ClassLoader $assertionsDisabled Z 1
ciInstanceKlass java/lang/System 1 1 631 10 10 10 10 10 9 7 10 11 10 10 10 100 8 10 10 9 100 8 10 10 8 10 100 10 8 10 10 100 10 10 10 9 9 7 10 10 10 10 10 10 10 100 100 8 10 10 7 10 100 8 10 8 10 100 8 10 100 10 8 10 10 10 8 10 10 10 100 8 10 10 10 100 18 100 9 10 100 10 10 10 10 10 10 10 10 7 7 10 10 100 10 10 100 8 10 9 9 10 10 10 10 8 10 10 8 10 10 8 10 7 9 10 7 9 10 9 7 10 8 10 8 10 10 10 10 10 10 10 10 10 9 100 8 10 8 10 10 8 100 10 10 10 10 7 10 10 10 10 10 8 10 10 10 10 8 10 10 10 7 10 10 10 9 100 1 1 1 1 1 1 1 1 1 1 1 1 1 1 1 1 1 1 1 1 1 1 1 1 1 1 1 1 1 1 1 1 1 1 1 100 100 1 1 1 100 1 1 1 1 1 1 1 1 1 1 1 1 1 1 1 1 1 1 1 1 1 1 1 1 1 1 1 1 1 1 1 1 1 1 1 1 1 1 1 1 1 1 1 1 1 1 1 1 1 1 1 1 1 1 1 1 1 1 1 1 1 1 1 1 1 1 1 1 1 1 1 1 1 1 1 1 1 1 1 1 1 1 1 100 1 1 1 1 1 1 1 1 1 1 1 1 1 1 1 1 1 100 1 1 1 1 1 1 1 100 12 12 12 12 12 12 1 7 12 100 12 100 12 12 12 1 1 12 12 12 1 1 12 100 12 1 12 1 12 12 12 1 12 100 12 12 12 12 1 12 7 12 12 12 12 12 1 1 1 12 12 1 12 1 1 1 12 1 1 1 1 12 12 7 12 1 12 7 12 7 12 1 1 12 7 12 1 1 15 16 15 16 12 1 12 12 1 12 12 7 12 12 12 12 12 12 1 1 12 12 1 12 7 12 1 1 12 12 12 12 12 12 1 12 12 1 12 12 1 7 12 1 7 12 12 1 12 12 1 12 1 12 1 7 12 12 7 12 12 7 12 12 7 12 12 7 12 12 1 1 12 1 12 1 1 12 12 12 1 12 12 12 100 12 1 12 12 1 12 12 12 1 12 12 12 1 1 1 1 1 1 1 1 1 1 1 1 1 1 1 1 1 1 1 1 1 1 1 1 1 1 1 1 1 1 1 1 1 1 1 1 1 1 1 1 1 1 1 1 1 1 1 1 1 1 1 1 10 1 10 1 1 1 1 1 1 1 1 1 1 1 1 1 1 1 1 1 1 1 1 1 1 1 1 1 1 1 1 1 1 1 1 1 1 1 1 1 1 1 1 1 1 1 1 1 1 1 1 1 1 1 1 1 1 1 1 1 1 1 1 1 1 1 1 1 1 1 1 1 1 1 1 1 100 12 12 1 1 100 1 1 100 1 1
staticfield java/lang/System in Ljava/io/InputStream; java/io/BufferedInputStream
staticfield java/lang/System out Ljava/io/PrintStream; java/io/PrintStream
staticfield java/lang/System err Ljava/io/PrintStream; java/io/PrintStream
instanceKlass java/lang/Exception
instanceKlass java/lang/Error
ciInstanceKlass java/lang/Throwable 1 1 395 10 9 9 9 9 9 10 9 10 10 100 100 10 8 10 8 10 10 10 100 8 10 10 10 10 8 9 10 100 10 10 100 10 10 11 10 10 10 8 10 10 7 8 8 10 10 8 8 9 10 100 10 11 8 8 10 8 10 8 100 10 9 10 10 100 9 10 10 100 8 10 10 10 10 100 10 10 11 11 11 8 8 10 10 10 9 8 7 10 10 100 8 10 11 8 9 10 11 9 11 100 10 7 10 100 1 1 1 100 1 100 1 1 1 1 5 0 1 1 1 1 1 1 1 1 1 1 1 1 1 1 1 1 1 1 1 1 1 1 1 1 1 1 1 1 1 1 1 1 1 1 1 100 1 1 1 1 1 1 1 1 1 1 1 1 1 1 1 1 1 1 1 1 1 1 1 1 1 1 100 1 1 1 1 1 1 1 1 1 1 1 1 1 1 1 1 1 1 1 1 1 1 1 1 1 1 1 1 1 1 1 100 100 100 1 100 100 1 1 1 1 1 1 1 1 1 1 1 1 1 1 1 1 1 12 12 12 12 12 12 12 12 12 12 1 1 1 12 1 100 12 12 1 1 12 7 12 12 1 100 12 12 1 12 12 1 7 12 12 12 12 12 1 12 12 1 1 1 12 12 1 1 12 100 12 1 12 1 1 12 1 12 1 1 12 12 12 100 12 12 12 100 1 1 12 12 100 12 1 100 12 12 12 12 12 1 1 100 12 1 1 12 1 1 12 1 12 100 12 12 12 12 1 12 1 1 1 1 1 1 1 1 1 1 1 1 1 1 1 1 1 1 1 1 1 1 1 1 1 1 1 1 1 1 1 1 1 1 1 1 1 1 1 1 1 1 1 1 1 1 1 1 1 1 1 1 1 1 1 1 1 1 1 1
staticfield java/lang/Throwable UNASSIGNED_STACK [Ljava/lang/StackTraceElement; 0 [Ljava/lang/StackTraceElement;
staticfield java/lang/Throwable SUPPRESSED_SENTINEL Ljava/util/List; java/util/Collections$EmptyList
staticfield java/lang/Throwable EMPTY_THROWABLE_ARRAY [Ljava/lang/Throwable; 0 [Ljava/lang/Throwable;
staticfield java/lang/Throwable $assertionsDisabled Z 1
instanceKlass javax/xml/parsers/FactoryConfigurationError
instanceKlass java/util/ServiceConfigurationError
instanceKlass java/lang/AssertionError
instanceKlass java/lang/VirtualMachineError
instanceKlass java/lang/LinkageError
instanceKlass java/lang/ThreadDeath
ciInstanceKlass java/lang/Error 1 1 40 10 10 10 10 10 100 7 1 1 1 5 0 1 1 1 1 1 1 1 1 1 1 1 1 1 1 1 1 1 1 1 1 12 12 12 12 12 1 1
ciInstanceKlass java/lang/ThreadDeath 0 0 21 10 100 100 1 1 1 5 0 1 1 1 1 1 1 1 1 1 12 1 1
instanceKlass java/security/PrivilegedActionException
instanceKlass sun/security/ec/ECOperations$IntermediateValueException
instanceKlass sun/nio/fs/WindowsException
instanceKlass org/openqa/selenium/net/UrlChecker$TimeoutException
instanceKlass java/util/concurrent/TimeoutException
instanceKlass java/util/concurrent/ExecutionException
instanceKlass org/testng/internal/thread/ThreadTimeoutException
instanceKlass java/security/GeneralSecurityException
instanceKlass org/testng/internal/thread/ThreadExecutionException
instanceKlass java/text/ParseException
instanceKlass java/net/URISyntaxException
instanceKlass javax/xml/parsers/ParserConfigurationException
instanceKlass org/aspectj/weaver/bcel/AtAjAttributes$ThrownFormalNotDeclaredInAdviceSignatureException
instanceKlass org/aspectj/weaver/bcel/AtAjAttributes$ReturningFormalNotDeclaredInAdviceSignatureException
instanceKlass org/aspectj/weaver/bcel/AtAjAttributes$UnreadableDebugInfoException
instanceKlass org/aspectj/apache/bcel/generic/TargetLostException
instanceKlass org/aspectj/weaver/bcel/BcelGenericSignatureToTypeXConverter$GenericSignatureFormatException
instanceKlass java/lang/CloneNotSupportedException
instanceKlass org/xml/sax/SAXException
instanceKlass java/lang/InterruptedException
instanceKlass java/sql/SQLException
instanceKlass java/io/IOException
instanceKlass java/lang/ReflectiveOperationException
instanceKlass java/lang/RuntimeException
ciInstanceKlass java/lang/Exception 1 1 40 10 10 10 10 10 100 7 1 1 1 5 0 1 1 1 1 1 1 1 1 1 1 1 1 1 1 1 1 1 1 1 1 12 12 12 12 12 1 1
instanceKlass jdk/internal/net/http/websocket/FailWebSocketException
instanceKlass jdk/internal/net/http/websocket/CheckFailedException
instanceKlass java/security/ProviderException
instanceKlass java/time/DateTimeException
instanceKlass java/io/UncheckedIOException
instanceKlass org/openqa/selenium/WebDriverException
instanceKlass org/testng/internal/TestListenerHelper$ListenerInvocationException
instanceKlass java/lang/TypeNotPresentException
instanceKlass org/testng/SkipException
instanceKlass io/qameta/allure/AllureResultsWriteException
instanceKlass com/sun/org/apache/xerces/internal/xni/XNIException
instanceKlass java/lang/reflect/UndeclaredThrowableException
instanceKlass com/beust/jcommander/ParameterException
instanceKlass org/testng/TestNGException
instanceKlass java/util/NoSuchElementException
instanceKlass org/aspectj/weaver/patterns/ParserException
instanceKlass java/lang/NegativeArraySizeException
instanceKlass org/aspectj/apache/bcel/generic/ClassGenException
instanceKlass java/lang/IndexOutOfBoundsException
instanceKlass org/aspectj/apache/bcel/classfile/ClassFormatException
instanceKlass java/lang/SecurityException
instanceKlass org/aspectj/weaver/BCException
instanceKlass java/lang/IllegalStateException
instanceKlass org/aspectj/bridge/AbortException
instanceKlass java/lang/UnsupportedOperationException
instanceKlass java/lang/IllegalArgumentException
instanceKlass java/lang/ArithmeticException
instanceKlass java/lang/NullPointerException
instanceKlass java/lang/IllegalMonitorStateException
instanceKlass java/lang/ArrayStoreException
instanceKlass java/lang/ClassCastException
ciInstanceKlass java/lang/RuntimeException 1 1 40 10 10 10 10 10 100 7 1 1 1 5 0 1 1 1 1 1 1 1 1 1 1 1 1 1 1 1 1 1 1 1 1 12 12 12 12 12 1 1
instanceKlass javax/crypto/JceSecurityManager
ciInstanceKlass java/lang/SecurityManager 1 1 572 10 9 7 10 100 8 10 10 10 10 100 10 100 10 9 10 10 10 100 8 10 9 9 8 9 100 10 8 10 10 10 100 10 10 100 100 8 10 8 8 8 8 8 8 10 8 8 8 8 8 10 10 8 100 8 10 8 8 8 8 8 10 8 100 8 8 10 8 8 10 100 8 10 10 100 10 10 10 10 10 10 11 18 11 18 11 18 18 11 18 11 9 9 9 9 7 10 10 10 18 18 10 18 10 18 18 8 10 9 11 8 100 10 10 10 9 10 10 8 100 10 9 8 8 100 10 10 10 9 11 10 11 10 7 7 10 10 10 1 1 1 1 1 1 1 1 1 1 1 1 1 1 1 1 1 1 1 1 1 1 1 1 1 1 100 1 1 1 1 1 1 1 1 1 1 1 1 1 1 1 7 1 1 1 1 1 1 1 1 1 1 1 1 1 1 1 1 1 1 1 1 1 1 1 1 1 1 1 1 1 1 1 1 1 1 1 1 1 1 1 1 1 1 1 1 1 1 1 1 1 1 1 1 1 1 1 1 1 1 100 1 1 1 1 1 1 1 1 1 1 1 1 1 1 1 1 1 1 1 1 1 1 1 1 1 1 1 1 7 1 1 1 1 7 1 1 1 1 1 1 1 1 1 1 1 12 12 1 7 12 1 1 12 12 100 12 1 1 12 7 12 12 12 1 1 12 12 1 12 1 1 12 12 12 1 12 1 1 1 12 1 1 1 1 1 1 12 1 1 1 1 1 12 12 1 1 1 1 1 1 1 1 100 12 1 1 1 1 1 1 12 1 1 12 1 12 12 12 7 12 12 7 12 7 12 1 15 16 15 16 12 7 12 16 15 16 12 12 15 16 15 16 12 16 15 16 12 12 12 12 12 12 1 7 12 12 12 15 16 12 15 16 7 12 15 12 12 15 16 15 16 1 12 12 7 12 1 1 12 12 12 12 12 12 1 1 12 1 1 1 12 7 12 12 12 12 12 1 1 12 12 1 1 1 1 1 1 1 1 1 1 1 1 1 1 1 1 1 1 1 1 1 1 1 1 1 1 1 1 1 1 1 1 1 1 1 1 1 1 1 1 1 1 1 1 1 1 10 1 10 1 1 1 1 1 1 10 1 1 1 1 1 10 11 1 1 1 10 1 1 1 1 1 1 10 1 10 1 1 1 11 1 1 10 10 1 1 1 1 1 1 1 1 1 1 1 1 1 1 1 1 1 1 1 1 7 12 7 12 12 12 7 12 12 12 12 12 1 1 100 1 1 1 1 1 1 1 1 100 1 1
staticfield java/lang/SecurityManager packageAccessLock Ljava/lang/Object; java/lang/Object
staticfield java/lang/SecurityManager packageDefinitionLock Ljava/lang/Object; java/lang/Object
staticfield java/lang/SecurityManager nonExportedPkgs Ljava/util/Map; java/util/concurrent/ConcurrentHashMap
ciInstanceKlass java/security/ProtectionDomain 1 1 331 10 9 7 10 9 9 9 10 7 9 9 7 9 9 10 100 10 10 10 10 9 9 10 7 10 100 10 9 8 100 8 10 10 10 10 8 11 8 10 8 8 10 10 10 10 8 10 8 8 10 9 10 9 10 100 100 10 10 7 10 100 10 10 11 11 100 11 10 10 11 11 10 10 10 11 10 8 8 10 7 10 10 7 1 1 100 1 1 1 1 1 1 1 1 1 1 1 1 1 1 1 1 1 1 1 1 1 1 1 1 100 1 100 1 1 1 1 1 1 1 1 1 1 1 1 1 1 1 1 1 1 1 100 1 1 1 1 1 1 1 1 1 1 7 1 1 1 100 1 1 1 1 1 1 1 1 1 1 1 1 1 1 1 1 1 1 1 1 1 100 100 100 100 1 1 1 1 1 100 12 12 1 12 12 12 12 12 1 12 12 1 12 12 100 12 100 12 12 12 12 100 12 12 1 1 12 100 12 1 1 1 12 12 12 1 1 12 1 1 12 12 12 12 1 12 1 1 100 12 12 12 12 12 1 1 100 12 1 1 12 12 12 12 1 12 12 12 12 12 12 100 12 12 12 1 1 7 12 1 7 12 1 1 1 1 1 1 1 1 1 1 1 1 1 1 1 1 1 1 1 1 1 1 1 1 1 1 1 1 1 1 1 1 1 1 1 1 1 1 1 1 1 1 1 1 1 1 1 1 1 1 1 1 1 1 1 1 1 1 1 1 1 1 1 1 1 1 1 1 1
staticfield java/security/ProtectionDomain filePermCompatInPD Z 0
ciInstanceKlass java/security/AccessControlContext 1 1 367 9 9 10 8 10 10 9 9 9 10 7 100 10 11 11 11 11 7 11 10 10 9 10 11 10 7 100 8 10 10 7 10 9 9 9 9 9 9 9 10 9 10 10 8 10 10 10 100 10 10 10 10 8 10 8 10 8 8 10 8 10 8 10 10 10 8 8 100 10 10 100 10 8 10 10 10 8 10 10 10 7 10 10 10 10 10 10 10 10 7 1 1 1 1 1 1 1 1 1 1 1 1 1 1 1 1 1 1 1 1 1 1 1 1 1 1 1 1 1 1 1 1 1 1 100 1 1 1 1 1 1 100 1 1 1 1 1 1 100 1 1 1 1 1 1 1 1 100 1 1 1 1 1 1 1 1 1 1 1 1 1 1 100 1 1 1 1 1 1 1 1 1 1 1 1 1 1 1 1 1 1 1 1 1 1 1 1 1 1 1 1 1 1 1 1 1 1 1 1 1 1 1 1 1 1 1 1 1 1 1 1 1 1 12 12 100 12 1 100 12 12 12 12 12 7 12 1 12 12 12 12 12 1 12 12 7 12 100 12 12 12 1 1 1 12 12 1 7 12 12 12 12 12 12 12 12 7 12 12 12 12 1 12 12 100 12 1 12 100 12 1 12 1 100 12 1 1 12 1 12 1 12 12 12 1 1 1 12 12 1 12 1 12 12 1 12 12 12 1 12 12 12 12 12 12 1 1 1 1 1 1 1 1 1 1 1 1 1 1 1 1 1 1 1 1 1 1 1 1 1 1 1 1 1 1 1 1 1 1 1 1 1 1 1 1 1 1 1 1 1 1 1 1 1 1 1 1 1 1 1 1 1 1 1 1 1
instanceKlass java/net/URLClassLoader
instanceKlass jdk/internal/loader/BuiltinClassLoader
ciInstanceKlass java/security/SecureClassLoader 1 1 127 10 7 10 9 10 10 9 10 10 10 10 10 10 7 10 7 10 7 10 11 7 100 8 10 10 7 7 1 1 7 1 1 1 1 1 1 1 1 1 1 1 1 1 1 1 1 1 1 1 100 1 1 1 1 100 1 1 1 1 1 1 1 1 1 1 1 1 1 1 1 1 1 1 1 1 1 1 1 1 1 12 1 12 12 7 12 12 12 12 12 12 12 12 12 1 1 12 1 12 7 12 1 1 1 12 12 1 1 1 1 1 1 1 1 1 1 1 1 1 1 1 1 1 1 1 1
instanceKlass java/lang/reflect/InvocationTargetException
instanceKlass java/lang/IllegalAccessException
instanceKlass java/lang/InstantiationException
instanceKlass java/lang/NoSuchFieldException
instanceKlass java/lang/NoSuchMethodException
instanceKlass java/lang/ClassNotFoundException
ciInstanceKlass java/lang/ReflectiveOperationException 1 1 34 10 10 10 10 100 7 1 1 1 5 0 1 1 1 1 1 1 1 1 1 1 1 1 1 1 1 1 12 12 12 12 1 1
ciInstanceKlass java/lang/ClassNotFoundException 1 1 37 100 10 10 9 100 7 1 1 1 5 0 1 1 1 1 1 1 1 1 1 1 1 1 1 1 1 1 1 1 1 12 12 12 1 1 1
instanceKlass java/lang/VerifyError
instanceKlass java/lang/UnsatisfiedLinkError
instanceKlass java/lang/ClassFormatError
instanceKlass java/lang/ClassCircularityError
instanceKlass java/lang/IncompatibleClassChangeError
instanceKlass java/lang/ExceptionInInitializerError
instanceKlass java/lang/BootstrapMethodError
instanceKlass java/lang/NoClassDefFoundError
ciInstanceKlass java/lang/LinkageError 1 1 31 10 10 10 100 7 1 1 1 5 0 1 1 1 1 1 1 1 1 1 1 1 1 1 1 1 12 12 12 1 1
ciInstanceKlass java/lang/NoClassDefFoundError 0 0 26 10 10 100 100 1 1 1 5 0 1 1 1 1 1 1 1 1 1 1 1 1 12 12 1 1
ciInstanceKlass java/lang/ClassCastException 1 1 26 10 10 100 100 1 1 1 5 0 1 1 1 1 1 1 1 1 1 1 1 1 12 12 1 1
ciInstanceKlass java/lang/ArrayStoreException 1 1 26 10 10 100 100 1 1 1 5 0 1 1 1 1 1 1 1 1 1 1 1 1 12 12 1 1
instanceKlass java/lang/InternalError
instanceKlass java/lang/StackOverflowError
instanceKlass java/lang/OutOfMemoryError
ciInstanceKlass java/lang/VirtualMachineError 1 1 34 10 10 10 10 100 7 1 1 1 5 0 1 1 1 1 1 1 1 1 1 1 1 1 1 1 1 1 12 12 12 12 1 1
ciInstanceKlass java/lang/OutOfMemoryError 1 1 26 10 10 100 100 1 1 1 5 0 1 1 1 1 1 1 1 1 1 1 1 1 12 12 1 1
ciInstanceKlass java/lang/StackOverflowError 1 1 26 10 10 100 100 1 1 1 5 0 1 1 1 1 1 1 1 1 1 1 1 1 12 12 1 1
ciInstanceKlass java/lang/IllegalMonitorStateException 1 1 26 10 10 100 100 1 1 1 5 0 1 1 1 1 1 1 1 1 1 1 1 1 12 12 1 1
instanceKlass java/lang/ref/PhantomReference
instanceKlass java/lang/ref/FinalReference
instanceKlass java/lang/ref/WeakReference
instanceKlass java/lang/ref/SoftReference
ciInstanceKlass java/lang/ref/Reference 1 1 159 10 9 10 9 9 7 10 10 9 9 10 10 10 9 9 100 10 10 10 7 10 10 10 7 8 10 7 10 10 10 7 10 10 7 1 1 1 1 1 1 1 1 1 1 1 1 1 1 1 1 1 1 1 1 1 1 1 1 1 1 1 1 1 1 1 1 1 1 100 1 1 100 1 1 1 1 1 1 1 1 1 1 1 1 1 1 7 1 1 1 1 1 1 1 1 1 7 1 1 1 1 12 12 12 12 12 1 12 12 12 12 12 12 12 12 12 1 12 12 1 12 12 12 1 1 12 1 12 12 12 1 7 12 1 1 1 1 1 1 1 1 1 1 1 1 1 1 1 1 1 1 1 1 1 1 1 1 1
staticfield java/lang/ref/Reference processPendingLock Ljava/lang/Object; java/lang/Object
instanceKlass sun/security/util/MemoryCache$SoftCacheEntry
instanceKlass sun/util/locale/provider/LocaleResources$ResourceReference
instanceKlass java/util/ResourceBundle$BundleReference
instanceKlass sun/util/resources/Bundles$BundleReference
instanceKlass org/aspectj/apache/bcel/util/ClassLoaderRepository$SoftHashMap$SpecialValue
instanceKlass sun/util/locale/LocaleObjectCache$CacheEntry
instanceKlass jdk/internal/ref/SoftCleanable
instanceKlass java/lang/invoke/LambdaFormEditor$Transform
ciInstanceKlass java/lang/ref/SoftReference 1 1 47 10 9 9 10 10 7 7 1 1 1 1 1 1 1 1 1 1 1 1 1 1 1 1 1 1 1 1 1 1 1 1 1 1 100 1 1 1 1 12 12 12 12 12 1 1 1
instanceKlass java/util/concurrent/ForkJoinTask$ExceptionNode
instanceKlass java/util/ResourceBundle$KeyElementReference
instanceKlass java/lang/WeakPairMap$WeakRefPeer
instanceKlass jdk/internal/jimage/ImageBufferCache$BufferReference
instanceKlass org/aspectj/weaver/loadtime/Aj$AdaptorKey
instanceKlass java/lang/ClassValue$Entry
instanceKlass java/util/logging/LogManager$LoggerWeakRef
instanceKlass java/util/logging/Level$KnownLevel
instanceKlass java/lang/ThreadLocal$ThreadLocalMap$Entry
instanceKlass jdk/internal/ref/WeakCleanable
instanceKlass java/lang/invoke/MethodType$ConcurrentWeakInternSet$WeakEntry
instanceKlass java/util/WeakHashMap$Entry
ciInstanceKlass java/lang/ref/WeakReference 1 1 31 10 10 100 7 1 1 1 1 1 1 1 1 1 1 1 1 1 1 1 1 1 1 1 1 1 1 12 12 1 1
instanceKlass java/lang/ref/Finalizer
ciInstanceKlass java/lang/ref/FinalReference 1 1 36 10 100 8 10 100 7 1 1 1 1 1 1 1 1 1 1 1 1 1 1 1 1 1 1 1 1 1 1 12 1 1 12 1 1 1
instanceKlass jdk/internal/ref/PhantomCleanable
instanceKlass jdk/internal/ref/Cleaner
ciInstanceKlass java/lang/ref/PhantomReference 1 1 30 10 100 7 1 1 1 1 1 1 1 1 1 1 1 1 1 1 1 1 1 1 1 1 1 1 1 12 1 1
ciInstanceKlass java/lang/ref/Finalizer 1 1 139 9 10 9 9 9 9 7 10 10 7 11 100 10 100 10 10 10 100 10 10 7 10 7 10 10 10 10 7 10 7 10 10 10 7 1 1 1 1 1 1 1 1 1 1 1 1 1 1 1 1 1 1 1 1 1 1 1 1 1 1 1 1 1 1 1 1 1 1 1 1 1 1 1 1 7 1 1 1 1 12 12 12 12 12 12 1 12 12 1 7 12 1 12 1 12 100 12 100 12 1 12 12 1 1 12 12 12 1 12 1 12 12 12 1 1 1 1 1 1 1 1 1 1 1 1 1 1 1 1 1 1 1 1 1 1 1 1 1
staticfield java/lang/ref/Finalizer lock Ljava/lang/Object; java/lang/Object
instanceKlass jdk/internal/net/http/HttpClientImpl$SelectorManager
instanceKlass java/util/concurrent/ForkJoinWorkerThread
instanceKlass com/intellij/rt/execution/application/AppMainV2$1
instanceKlass java/util/logging/LogManager$Cleaner
instanceKlass jdk/internal/misc/InnocuousThread
instanceKlass java/lang/ref/Finalizer$FinalizerThread
instanceKlass java/lang/ref/Reference$ReferenceHandler
ciInstanceKlass java/lang/Thread 1 1 591 9 9 10 9 9 100 8 10 3 8 3 10 10 9 9 9 9 7 100 8 10 9 10 10 10 10 10 10 9 10 10 9 10 10 9 10 9 10 9 9 10 10 9 10 9 100 10 7 10 8 10 10 10 10 10 10 9 100 10 10 10 10 100 11 9 10 10 10 9 10 9 10 100 10 10 10 11 10 10 10 7 10 10 10 10 10 10 10 10 10 10 100 8 10 10 10 8 10 8 10 8 8 10 10 100 8 10 9 9 10 10 10 9 10 100 10 11 9 9 10 100 10 11 100 10 10 11 10 100 10 10 10 8 9 10 11 10 11 10 7 7 1 1 100 1 100 1 100 1 1 1 1 1 1 1 1 1 1 1 1 1 1 1 1 1 1 1 1 100 1 1 1 1 1 1 1 1 1 1 1 1 1 1 3 1 3 1 3 1 1 1 1 1 1 1 1 1 1 1 1 1 1 1 1 1 1 1 1 1 1 1 1 1 1 1 100 1 1 1 1 1 1 1 100 1 1 1 1 1 1 1 1 1 1 1 1 1 7 100 100 100 1 1 1 1 1 1 1 1 1 1 1 1 1 1 1 1 1 1 1 1 1 1 1 1 1 1 1 1 1 1 1 1 1 1 1 1 1 1 1 1 1 1 1 1 1 1 1 1 1 1 1 1 1 1 1 1 1 1 1 1 1 1 1 1 1 1 1 1 1 1 100 100 1 1 1 1 1 1 1 1 1 100 100 1 1 1 1 1 1 1 1 1 1 1 1 1 1 1 1 1 1 1 1 1 1 1 1 1 1 1 1 1 1 1 1 1 1 1 1 1 1 1 1 1 1 100 1 1 1 1 1 1 1 1 1 1 1 1 12 12 12 12 12 1 1 12 1 12 12 12 12 12 12 1 1 1 12 7 12 12 12 12 12 100 12 12 12 12 12 12 12 12 12 7 12 12 12 12 7 12 12 12 12 1 1 1 12 12 12 12 12 12 12 1 12 12 12 1 12 100 12 12 12 12 12 12 12 1 12 12 12 12 12 12 1 12 12 12 12 12 12 12 12 12 1 1 12 12 1 12 1 1 1 100 12 100 12 1 12 12 12 12 12 12 1 12 12 12 12 12 1 12 100 12 1 12 12 12 12 1 12 12 7 12 12 12 12 100 12 12 12 1 1 1 1 1 1 1 1 1 1 1 1 1 1 1 1 1 1 1 1 1 1 1 1 1 1 1 1 1 1 1 1 1 1 1 1 1 1 1 1 1 1 1 1 1 1 1 1 1 1 1 1 1 1 1 1 1 1 1 1 1 1 1 1 1 1 1 1 1 1 1 1 1 1 1 1 1 1
staticfield java/lang/Thread EMPTY_STACK_TRACE [Ljava/lang/StackTraceElement; 0 [Ljava/lang/StackTraceElement;
ciInstanceKlass java/lang/ThreadGroup 1 1 289 10 9 8 9 7 9 9 10 10 10 10 10 9 10 10 9 10 9 9 10 100 10 10 10 9 10 10 9 10 10 10 10 10 10 10 10 10 10 10 100 10 10 10 7 10 7 10 9 10 8 10 10 10 10 11 100 9 100 10 8 10 10 8 10 10 10 10 8 10 8 10 8 7 100 1 1 1 1 1 1 1 1 1 1 1 1 1 1 1 1 1 1 1 1 1 1 1 1 1 1 1 1 1 1 1 1 1 1 1 1 1 1 1 1 1 1 1 1 1 1 1 100 1 1 1 1 1 1 100 1 1 1 1 1 1 1 1 1 1 1 1 1 1 1 1 1 1 1 1 1 1 1 1 1 1 1 1 1 1 1 1 1 1 1 1 1 1 1 1 1 1 1 100 1 1 1 1 1 1 1 1 1 1 1 1 1 12 12 1 12 1 12 12 12 12 12 12 12 12 12 12 12 100 12 12 12 7 12 12 7 12 12 12 12 12 12 12 12 12 12 12 12 12 12 12 1 12 12 1 12 12 12 12 1 12 12 12 12 1 12 1 1 12 12 1 12 12 12 100 1 1 12 1 1 1 1 1 1 1 1 1 1 1 1 1 1 1 1 1 1 1 1 1 1 1 1 1 1 1 1 1 1 1 1 1 1 1 1
ciInstanceKlass java/util/Map 1 1 258 11 11 10 11 11 11 11 7 11 11 100 100 10 11 11 11 11 10 11 11 10 7 10 7 7 10 7 10 7 11 7 11 7 1 1 1 1 1 1 1 1 1 1 1 1 1 1 1 1 1 1 1 1 1 1 1 1 1 1 1 1 1 1 1 1 1 1 1 1 1 1 1 1 1 1 1 1 1 1 1 1 1 1 1 1 1 1 1 1 1 1 1 7 7 1 1 1 1 1 1 100 1 1 1 1 1 1 1 1 1 1 1 1 1 1 1 1 1 1 1 1 1 1 1 1 1 1 1 1 1 1 1 1 1 1 1 1 1 1 1 1 1 1 1 1 1 1 1 1 1 1 1 1 1 1 1 1 1 1 1 1 1 1 1 1 1 1 1 1 1 1 1 1 1 1 1 1 1 1 100 1 1 1 1 1 1 1 1 1 1 1 1 1 1 12 12 7 12 12 7 12 12 12 1 12 12 1 1 12 12 12 12 12 12 12 7 12 7 12 1 1 12 1 1 1 12 1 1 1 12 12 1 1 1 1 1 1 1 1 1 1 1 1 1 1 1 1 1 1 1 1 1 1 1 1 1 1
instanceKlass java/util/Hashtable
ciInstanceKlass java/util/Dictionary 1 1 36 10 100 7 1 1 1 1 1 1 1 1 1 1 1 1 1 1 1 1 1 1 1 1 1 1 1 1 1 1 1 1 1 12 1 1
instanceKlass java/util/Properties
ciInstanceKlass java/util/Hashtable 1 1 512 100 10 9 100 100 10 8 10 10 10 10 10 8 10 9 7 9 7 4 10 9 4 10 11 10 10 9 10 100 10 9 10 9 10 10 3 9 9 3 10 10 10 11 11 11 11 100 11 11 10 10 10 9 9 9 10 100 100 10 10 8 10 10 8 10 8 10 7 10 10 100 10 10 100 10 100 10 10 100 11 11 100 10 10 10 11 100 10 11 11 10 10 10 10 10 10 10 8 10 100 8 10 4 10 4 10 8 10 10 100 11 10 10 10 10 7 100 100 1 1 1 100 1 1 1 1 1 1 1 1 1 1 1 1 1 1 1 1 1 5 0 1 1 1 1 1 1 1 1 1 1 3 1 3 1 3 1 1 1 1 1 1 1 1 1 1 1 1 1 1 1 1 1 1 1 1 1 1 1 1 1 1 1 1 1 1 1 1 1 1 1 1 1 1 1 100 1 1 1 1 1 7 1 1 1 1 1 1 1 1 1 1 1 1 1 1 1 1 1 1 1 1 1 1 1 1 1 100 1 1 1 1 1 1 1 1 1 1 1 1 1 1 1 1 1 100 1 1 1 1 1 1 1 1 1 1 1 1 1 1 1 1 1 1 1 1 1 1 1 1 1 1 1 1 1 1 100 1 1 1 1 1 1 1 100 1 1 1 1 1 1 1 1 1 1 1 1 1 100 1 1 1 1 1 1 1 1 1 1 1 1 1 1 1 100 1 1 1 100 100 1 1 1 1 1 1 100 1 1 100 1 1 1 1 1 1 1 1 1 1 1 1 12 12 1 1 1 12 12 12 12 7 12 1 12 12 1 12 1 7 12 12 12 12 12 12 12 12 1 12 12 12 12 12 12 12 12 12 12 12 100 12 12 12 1 12 12 12 12 12 12 12 12 1 1 12 1 12 1 1 100 12 1 12 12 1 12 12 1 1 12 1 12 12 1 100 12 12 1 12 12 12 12 12 12 12 12 100 12 12 1 1 12 12 1 12 100 12 1 100 12 12 12 12 1 1 1 1 1 1 1 1 1 1 1 1 1 1 1 1 1 1 1 1 1 1 1 1 1 1 1 1 1 1 1 1 1 1 1 1 1 1 1 1 1 1 1 1 1 1 1 1 1 1 1 1 1 1 1 1 1 1 1 1 1 1 1 1 1 1 1
instanceKlass java/security/Provider
ciInstanceKlass java/util/Properties 1 1 645 10 100 10 7 10 9 9 9 10 10 8 10 7 10 10 8 10 7 10 10 9 10 7 10 10 10 100 8 10 10 10 10 100 3 10 10 10 8 10 10 10 10 10 100 7 10 10 7 9 10 10 10 7 10 10 10 11 11 11 7 11 11 10 8 10 10 100 10 10 10 9 10 10 100 100 100 10 8 8 10 10 10 7 10 10 10 7 10 10 11 10 8 10 11 8 10 11 9 10 10 10 10 10 10 10 10 10 10 10 10 10 10 10 7 10 10 10 10 10 10 10 10 10 10 10 10 10 10 10 10 7 10 100 10 11 4 11 10 10 11 10 10 10 100 8 10 10 10 100 6 0 10 11 10 10 1 1 1 1 1 1 5 0 1 1 1 1 1 1 1 1 1 1 1 1 1 1 1 1 1 1 1 1 1 1 1 1 1 1 1 1 1 1 1 1 1 1 1 1 1 1 1 1 1 1 1 1 1 1 1 1 1 1 1 1 1 1 1 1 1 1 1 100 1 1 1 1 1 1 1 1 1 1 1 1 1 1 1 1 1 1 1 1 1 1 1 1 1 100 1 1 1 1 1 1 1 1 1 100 7 100 1 1 1 100 1 1 1 1 1 1 1 1 1 1 1 1 1 1 1 1 1 1 1 1 1 1 1 1 1 1 1 1 1 1 1 1 7 100 1 1 100 1 1 1 1 1 1 1 1 1 1 1 1 1 1 1 1 1 1 1 1 1 1 1 1 1 1 1 1 1 1 1 1 1 1 1 1 1 1 1 1 1 1 1 1 1 1 1 1 1 1 1 1 1 1 1 1 1 1 1 1 1 1 1 1 1 1 1 1 1 1 1 1 1 1 1 1 1 1 1 1 1 1 1 1 1 1 1 1 1 1 1 100 100 1 1 1 1 100 1 1 1 1 1 12 1 12 1 12 12 12 12 7 12 12 1 7 12 1 12 12 1 12 1 12 12 12 12 1 12 12 12 1 1 12 12 12 12 1 12 12 1 12 12 12 12 12 1 1 12 12 1 7 12 12 12 12 1 12 7 12 12 12 1 12 12 12 1 12 12 1 12 100 12 100 12 12 100 12 1 1 1 1 1 12 12 12 1 12 12 1 12 12 7 12 1 12 1 12 12 12 12 12 12 12 12 12 12 12 12 12 12 1 12 12 12 12 12 12 12 12 12 12 12 12 12 12 12 1 12 1 12 12 12 12 12 100 12 12 1 1 12 100 12 1 12 100 12 12 12 1 1 1 1 1 1 1 1 1 1 1 1 1 1 1 1 1 1 1 1 1 1 1 1 1 1 1 1 1 1 1 1 1 1 1 1 1 1 1 1 1 1 1 1 1 1 1 1 1 1 1 1 1 1 1 1 1 1 100 1 1 1 1 1 1 1 1 1 1 1 1 1 1 1 1 1 1 1 1 1 1 1 1 1 1 1 1 1 1 1 1 1 1
staticfield java/util/Properties UNSAFE Ljdk/internal/misc/Unsafe; jdk/internal/misc/Unsafe
staticfield java/util/Properties hexDigit [C 16
ciInstanceKlass java/lang/Module 1 1 907 10 9 10 9 9 9 10 10 10 10 7 10 10 7 11 7 10 10 9 10 10 8 10 10 10 9 11 9 10 9 10 10 100 100 10 10 8 10 10 10 10 10 10 9 10 10 9 10 10 9 11 7 10 9 9 10 7 7 10 100 8 10 10 10 8 10 10 10 10 8 8 10 10 10 18 10 11 9 11 10 100 8 10 7 10 10 11 11 9 11 10 10 9 10 10 10 10 18 11 10 11 10 11 4 10 7 10 11 7 10 11 7 10 7 8 10 10 7 10 10 7 7 10 9 100 10 11 10 10 10 11 7 10 11 10 11 10 10 10 10 10 10 10 10 18 11 11 18 10 10 10 7 10 10 10 9 7 10 10 10 10 10 10 10 10 10 9 18 10 7 100 8 10 10 10 100 10 100 8 100 10 100 100 3 10 100 10 10 10 100 10 10 100 100 10 8 10 10 10 10 10 10 10 100 10 10 10 100 8 10 10 8 10 8 10 10 10 8 10 7 10 10 10 11 100 7 1 1 1 1 1 1 1 1 1 1 1 1 1 1 1 1 1 1 1 1 1 1 1 1 1 1 1 1 1 1 1 1 1 1 1 1 1 1 1 1 1 1 1 1 1 1 7 1 1 1 1 1 1 1 1 1 1 100 1 1 1 1 1 1 1 1 1 1 1 1 1 1 1 1 1 1 1 1 1 1 1 1 1 1 1 1 1 1 1 1 1 1 1 1 1 1 1 1 1 1 1 1 1 1 1 1 1 1 1 1 1 1 1 1 100 1 1 1 1 1 1 1 1 1 1 1 1 1 1 1 1 1 1 1 1 100 1 1 1 1 1 1 1 1 1 1 1 1 1 1 1 1 1 1 1 1 1 1 1 1 1 1 1 1 1 1 1 7 7 7 7 7 1 1 1 1 1 1 1 1 1 1 1 1 1 1 1 1 1 1 1 1 100 1 1 1 1 1 1 1 1 1 1 1 1 1 1 1 1 1 1 1 1 100 1 1 1 1 1 1 1 1 1 1 1 1 1 100 100 1 100 1 1 1 1 1 100 1 1 1 1 1 1 1 1 1 1 1 1 1 1 1 1 1 7 1 1 1 1 1 1 1 1 1 12 12 12 12 12 12 12 12 12 12 1 7 12 12 1 12 12 7 12 100 12 12 12 1 12 12 12 12 12 12 7 12 12 7 12 12 1 1 12 1 12 12 12 12 12 12 12 12 12 12 12 12 12 12 1 12 12 12 12 1 1 12 1 1 12 12 1 12 12 12 12 1 1 12 12 12 1 15 16 15 16 12 12 12 12 12 7 12 1 1 1 12 12 12 12 12 12 12 12 12 12 7 12 16 15 16 12 12 100 12 12 12 12 12 1 12 1 12 1 7 12 100 1 1 1 12 12 1 12 12 1 1 12 12 1 12 12 12 12 1 12 12 12 12 12 12 12 12 12 12 12 16 15 16 12 12 12 15 16 12 12 12 12 1 12 12 12 12 1 12 12 12 12 12 12 12 16 15 16 12 100 12 1 1 1 12 12 12 1 12 1 1 1 1 1 12 1 12 12 12 1 12 12 1 1 12 1 12 12 7 12 12 12 12 12 1 12 12 1 1 12 100 12 1 12 1 12 12 12 1 1 12 12 12 1 1 1 1 1 1 1 1 1 1 1 1 1 1 1 1 1 1 1 1 1 1 1 1 1 1 1 1 1 1 1 1 1 1 1 1 1 1 1 1 1 1 1 1 1 1 1 1 1 1 1 1 1 1 1 1 1 1 1 1 10 10 1 1 1 1 1 1 1 1 1 1 1 1 1 1 1 1 10 1 1 1 1 1 1 1 1 1 1 1 1 1 1 1 1 1 1 1 1 1 1 1 1 1 1 1 1 1 1 1 1 1 1 10 1 1 1 1 1 1 10 1 1 1 1 1 1 10 1 1 1 1 1 1 1 1 1 1 1 1 1 1 1 1 1 1 1 1 1 1 1 1 1 1 1 1 1 1 1 1 1 1 1 1 1 1 7 12 12 100 12 12 12 1 1 100 1 1 1 100 1 1
staticfield java/lang/Module ALL_UNNAMED_MODULE Ljava/lang/Module; java/lang/Module
staticfield java/lang/Module ALL_UNNAMED_MODULE_SET Ljava/util/Set; java/util/ImmutableCollections$Set12
staticfield java/lang/Module EVERYONE_MODULE Ljava/lang/Module; java/lang/Module
staticfield java/lang/Module EVERYONE_SET Ljava/util/Set; java/util/ImmutableCollections$Set12
staticfield java/lang/Module $assertionsDisabled Z 1
instanceKlass java/lang/reflect/Executable
instanceKlass java/lang/reflect/Field
ciInstanceKlass java/lang/reflect/AccessibleObject 1 1 405 10 9 10 10 10 10 100 10 10 9 100 10 11 7 100 10 7 100 10 10 7 10 10 100 10 100 10 10 10 10 10 10 10 10 10 10 8 100 10 10 8 10 10 8 8 8 8 8 8 100 10 10 9 10 10 10 18 10 10 10 11 100 100 8 10 10 10 8 10 8 10 10 100 8 10 11 10 10 10 10 10 9 100 10 10 9 10 8 10 8 10 9 100 10 7 10 10 7 9 7 7 1 1 1 1 1 1 1 1 1 1 1 1 1 1 1 1 100 1 1 1 1 1 1 1 1 1 1 1 1 1 1 1 1 1 1 1 1 1 1 1 1 1 1 1 1 1 1 1 1 1 1 1 1 1 1 1 7 100 1 1 1 1 1 1 1 1 1 1 1 1 1 1 1 1 1 1 1 1 1 1 1 1 1 1 1 1 1 1 1 1 1 1 1 1 1 1 1 1 1 1 1 1 100 1 1 1 1 1 1 1 1 1 1 1 1 1 1 1 1 1 7 12 100 12 12 12 7 12 100 12 12 12 12 1 12 12 1 1 12 1 1 12 12 1 12 12 1 12 1 7 12 12 12 12 12 12 12 12 1 1 12 1 12 12 1 1 1 1 1 1 1 12 12 12 12 12 100 12 1 15 16 15 16 12 12 12 1 1 1 12 12 1 12 1 12 1 1 12 12 12 12 12 12 12 12 12 12 100 12 1 100 12 1 12 12 1 1 1 1 7 12 1 12 1 1 1 1 1 1 1 1 1 1 1 1 1 1 1 1 1 1 1 1 1 1 1 1 1 1 1 1 1 1 1 1 1 1 1 1 1 1 1 1 1 1 1 1 1 1 1 10 10 1 1 1 1 1 1 1 1 1 1 1 1 1 1 1 1 1 1 1 1 100 12 12 1 1 100 1 1 100 1 1
staticfield java/lang/reflect/AccessibleObject reflectionFactory Ljdk/internal/reflect/ReflectionFactory; jdk/internal/reflect/ReflectionFactory
ciInstanceKlass java/lang/reflect/Field 1 1 433 9 10 10 10 9 10 10 10 10 9 9 9 9 9 9 9 100 8 10 7 10 9 9 10 10 10 10 10 10 100 10 10 10 10 10 10 10 100 10 8 10 10 8 10 10 8 8 10 11 9 10 10 11 11 11 11 11 11 11 11 11 11 11 11 11 11 11 11 11 11 10 10 10 10 10 9 10 10 10 10 11 10 7 10 10 9 10 11 10 10 9 10 10 7 100 1 1 1 1 1 1 1 1 1 1 1 1 1 1 1 1 1 1 1 1 1 1 1 1 1 1 1 1 1 1 1 1 1 1 1 1 1 1 1 1 1 1 1 1 1 1 1 1 1 1 1 1 1 1 1 1 1 1 1 1 1 1 1 1 1 1 1 1 1 1 1 1 1 7 1 1 1 1 100 1 1 1 100 1 1 1 1 1 1 1 1 1 1 1 1 1 1 1 1 1 1 1 1 1 1 1 1 1 1 1 1 1 1 1 1 1 1 1 1 1 1 1 1 1 1 1 1 1 1 1 1 1 1 7 100 1 1 1 1 1 7 1 1 1 1 1 1 1 1 1 1 1 1 1 1 1 1 1 1 1 1 7 100 1 1 1 1 1 1 1 1 12 12 7 12 7 12 12 12 12 7 12 12 12 12 12 12 12 12 12 1 1 12 1 12 12 12 12 7 12 12 12 12 12 1 12 12 12 12 12 12 1 1 12 12 1 12 12 1 1 12 12 12 12 12 12 12 12 12 12 12 12 12 12 12 12 12 12 12 12 12 12 12 12 12 12 12 7 12 12 7 12 12 12 1 100 12 7 12 12 7 12 7 12 12 12 100 12 100 12 12 1 1 1 1 1 1 1 1 1 1 1 1 1 1 1 1 1 1 1 1 1 1 1 1 1 1 1 1 1 1 1 1 1 1 1 1 1 1 1 1 1 1 1 1 1 1 1 1 1 1 1 1 1 1 1 1 100 1 1 1 1 1 1 1 1 1
ciInstanceKlass java/lang/reflect/Parameter 0 0 226 10 9 9 9 9 100 10 10 10 100 10 10 11 10 10 10 10 10 8 8 10 10 10 8 10 8 10 9 10 9 10 10 10 10 10 10 10 10 11 10 100 10 10 10 10 10 9 100 10 11 11 100 100 1 1 1 1 1 1 1 1 1 1 1 1 1 1 1 1 1 1 1 1 1 1 1 1 1 1 1 1 1 1 1 1 1 1 1 1 1 1 1 100 100 1 1 1 1 1 1 1 1 1 1 1 100 1 1 1 1 1 1 1 1 1 1 1 1 1 1 1 1 1 1 1 1 1 1 100 1 1 1 12 12 12 12 12 1 12 12 100 12 1 12 12 12 100 12 12 12 12 1 1 12 12 12 1 1 12 12 12 12 12 12 12 12 12 100 12 12 100 12 12 1 100 12 12 12 12 12 12 1 12 12 1 1 1 1 1 1 1 1 1 1 1 1 1 1 1 1 1 1 1 1 1 1 1 1 1 1 1 1 1 1 1 1 1 1 1 1 1 1 1 1 1
instanceKlass java/lang/reflect/Constructor
instanceKlass java/lang/reflect/Method
ciInstanceKlass java/lang/reflect/Executable 1 1 458 10 10 10 11 10 10 10 10 10 7 8 7 10 10 10 7 8 10 10 10 10 8 8 10 10 100 8 10 8 10 8 11 10 10 11 10 8 8 10 10 100 10 10 10 10 10 10 100 10 10 10 10 10 7 10 7 8 10 10 3 100 8 10 10 10 10 10 8 8 8 9 10 100 8 9 10 10 10 10 10 10 7 10 10 100 10 7 10 10 11 10 10 10 9 10 7 10 10 9 10 10 9 10 9 10 9 7 100 100 1 1 1 1 1 1 1 1 1 1 1 1 1 1 1 1 1 1 1 1 1 1 1 1 1 1 1 1 1 1 1 1 1 1 1 1 1 1 1 1 1 1 1 1 1 1 1 1 1 1 1 1 1 1 1 1 1 1 100 1 1 1 1 1 1 1 1 1 1 1 1 1 1 1 1 1 100 100 100 1 1 1 1 1 1 1 1 1 1 1 1 1 1 1 1 1 1 1 1 1 1 1 1 1 1 1 1 1 1 1 1 1 1 1 1 1 1 1 1 1 1 1 1 1 1 1 1 1 1 1 1 1 1 1 1 1 1 1 1 1 1 1 1 1 1 1 1 1 1 7 100 100 1 1 1 1 1 1 1 1 1 1 1 1 12 7 12 12 7 12 7 12 12 12 12 12 1 1 1 12 12 1 1 12 7 12 12 12 1 1 12 1 1 12 1 12 1 100 12 12 12 1 1 12 12 1 12 12 7 12 12 12 1 12 12 12 12 7 12 12 1 1 12 12 1 1 12 12 12 12 1 1 1 12 12 1 1 12 12 12 12 12 12 12 12 12 1 100 12 1 7 12 12 12 12 100 12 12 12 12 1 12 12 100 12 100 12 12 12 12 12 12 12 1 1 1 1 1 1 1 1 1 1 1 1 1 1 1 1 1 1 1 1 1 1 1 1 1 1 1 1 1 1 1 1 1 1 1 1 1 1 1 1 1 1 1 1 1 1 1 1 1 1 1 1 1 1 1 1 1 1 1 100 1 1 1 1 1 1 1 1 1 1 1 1 1 1 1
ciInstanceKlass java/lang/reflect/Method 1 1 441 9 10 10 9 10 10 10 10 9 9 9 9 9 9 9 9 9 9 9 100 8 10 7 10 9 8 10 10 10 10 10 10 10 100 10 10 10 7 10 10 10 10 10 10 10 10 10 10 10 10 10 10 10 7 8 10 100 8 10 10 10 10 10 10 10 11 9 10 10 10 10 11 10 7 10 10 10 10 9 10 10 10 10 10 11 10 7 100 100 10 10 10 100 10 8 10 10 10 10 10 8 10 7 1 1 1 1 1 1 1 1 1 1 1 1 1 1 1 1 1 1 1 1 1 1 1 1 1 1 1 1 1 1 1 1 1 1 1 1 1 1 1 1 1 1 1 1 1 1 1 1 1 1 1 1 1 1 1 1 1 1 1 1 1 1 1 1 1 1 1 1 1 1 1 1 1 1 1 1 1 1 1 1 1 1 1 1 1 1 1 1 1 1 1 1 1 1 1 1 1 1 1 1 1 1 1 1 1 1 1 7 100 7 7 1 100 100 1 1 1 1 1 1 1 1 1 1 1 1 1 1 1 1 1 1 1 1 1 1 1 1 1 1 1 1 1 1 1 1 1 1 1 1 1 1 12 7 12 7 12 12 12 12 7 12 12 12 12 12 12 12 12 12 12 12 12 12 1 1 12 1 12 12 1 7 12 7 12 12 12 12 12 12 1 12 12 7 12 12 7 12 12 12 12 12 7 12 12 12 12 12 12 12 1 1 1 1 12 12 12 12 12 12 12 100 12 12 12 12 12 12 12 1 12 12 12 12 12 7 12 12 7 12 7 12 7 12 7 12 7 12 1 1 1 12 12 12 1 1 12 12 12 12 1 12 1 1 1 1 1 1 1 1 1 1 1 1 1 1 1 1 1 1 1 1 1 1 1 1 1 1 1 1 1 1 1 1 1 1 1 1 1 1 1 1 1 1 1 1 1 1 1 1 1 1 1 1 1 1 1 1 1 1 1 1 1 1 1 1 1 1 1 1 1 1 1 1 1 1 1
ciInstanceKlass java/lang/reflect/Constructor 1 1 415 10 10 9 10 10 10 9 10 9 9 9 9 9 9 9 9 100 8 10 7 10 9 10 10 10 10 10 7 100 8 10 10 10 10 10 100 10 7 10 10 10 10 10 10 10 10 10 100 8 10 10 100 8 10 10 10 10 10 10 10 9 10 10 100 8 10 11 10 10 10 9 10 10 10 10 10 10 10 10 10 100 8 10 10 10 10 10 10 10 11 9 10 10 7 1 1 1 1 1 1 1 1 1 1 1 1 1 1 1 1 1 1 1 1 1 1 1 1 1 1 1 1 1 1 1 1 1 1 1 1 1 1 1 1 1 1 1 1 1 1 1 1 1 1 1 1 1 1 1 1 1 1 1 1 1 1 1 1 1 1 1 1 1 1 1 1 1 1 1 1 1 1 1 1 1 1 1 1 1 1 1 1 1 1 1 1 1 1 1 1 1 1 1 1 1 1 1 7 1 100 100 100 1 1 1 1 1 1 1 1 1 1 1 1 1 1 1 1 1 1 1 1 1 1 1 1 1 1 1 1 1 1 1 1 1 1 1 1 1 100 12 100 12 12 12 12 100 12 12 12 12 12 12 12 12 12 12 12 1 1 12 1 12 12 7 12 7 12 12 12 12 1 1 1 12 12 12 12 1 7 12 12 7 12 12 100 12 12 12 12 12 1 1 12 1 1 12 12 12 12 12 12 12 12 12 12 1 1 12 12 12 12 12 12 7 12 12 12 12 12 12 12 12 12 1 1 12 12 12 12 100 12 100 12 100 12 100 12 12 1 1 1 1 1 1 1 1 1 1 1 1 1 1 1 1 1 1 1 1 1 1 1 1 1 1 1 1 1 1 1 1 1 1 1 1 1 1 1 1 1 1 1 1 1 1 1 1 1 1 1 1 1 1 1 1 1 1 1 1 1 1 1 1 1 100 1 1 1 1 1 1 1 1 1
instanceKlass jdk/internal/reflect/FieldAccessorImpl
instanceKlass jdk/internal/reflect/ConstructorAccessorImpl
instanceKlass jdk/internal/reflect/MethodAccessorImpl
ciInstanceKlass jdk/internal/reflect/MagicAccessorImpl 1 1 16 10 100 7 1 1 1 1 1 1 1 1 1 12 1 1
instanceKlass jdk/internal/reflect/DelegatingMethodAccessorImpl
instanceKlass jdk/internal/reflect/NativeMethodAccessorImpl
ciInstanceKlass jdk/internal/reflect/MethodAccessorImpl 1 1 25 10 100 7 100 1 1 1 1 1 1 1 1 1 1 100 100 1 1 12 1 1 1 1 1
instanceKlass jdk/internal/reflect/GeneratedConstructorAccessor7
instanceKlass jdk/internal/reflect/GeneratedConstructorAccessor6
instanceKlass jdk/internal/reflect/GeneratedConstructorAccessor5
instanceKlass jdk/internal/reflect/GeneratedConstructorAccessor4
instanceKlass jdk/internal/reflect/GeneratedConstructorAccessor3
instanceKlass jdk/internal/reflect/GeneratedConstructorAccessor2
instanceKlass jdk/internal/reflect/BootstrapConstructorAccessorImpl
instanceKlass jdk/internal/reflect/GeneratedConstructorAccessor1
instanceKlass jdk/internal/reflect/DelegatingConstructorAccessorImpl
instanceKlass jdk/internal/reflect/NativeConstructorAccessorImpl
ciInstanceKlass jdk/internal/reflect/ConstructorAccessorImpl 1 1 27 10 100 7 100 1 1 1 1 1 1 1 1 1 1 100 100 100 1 1 12 1 1 1 1 1 1
ciInstanceKlass jdk/internal/reflect/DelegatingClassLoader 1 1 18 10 100 7 1 1 1 1 1 1 1 1 1 1 1 12 1 1
ciInstanceKlass jdk/internal/reflect/ConstantPool 1 1 138 10 9 10 10 10 10 10 10 10 10 10 10 10 10 10 10 10 10 10 10 10 7 7 8 10 100 100 1 1 1 1 1 1 1 1 1 1 1 1 1 1 1 1 1 1 1 1 1 1 1 1 1 1 1 1 1 1 1 1 1 1 1 1 1 1 1 1 1 1 1 1 1 1 1 1 1 1 1 1 1 1 1 1 1 1 1 1 1 1 1 1 1 1 1 1 1 1 1 1 1 1 1 1 1 1 12 12 12 12 12 12 12 12 12 12 12 12 12 12 12 12 12 12 12 12 12 1 1 7 12 1 1 1 1 1 1 1
instanceKlass jdk/internal/reflect/UnsafeFieldAccessorImpl
ciInstanceKlass jdk/internal/reflect/FieldAccessorImpl 1 1 59 10 100 7 100 1 1 1 1 1 1 1 1 1 1 100 1 1 1 1 1 1 1 1 1 1 1 1 1 1 1 1 1 1 100 1 1 1 1 1 1 1 1 1 1 1 1 1 1 1 1 1 1 12 1 1 1 1 1
instanceKlass jdk/internal/reflect/UnsafeBooleanFieldAccessorImpl
instanceKlass jdk/internal/reflect/UnsafeObjectFieldAccessorImpl
instanceKlass jdk/internal/reflect/UnsafeStaticFieldAccessorImpl
ciInstanceKlass jdk/internal/reflect/UnsafeFieldAccessorImpl 1 1 254 10 9 10 10 9 10 9 10 10 9 10 10 10 10 100 10 10 10 8 10 10 100 8 10 8 10 8 10 100 10 10 8 10 8 10 8 10 8 10 8 10 8 10 8 10 8 10 8 10 10 8 8 8 8 8 8 10 8 8 8 10 10 7 7 1 1 1 1 1 1 1 1 1 1 1 1 1 1 1 1 7 1 1 1 1 1 1 1 1 1 1 1 1 1 1 1 7 100 1 1 1 1 1 1 1 1 1 1 1 1 1 1 1 1 1 1 1 1 1 1 1 1 1 1 1 1 1 1 1 1 1 1 1 1 1 1 1 12 12 12 7 12 12 7 12 12 12 12 12 12 12 7 12 12 1 12 12 1 12 1 1 12 1 12 1 12 1 12 1 12 1 100 12 1 100 12 1 100 12 1 100 12 1 100 12 1 100 12 1 100 12 1 100 12 12 1 1 1 1 1 1 12 1 1 1 12 12 1 1 1 1 1 1 1 1 1 1 1 1 1 1 1 1 1 1 1 1 1 1 1 1 1 1 1 1 1 1 1 1 1 1 1 1 1 1 1 1 1 1 1 1 1 1
staticfield jdk/internal/reflect/UnsafeFieldAccessorImpl unsafe Ljdk/internal/misc/Unsafe; jdk/internal/misc/Unsafe
ciInstanceKlass jdk/internal/reflect/UnsafeStaticFieldAccessorImpl 0 0 43 10 9 10 9 100 100 8 10 100 1 1 1 1 1 1 1 1 1 1 1 1 1 1 1 12 12 100 12 12 1 1 100 12 1 1 1 1 1 1 1 1 1
ciInstanceKlass jdk/internal/reflect/CallerSensitive 0 0 17 100 100 100 1 1 1 1 1 1 1 1 1 1 1 1 1
instanceKlass java/lang/invoke/DelegatingMethodHandle
instanceKlass java/lang/invoke/BoundMethodHandle
instanceKlass java/lang/invoke/DirectMethodHandle
ciInstanceKlass java/lang/invoke/MethodHandle 1 1 489 9 10 10 7 7 10 9 10 10 10 10 10 10 11 10 10 10 9 10 100 100 10 8 10 10 8 10 10 10 10 10 10 10 10 10 10 7 10 10 10 8 10 8 10 10 10 10 8 10 8 10 8 10 9 100 10 9 9 8 10 10 10 10 10 10 10 10 10 10 10 8 10 8 10 10 10 10 10 9 8 10 10 8 10 10 10 10 10 100 8 10 10 9 10 7 10 10 9 10 10 8 9 9 9 10 10 10 10 7 10 8 10 100 1 1 1 1 1 1 1 1 1 1 1 1 1 1 1 1 1 1 1 1 1 1 1 1 100 1 1 1 1 1 1 1 1 1 1 1 1 1 1 1 1 1 1 1 1 1 1 1 1 1 1 1 1 1 1 1 1 1 1 1 1 1 1 1 1 1 1 1 1 1 1 1 1 1 1 1 1 1 1 1 1 1 1 1 1 1 1 1 1 1 7 1 1 1 1 1 1 1 1 1 1 1 1 1 1 1 1 1 1 1 1 1 1 1 1 1 1 1 1 1 100 1 1 1 1 1 1 1 1 1 1 1 1 1 100 1 1 1 1 1 1 1 1 1 1 1 1 1 1 1 1 1 1 1 1 1 1 12 12 7 12 1 1 12 12 12 12 12 100 12 12 12 100 12 12 12 12 12 12 1 1 1 12 12 1 12 12 7 12 12 12 12 12 12 12 100 12 1 12 12 12 1 7 12 1 12 12 12 12 1 12 1 12 1 100 12 12 1 100 12 100 1 12 12 12 12 12 12 12 12 12 12 12 1 12 1 12 12 12 12 12 12 1 12 12 1 12 12 7 12 12 1 1 12 12 12 1 100 12 12 12 12 12 1 12 12 12 7 12 12 12 12 1 12 12 1 1 1 1 1 1 1 1 1 1 1 1 1 1 1 1 1 1 1 1 1 1 1 1 1 1 1 1 1 1 1 1 1 1 1 1 1 1 1 1 1 1 1 1 1 1 1 1 1 1 1 1 1 1 1 1 1 1 1 1 1 1 1 1 1 1 1 1 1 1 1 1 1 1 1 1 1 1 1 1 1 1 1 1 1 1 1 1 1 1 1 1 1 1 1 1 1 1 1 1
staticfield java/lang/invoke/MethodHandle FORM_OFFSET J 20
staticfield java/lang/invoke/MethodHandle $assertionsDisabled Z 1
instanceKlass java/lang/invoke/DirectMethodHandle$Special
instanceKlass java/lang/invoke/DirectMethodHandle$Interface
instanceKlass java/lang/invoke/DirectMethodHandle$Constructor
instanceKlass java/lang/invoke/DirectMethodHandle$Accessor
ciInstanceKlass java/lang/invoke/DirectMethodHandle 1 1 922 7 7 100 7 7 10 10 100 10 10 10 10 10 10 7 7 10 10 10 10 10 10 9 100 10 9 10 10 10 10 10 10 7 10 10 10 8 10 7 10 7 10 10 10 10 10 10 100 10 10 7 10 10 10 10 8 10 10 10 10 10 9 7 10 10 10 100 10 8 10 10 10 10 10 10 10 10 10 10 10 10 10 10 10 10 10 10 10 8 9 8 9 9 8 9 9 8 9 9 8 10 10 7 9 7 10 100 10 10 10 10 7 10 10 10 7 10 10 10 10 10 9 10 9 9 10 10 7 7 7 9 10 10 10 10 9 10 100 10 100 10 10 8 9 9 10 9 10 9 9 10 10 10 10 10 10 10 9 10 10 10 10 10 9 10 9 9 9 9 9 9 9 9 9 9 9 9 9 9 9 9 9 9 9 9 9 9 9 9 9 9 9 9 9 9 9 9 9 9 9 9 9 8 9 9 10 100 10 9 10 7 9 10 10 10 10 10 8 8 8 8 10 9 10 7 10 8 9 10 8 8 8 9 8 8 8 8 8 8 7 8 10 10 8 8 10 10 10 10 7 7 1 1 1 1 1 1 1 100 1 1 1 1 7 1 1 1 1 1 3 1 3 1 3 1 3 1 3 1 3 1 3 1 1 3 1 1 3 1 3 1 1 1 1 1 1 1 1 1 1 1 1 1 1 3 1 3 1 1 1 1 3 1 1 1 1 1 1 1 1 1 1 1 1 1 1 1 1 1 1 1 1 7 1 1 1 1 1 1 1 1 1 1 1 1 1 1 1 1 1 1 1 1 1 1 1 1 1 1 1 1 1 1 1 1 1 1 1 1 1 1 1 1 1 1 1 7 1 1 1 1 1 1 1 1 1 1 1 1 1 1 1 1 1 1 1 1 1 1 1 100 1 1 1 1 1 1 1 1 1 1 1 1 1 1 1 1 1 1 1 1 1 1 1 1 1 1 1 1 1 100 1 1 1 1 1 1 1 1 1 1 1 1 1 1 1 1 1 1 1 1 1 1 1 1 1 1 1 1 1 1 1 1 1 1 1 1 1 1 1 1 1 1 1 1 1 1 1 1 1 1 1 1 1 1 1 1 1 1 1 1 1 1 1 7 1 1 1 1 12 12 1 12 12 12 12 12 12 1 1 12 12 12 12 12 12 12 1 12 12 12 12 12 12 12 1 12 12 12 1 12 1 12 1 12 12 12 12 12 1 12 12 1 12 12 12 12 12 12 12 12 12 7 12 1 12 7 12 12 1 1 12 12 12 12 12 12 12 12 12 12 12 12 7 12 12 12 12 12 1 12 1 12 12 1 12 12 1 12 12 1 12 12 1 12 1 12 1 12 12 12 12 1 12 12 12 12 7 12 12 12 12 12 12 12 7 12 12 1 1 1 12 12 12 12 12 12 12 1 12 1 12 12 1 12 12 12 12 100 12 12 12 12 12 12 12 12 12 7 12 12 12 12 12 12 12 12 12 12 12 12 12 12 12 12 12 12 12 12 12 12 12 12 12 12 12 12 12 12 12 12 12 12 12 12 12 12 12 12 12 12 12 12 12 12 1 12 12 12 1 12 7 12 1 12 12 12 12 12 1 1 1 1 12 12 12 1 100 12 12 12 12 1 1 12 12 1 12 12 12 12 1 1 1 1 1 1 1 1 1 1 1 1 1 1 1 1 1 1 1 1 1 1 1 1 1 1 1 1 1 1 1 1 1 1 1 1 1 1 1 1 1 1 1 1 1 1 1 1 1 1 1 1 1 1 1 1 1 1 1 1 1 1 1 1 1 1 1 1 1 1 1 1 1 1 1 1 1 1 1 1 1 1 1 1 1 1 1 1 1 1 1 1 1 1 1 1 1 1 1 1 1 1 1 1 1 1 1 1 1 1 1 1 1 1 1 1 1 1 1 1 1 1 1 1 1 1 1 1 1 1 1 1 1 1 1 1 1 1 1 1 1 1 1 1 1 1 1 1 1 1 1 1 1 1 1 1 1 1 1 1 1 1 1 1 1 1 1 1 1 1 1 1 1 1 1 1 1 1 1 1 1 1 1 1 1 1 1 1 1 1
staticfield java/lang/invoke/DirectMethodHandle IMPL_NAMES Ljava/lang/invoke/MemberName$Factory; java/lang/invoke/MemberName$Factory
staticfield java/lang/invoke/DirectMethodHandle FT_UNCHECKED_REF I 8
staticfield java/lang/invoke/DirectMethodHandle ACCESSOR_FORMS [Ljava/lang/invoke/LambdaForm; 132 [Ljava/lang/invoke/LambdaForm;
staticfield java/lang/invoke/DirectMethodHandle ALL_WRAPPERS [Lsun/invoke/util/Wrapper; 10 [Lsun/invoke/util/Wrapper;
staticfield java/lang/invoke/DirectMethodHandle NFS [Ljava/lang/invoke/LambdaForm$NamedFunction; 12 [Ljava/lang/invoke/LambdaForm$NamedFunction;
staticfield java/lang/invoke/DirectMethodHandle OBJ_OBJ_TYPE Ljava/lang/invoke/MethodType; java/lang/invoke/MethodType
staticfield java/lang/invoke/DirectMethodHandle LONG_OBJ_TYPE Ljava/lang/invoke/MethodType; java/lang/invoke/MethodType
staticfield java/lang/invoke/DirectMethodHandle $assertionsDisabled Z 1
instanceKlass java/lang/invoke/VarHandleObjects$FieldStaticReadOnly
instanceKlass java/lang/invoke/VarHandleLongs$FieldInstanceReadOnly
instanceKlass java/lang/invoke/VarHandleObjects$Array
instanceKlass java/lang/invoke/VarHandleLongs$Array
instanceKlass java/lang/invoke/VarHandleObjects$FieldInstanceReadOnly
instanceKlass java/lang/invoke/VarHandleInts$FieldInstanceReadOnly
ciInstanceKlass java/lang/invoke/VarHandle 1 1 298 10 9 100 10 9 10 10 10 9 10 10 9 9 10 10 10 10 10 10 10 9 100 10 9 10 10 7 7 10 10 10 9 10 9 10 10 10 100 10 9 9 10 10 10 10 10 10 10 7 10 10 9 8 10 7 10 7 100 1 1 100 1 100 1 100 1 1 1 1 1 1 1 1 1 1 1 1 1 1 1 1 1 1 1 1 1 1 1 1 1 1 100 1 1 1 1 1 1 1 1 1 1 1 1 1 1 1 1 1 1 1 1 1 1 1 1 1 1 1 1 1 1 1 1 1 1 1 1 1 1 1 1 1 1 1 1 1 1 1 1 1 1 1 100 1 1 1 1 1 1 1 1 1 100 1 1 1 1 1 1 1 100 1 1 1 100 1 1 1 1 1 1 1 1 1 1 1 1 12 12 1 12 12 12 12 12 12 12 12 12 12 12 12 12 12 100 12 12 1 12 12 12 1 1 12 100 12 12 12 12 12 12 12 12 1 7 12 12 7 12 12 12 12 12 12 12 1 7 12 12 12 1 12 1 1 1 1 1 1 1 1 1 1 1 1 1 1 1 1 1 1 1 1 1 1 1 1 1 1 1 1 1 1 1 1 1 1 1 1 1 1 1 1 1 1 1 1 1 1 1 1 1 1 1 1 1 1 1 1 1 1 1 1 1 1 1 1
staticfield java/lang/invoke/VarHandle AIOOBE_SUPPLIER Ljava/util/function/BiFunction; jdk/internal/util/Preconditions$1
staticfield java/lang/invoke/VarHandle VFORM_OFFSET J 12
staticfield java/lang/invoke/VarHandle $assertionsDisabled Z 1
ciInstanceKlass java/lang/invoke/MemberName 1 1 747 7 7 100 9 10 9 10 10 10 10 10 10 10 9 10 100 100 10 8 10 10 10 10 9 8 10 7 7 10 10 100 100 7 10 9 100 8 10 10 10 10 10 10 10 10 10 10 8 8 8 10 10 9 3 10 10 10 10 10 10 10 10 10 7 8 10 10 8 9 8 9 10 8 10 10 10 10 10 100 10 10 8 10 10 8 10 10 100 10 10 8 8 100 10 10 100 10 10 10 10 10 10 10 10 10 3 10 3 10 3 3 3 3 3 3 100 10 10 10 3 9 10 3 10 10 10 10 10 10 10 10 10 10 10 10 10 10 100 10 10 10 100 10 10 10 10 10 10 8 10 10 10 10 10 10 10 10 10 10 10 10 10 100 10 100 8 10 7 10 10 10 10 10 8 8 8 8 10 10 10 8 8 10 8 10 10 10 8 8 10 10 8 10 8 10 10 10 8 8 8 100 10 8 8 8 8 10 100 100 100 10 100 10 100 10 9 10 100 100 7 1 1 1 1 1 1 1 1 1 1 1 1 1 1 1 1 1 3 1 3 1 3 1 3 1 3 1 3 1 1 1 1 1 1 1 1 3 1 1 1 1 3 1 1 1 1 1 1 1 1 1 1 1 1 1 1 1 1 1 1 1 1 1 1 1 1 1 1 1 1 1 1 1 1 1 1 1 1 1 1 1 1 1 1 1 1 1 1 1 1 1 1 1 1 1 1 1 1 1 1 1 1 1 1 1 1 1 1 1 1 1 1 1 1 1 1 1 1 1 1 1 1 1 1 1 1 1 1 1 1 1 1 1 1 1 1 1 1 1 1 1 1 1 1 1 1 1 1 1 1 1 1 1 1 1 1 1 1 1 1 1 1 1 7 1 1 1 1 1 1 1 1 1 1 1 100 1 1 1 1 1 1 100 1 1 1 1 1 1 1 1 1 1 1 1 1 1 1 1 1 1 1 1 1 1 1 1 1 1 1 1 1 1 1 1 1 1 1 1 1 1 1 1 1 1 1 1 1 1 1 100 1 1 100 1 1 1 1 1 1 1 1 1 7 1 1 12 12 12 12 12 12 12 12 12 12 100 12 12 1 1 12 1 12 12 12 12 12 1 100 12 1 1 12 1 12 12 1 1 12 12 12 12 12 12 12 12 12 12 1 1 1 100 12 12 12 12 12 12 12 12 12 12 12 1 12 12 100 100 12 1 12 12 12 12 12 1 12 12 1 12 12 1 12 12 1 12 12 1 1 1 12 100 12 1 12 12 12 12 12 12 12 12 12 12 100 1 12 7 12 12 12 12 12 7 12 12 12 12 12 12 12 12 12 1 12 1 12 12 12 12 12 12 12 12 12 12 12 12 12 1 12 1 1 1 12 12 12 12 12 1 1 1 1 12 12 12 1 1 12 1 12 12 1 1 12 1 12 1 12 12 12 1 1 1 1 1 1 1 1 12 1 1 1 1 1 12 12 12 1 1 1 1 1 1 1 1 1 1 1 1 1 1 1 1 1 1 1 1 1 1 1 1 1 1 1 1 1 1 1 1 1 1 1 1 1 1 1 1 1 1 1 1 1 1 1 1 1 1 1 1 1 1 1 1 1 1 1 1 1 1 1 1 1 1 1 1 1 1 1 1 1 1 1 1 1 1 1 1 1 1 1 1 1 1 1 1 1 1 1 1 1 1 1 1 1
staticfield java/lang/invoke/MemberName $assertionsDisabled Z 1
ciInstanceKlass java/lang/invoke/ResolvedMethodName 1 1 16 10 100 100 1 1 1 1 1 1 1 1 1 12 1 1
ciInstanceKlass java/lang/invoke/MethodHandleNatives 1 1 660 100 10 9 10 100 10 10 10 10 8 8 8 8 8 8 8 8 8 8 7 10 7 10 10 7 10 10 8 10 8 10 8 10 9 8 10 100 10 100 100 8 7 7 10 10 7 9 10 10 10 7 10 10 10 10 10 9 8 10 8 10 8 8 8 100 10 8 10 10 10 100 8 10 7 8 10 8 8 8 8 8 10 10 10 10 10 7 10 100 100 10 10 8 8 10 10 10 8 10 8 8 10 10 100 10 7 9 10 10 10 9 10 9 9 10 10 10 7 7 10 10 10 10 10 8 10 10 10 10 10 10 100 8 10 9 10 10 100 10 10 100 100 10 10 100 100 10 100 10 10 10 10 10 10 10 10 10 10 10 10 8 100 10 10 10 10 10 10 7 10 10 10 10 1 1 7 1 1 1 1 1 1 1 1 1 1 1 1 1 1 1 1 1 100 1 1 1 1 1 1 1 1 1 1 1 1 1 1 1 1 1 1 1 1 1 1 1 1 1 1 1 1 1 1 1 1 1 1 1 1 1 1 1 1 1 1 1 1 1 1 1 1 1 1 1 1 1 100 1 1 1 1 1 1 1 1 1 1 1 1 1 1 1 1 1 1 1 1 1 1 7 1 1 1 1 1 1 1 1 1 1 1 1 1 1 1 1 1 1 1 1 1 1 1 1 1 1 1 1 1 1 1 1 1 1 1 1 1 1 1 1 1 1 7 1 1 1 1 1 1 1 1 1 1 1 1 100 1 1 1 1 1 1 1 1 1 1 1 1 1 1 7 1 1 1 1 1 1 1 1 1 1 1 1 1 1 100 1 1 1 1 1 1 1 1 1 1 1 1 1 1 1 1 12 12 12 1 12 12 12 1 1 1 1 1 1 1 1 1 1 1 12 1 12 12 1 12 1 12 1 12 1 12 100 12 1 100 12 1 12 1 1 1 1 1 12 1 7 12 12 12 12 1 12 7 12 12 12 12 12 1 12 1 12 1 1 1 1 12 1 12 12 100 12 1 100 12 1 1 12 1 1 1 1 1 12 12 12 12 12 1 12 1 1 12 12 1 1 12 12 1 100 12 1 1 12 12 1 12 1 12 7 12 12 12 12 12 12 12 12 12 1 1 12 12 12 7 12 12 1 12 12 12 12 7 12 12 1 1 12 12 12 1 12 12 1 1 1 1 1 12 12 12 12 12 12 12 12 12 1 1 12 12 12 12 12 12 1 12 12 12 1 1 1 1 1 100 1 1 1 1 1 1 1 1 1 1 1 1 1 1 1 1 1 1 1 1 1 1 1 1 1 1 1 1 1 1 1 1 1 1 1 1 1 1 1 1 1 1 1 1 1 1 1 1 1 1 1 1 1 1 1 1 1 1 1 1 1 1 1 1 1 1 1 1 1 1 1 1 1 1 1 1 1 1 1 1 1 1 1 1 1 1 1 1 1 1 1 1 1 1 1 1 1 1 1 1 1 1 1 1 1 1 1 1 1 1 1 1
staticfield java/lang/invoke/MethodHandleNatives $assertionsDisabled Z 1
ciInstanceKlass java/lang/invoke/LambdaForm 1 1 1075 100 9 10 10 9 9 10 100 10 9 10 9 10 7 9 9 9 9 10 7 10 7 10 10 10 10 10 10 9 100 10 9 10 10 10 10 10 7 10 10 8 10 10 10 7 10 10 7 10 10 9 9 9 10 9 10 10 100 10 9 10 10 100 10 10 10 10 10 10 10 8 10 10 8 8 9 9 9 10 10 10 9 10 10 10 10 10 10 9 10 8 8 8 8 8 8 8 8 10 9 7 10 9 10 10 10 10 10 10 10 10 10 10 10 10 10 10 100 8 10 10 10 10 8 10 8 8 10 9 10 10 100 10 10 10 10 9 8 10 10 10 10 10 9 8 10 100 10 10 9 9 8 10 10 100 100 10 10 8 8 100 8 10 10 10 8 8 9 10 10 8 8 8 100 8 100 8 100 8 10 8 9 10 10 9 10 10 10 10 10 10 10 10 10 10 8 100 10 10 9 10 8 8 100 8 8 8 8 8 8 8 8 10 10 10 10 8 8 8 10 8 10 8 8 8 8 8 10 10 10 10 10 10 10 10 10 10 10 9 8 10 9 10 9 9 9 9 7 10 9 10 10 7 8 10 9 7 10 8 100 10 9 9 10 7 10 10 10 9 10 10 10 9 10 10 10 9 10 9 7 9 10 9 10 100 10 7 9 100 1 1 100 1 100 1 1 1 7 1 7 1 1 1 1 1 1 1 1 1 1 1 1 1 1 1 1 1 1 1 1 1 3 1 3 1 1 1 1 1 3 1 1 1 7 1 1 1 1 1 1 1 1 1 1 1 1 1 1 1 1 1 1 1 1 1 1 1 1 1 1 1 1 1 1 1 1 1 1 1 1 1 1 1 1 1 1 1 1 1 1 1 1 1 1 1 1 1 1 1 1 1 1 1 1 1 1 1 1 1 1 1 1 1 1 1 1 1 1 1 1 1 1 1 1 1 1 1 1 1 1 1 1 1 1 1 1 1 1 1 1 1 1 1 1 1 1 1 1 1 1 100 1 1 1 1 1 1 1 1 1 1 1 1 1 1 1 1 1 1 1 1 1 1 1 1 1 1 1 1 1 1 1 1 1 1 1 1 1 1 1 1 1 1 1 1 1 1 1 1 1 1 1 1 1 1 1 1 1 1 1 1 1 1 7 1 1 1 1 1 1 1 1 1 1 1 1 1 1 1 1 1 1 1 1 1 1 1 1 100 1 1 1 1 1 1 1 1 1 1 1 1 1 1 1 1 1 1 1 1 100 1 1 1 1 1 1 1 1 1 1 1 1 1 1 1 1 1 1 1 1 1 1 1 1 1 1 1 1 1 1 1 1 1 1 1 1 1 1 1 1 1 1 1 1 1 1 1 1 1 1 1 100 1 1 1 1 1 1 1 1 1 1 1 1 1 1 1 1 1 1 1 1 1 1 1 1 100 1 1 1 100 1 1 12 12 12 12 12 12 1 12 12 12 7 12 12 12 12 12 12 1 12 1 12 12 100 12 100 12 12 12 12 1 12 12 12 12 12 12 12 1 12 1 12 12 12 1 12 12 1 12 12 12 12 12 12 12 12 12 1 12 12 12 12 1 12 12 12 12 12 12 12 1 12 12 1 1 12 12 12 12 7 12 12 12 7 12 12 12 12 12 12 12 1 1 1 1 1 1 1 1 12 12 1 12 12 12 12 12 12 12 12 12 12 12 12 12 12 12 1 1 12 12 12 1 12 1 1 12 12 12 12 1 12 12 7 12 12 12 1 100 12 12 12 12 12 12 1 12 12 7 12 12 1 12 12 1 1 12 1 1 1 1 12 12 12 1 1 12 12 12 1 1 1 1 1 1 1 1 1 12 1 12 12 12 12 12 12 12 12 12 12 12 12 1 12 12 12 12 1 1 1 1 1 1 1 1 1 1 1 12 12 12 12 1 1 1 12 1 12 1 1 1 1 1 12 12 12 7 12 12 12 12 12 12 12 12 12 1 12 12 12 12 12 12 12 1 7 12 12 12 12 1 1 12 12 1 12 1 1 12 12 12 12 1 12 7 12 12 7 12 12 12 12 12 12 12 12 12 12 12 12 12 1 1 1 1 1 1 1 1 1 1 1 1 1 1 1 1 1 1 1 1 1 1 1 1 1 1 1 1 1 1 1 1 1 1 1 1 1 1 1 1 1 1 1 1 1 1 1 1 1 1 1 1 1 1 1 1 1 1 1 1 1 1 1 1 1 1 1 1 1 1 1 1 1 1 1 1 1 1 1 1 1 1 1 1 1 1 1 1 1 1 1 1 1 1 1 1 1 1 1 1 1 1 1 1 1 1 1 1 1 1 1 1 1 1 1 1 1 1 1 1 1 1 1 1 1 1 1 1 1 1 1 1 1 1 1 1 1 1 1 1 1 1 1 1 1 1 1 1 1 1 1 1 1 1 1 1 1 1 1 1 1
staticfield java/lang/invoke/LambdaForm COMPILE_THRESHOLD I 0
staticfield java/lang/invoke/LambdaForm INTERNED_ARGUMENTS [[Ljava/lang/invoke/LambdaForm$Name; 5 [[Ljava/lang/invoke/LambdaForm$Name;
staticfield java/lang/invoke/LambdaForm IMPL_NAMES Ljava/lang/invoke/MemberName$Factory; java/lang/invoke/MemberName$Factory
staticfield java/lang/invoke/LambdaForm LF_identity [Ljava/lang/invoke/LambdaForm; 6 [Ljava/lang/invoke/LambdaForm;
staticfield java/lang/invoke/LambdaForm LF_zero [Ljava/lang/invoke/LambdaForm; 6 [Ljava/lang/invoke/LambdaForm;
staticfield java/lang/invoke/LambdaForm NF_identity [Ljava/lang/invoke/LambdaForm$NamedFunction; 6 [Ljava/lang/invoke/LambdaForm$NamedFunction;
staticfield java/lang/invoke/LambdaForm NF_zero [Ljava/lang/invoke/LambdaForm$NamedFunction; 6 [Ljava/lang/invoke/LambdaForm$NamedFunction;
staticfield java/lang/invoke/LambdaForm createFormsLock Ljava/lang/Object; java/lang/Object
staticfield java/lang/invoke/LambdaForm DEBUG_NAME_COUNTERS Ljava/util/HashMap; null
staticfield java/lang/invoke/LambdaForm DEBUG_NAMES Ljava/util/HashMap; null
staticfield java/lang/invoke/LambdaForm TRACE_INTERPRETER Z 0
staticfield java/lang/invoke/LambdaForm $assertionsDisabled Z 1
ciInstanceKlass java/lang/invoke/MethodType 1 1 674 7 10 9 9 9 10 9 8 10 10 9 9 10 100 10 8 10 10 10 100 8 10 100 10 10 10 10 11 9 11 7 7 10 10 9 10 10 10 10 10 10 9 7 10 100 10 10 10 10 10 10 10 10 10 8 8 10 9 100 10 10 10 10 10 10 10 10 10 8 10 10 10 10 10 10 10 10 10 9 10 10 10 10 9 7 10 10 10 10 10 10 10 10 100 8 8 8 10 10 10 10 11 11 10 9 10 10 10 10 10 10 10 10 10 10 10 10 9 7 10 10 10 10 10 10 10 8 10 11 9 10 10 10 10 10 9 9 10 9 10 10 100 10 7 10 7 7 9 100 1 1 100 1 1 1 1 5 0 1 1 1 1 1 1 1 1 1 1 1 1 1 1 1 1 1 1 1 3 1 3 1 3 1 1 1 1 1 1 1 1 1 1 1 1 1 1 1 1 1 1 1 1 1 1 1 1 1 1 1 1 1 1 1 1 1 1 1 1 1 1 1 1 1 1 1 1 1 1 1 1 1 1 1 1 1 1 1 1 1 1 1 1 1 1 1 1 1 1 1 1 1 1 1 1 1 1 1 1 1 1 1 1 1 1 1 1 1 1 1 1 1 1 1 1 1 1 1 1 1 1 1 1 1 1 1 1 1 1 1 1 1 1 1 1 1 1 1 1 1 1 1 1 1 1 1 1 1 1 1 1 1 1 1 1 1 1 1 1 1 1 1 1 1 1 1 1 1 1 1 1 1 1 1 1 1 1 1 1 1 1 1 1 1 1 1 1 1 1 7 1 1 1 1 1 1 1 1 1 1 1 1 1 1 1 1 1 1 1 1 1 1 1 100 1 1 1 1 1 1 1 1 1 1 1 100 100 1 100 100 1 1 1 1 1 1 1 1 1 1 1 1 100 1 1 1 100 1 1 1 1 1 1 1 100 1 12 12 12 12 7 12 7 12 1 100 12 12 7 7 12 1 1 12 12 12 1 1 12 1 12 12 12 12 12 12 1 7 12 12 12 12 12 12 7 12 12 12 12 1 12 1 12 12 7 12 12 12 12 12 12 12 1 1 12 12 1 12 12 12 12 100 12 12 12 1 12 7 12 12 12 12 12 12 12 12 12 12 12 12 12 1 12 7 12 12 7 12 12 12 1 1 1 1 12 12 12 12 12 100 12 12 12 12 12 12 12 12 12 12 12 12 12 12 1 12 12 12 12 12 12 12 1 7 12 12 12 12 12 100 12 12 12 12 12 100 12 12 100 12 12 12 1 1 1 12 1 1 1 1 1 1 1 1 1 1 1 1 1 1 1 1 1 1 1 1 1 1 1 1 1 1 1 1 1 1 1 1 1 1 1 1 1 1 1 1 1 1 1 1 1 1 1 1 1 1 1 1 1 1 1 1 1 1 1 1 1 1 1 1 1 1 1 1 1 1 1 1 1 1 1 1 1 1 1 1 1 1 1 1 1 1 1 1 1 1 1 1 1 1 1 1 1 1 1 1 1 1 1 1 1 1 1 1
staticfield java/lang/invoke/MethodType internTable Ljava/lang/invoke/MethodType$ConcurrentWeakInternSet; java/lang/invoke/MethodType$ConcurrentWeakInternSet
staticfield java/lang/invoke/MethodType NO_PTYPES [Ljava/lang/Class; 0 [Ljava/lang/Class;
staticfield java/lang/invoke/MethodType objectOnlyTypes [Ljava/lang/invoke/MethodType; 20 [Ljava/lang/invoke/MethodType;
staticfield java/lang/invoke/MethodType METHOD_HANDLE_ARRAY [Ljava/lang/Class; 1 [Ljava/lang/Class;
staticfield java/lang/invoke/MethodType serialPersistentFields [Ljava/io/ObjectStreamField; 0 [Ljava/io/ObjectStreamField;
staticfield java/lang/invoke/MethodType $assertionsDisabled Z 1
ciInstanceKlass java/lang/BootstrapMethodError 0 0 45 10 10 10 10 10 100 100 1 1 1 5 0 1 1 1 1 1 1 1 1 1 1 1 1 1 1 1 100 100 1 1 12 12 12 12 12 1 1 1 1 1 1 1 1
instanceKlass java/lang/invoke/VolatileCallSite
instanceKlass java/lang/invoke/MutableCallSite
instanceKlass java/lang/invoke/ConstantCallSite
ciInstanceKlass java/lang/invoke/CallSite 1 1 299 10 10 9 10 9 10 10 100 7 10 7 10 10 10 100 100 10 10 10 8 10 10 10 10 10 10 10 10 9 9 7 8 10 10 100 10 9 8 100 10 10 100 8 10 10 10 100 10 10 10 10 10 9 9 8 10 9 100 10 10 10 10 10 10 100 8 10 10 100 100 100 8 10 10 1 1 1 7 1 1 1 1 1 1 1 1 1 1 1 1 1 1 1 1 1 1 1 1 1 1 1 1 1 1 1 1 1 1 1 1 1 1 1 1 1 1 1 7 1 1 1 1 1 1 1 1 1 1 1 1 1 1 1 1 1 1 1 1 1 1 1 1 1 1 1 1 1 1 1 1 1 1 1 1 1 1 1 100 7 1 1 1 1 1 1 12 12 12 12 12 12 12 1 1 12 1 12 12 12 1 1 12 12 1 12 12 12 12 12 100 12 12 12 100 12 1 12 12 1 100 12 12 12 12 1 1 12 12 1 12 12 12 12 12 12 12 100 12 12 1 100 12 12 12 12 7 12 1 1 12 1 1 1 1 12 12 1 1 1 1 1 1 1 1 1 1 1 1 1 1 1 1 1 1 1 1 1 1 1 1 1 1 1 1 1 1 1 1 1 1 1 1 1 1 1 1 1 1 1 1 1 1 1 1 1 1 1 1 1 1 1 1 1 1 1 1 1 1
staticfield java/lang/invoke/CallSite $assertionsDisabled Z 1
ciInstanceKlass java/lang/invoke/MethodHandleNatives$CallSiteContext 1 1 49 10 7 10 10 10 10 7 100 1 1 1 1 1 1 1 1 1 1 1 1 1 1 1 1 1 1 7 12 1 7 12 7 12 12 1 1 1 1 1 1 1 1 100 1 1 1 1 1
ciInstanceKlass java/lang/invoke/ConstantCallSite 1 1 49 10 9 10 100 10 9 100 10 10 7 7 1 1 1 1 1 1 1 1 1 1 1 1 1 1 1 1 100 1 1 1 1 1 1 1 1 12 12 12 1 12 12 1 12 1 1 1 1
ciInstanceKlass java/lang/invoke/MutableCallSite 0 0 67 10 10 9 10 10 10 9 10 10 100 10 100 100 1 1 1 1 1 1 1 1 1 1 1 1 1 1 1 1 1 1 1 1 1 1 1 1 1 100 1 1 1 1 12 12 12 12 12 12 12 12 100 12 1 12 1 1 1 1 1 1 1 1 1 1 1
ciInstanceKlass java/lang/invoke/VolatileCallSite 0 0 41 10 10 10 10 10 10 100 100 1 1 1 1 1 1 1 1 1 1 1 1 1 1 1 1 1 1 1 12 12 12 12 12 12 1 1 1 1 1 1 1
ciInstanceKlass java/lang/AssertionStatusDirectives 0 0 24 10 100 100 1 1 1 1 1 1 1 1 1 1 1 1 1 1 1 1 1 12 1 1
instanceKlass java/lang/StringBuilder
instanceKlass java/lang/StringBuffer
ciInstanceKlass java/lang/AbstractStringBuilder 1 1 522 7 7 10 9 9 9 9 10 9 10 10 10 10 10 10 10 10 7 3 10 3 100 10 10 100 10 10 10 10 10 10 10 100 10 10 10 10 10 10 10 10 10 10 10 10 10 10 10 10 10 10 10 11 10 10 8 10 10 10 10 10 10 10 10 10 10 10 10 10 10 10 10 10 10 10 10 10 10 10 10 10 10 10 10 10 10 10 10 10 10 10 18 100 10 18 10 10 10 11 10 10 10 100 10 8 10 10 8 8 10 10 10 10 100 10 100 10 100 10 7 100 7 1 1 1 1 1 1 1 1 1 1 1 1 1 1 1 1 1 1 1 1 1 1 1 1 1 1 100 1 1 1 1 1 1 1 1 1 1 1 1 1 1 1 1 1 1 1 1 1 1 1 1 1 1 1 1 1 1 1 1 1 1 1 1 1 1 1 1 1 1 1 1 1 1 1 1 1 1 1 1 1 1 1 1 1 1 1 1 1 1 1 1 1 1 1 1 1 1 1 1 1 1 1 1 1 1 1 1 1 1 1 1 1 1 1 1 1 1 1 1 1 1 1 1 1 1 1 1 1 1 1 1 1 1 1 1 1 1 1 1 1 1 1 1 1 1 1 1 1 1 1 1 1 1 1 1 1 1 1 1 1 1 1 1 1 1 1 1 1 100 1 1 1 1 1 1 100 1 1 1 100 1 1 1 1 1 1 1 1 1 12 12 12 12 12 7 12 12 12 7 12 12 12 12 12 7 12 1 12 1 12 1 12 12 12 12 12 12 1 12 100 12 12 12 12 12 12 12 12 12 12 12 12 12 12 12 12 12 1 12 12 12 12 12 12 7 12 12 12 100 12 12 12 12 12 12 12 12 12 7 12 12 12 12 12 12 12 12 12 12 12 12 12 12 12 12 1 15 16 15 16 12 1 100 12 15 12 12 12 12 12 12 1 1 12 12 1 1 12 12 12 1 1 12 1 1 1 1 1 1 1 1 1 1 1 1 1 1 1 1 1 1 1 1 1 1 1 1 1 1 1 1 1 1 1 1 1 1 1 1 1 1 1 1 1 1 1 1 1 1 1 1 1 1 1 1 1 1 1 1 1 1 1 1 1 1 1 1 1 10 1 10 1 1 1 1 1 10 1 1 1 1 1 1 1 1 1 1 100 12 12 12 1 1 100 1 1 100 1 1
staticfield java/lang/AbstractStringBuilder EMPTYVALUE [B 0
ciInstanceKlass java/lang/StringBuffer 1 1 471 10 10 10 11 10 10 10 9 10 10 10 9 10 10 10 10 10 10 10 10 10 10 10 10 10 10 10 10 10 10 10 10 10 10 10 10 10 10 10 10 10 10 10 10 10 10 10 10 10 10 10 10 10 10 10 10 10 9 10 10 7 10 10 10 10 10 8 10 8 10 8 10 10 10 10 7 10 100 8 10 10 10 10 10 10 10 10 10 10 10 10 10 10 10 10 10 10 10 10 10 10 10 10 10 10 10 10 10 10 10 10 10 10 7 10 7 10 9 9 9 7 100 100 100 1 1 1 1 1 5 0 1 1 1 1 1 1 1 1 1 1 1 1 1 1 1 1 1 1 1 1 1 1 1 1 1 1 1 1 1 1 1 1 1 1 1 1 1 1 1 1 1 1 1 1 1 1 1 1 1 1 1 1 1 1 1 1 1 1 1 1 1 1 1 1 1 1 1 1 1 1 1 1 1 1 1 1 1 1 1 1 1 1 1 1 1 1 1 1 1 1 1 1 1 1 1 1 1 1 1 1 1 1 1 1 1 1 1 1 1 1 1 1 1 1 1 1 1 1 1 1 1 1 1 1 1 1 100 1 1 1 1 1 100 1 1 1 100 1 1 100 1 1 1 1 1 1 1 1 1 1 1 1 1 1 1 1 1 1 1 1 1 1 1 1 1 1 1 1 1 1 1 1 1 1 1 1 1 1 1 1 1 1 1 1 1 12 12 12 12 12 12 12 12 12 12 12 12 12 12 12 12 12 12 12 12 12 12 12 12 12 12 12 12 12 12 12 12 12 12 12 12 12 12 12 12 12 12 12 12 12 12 12 12 12 12 12 12 12 12 7 12 100 1 12 100 12 12 1 12 1 12 1 12 12 100 12 12 12 1 1 12 12 12 12 12 12 12 12 12 12 12 12 12 12 12 12 12 12 12 12 12 12 12 12 12 12 12 12 12 12 12 12 12 1 12 1 12 7 12 7 12 1 1 1 1 1 1 1 1 1 1 1 1 1 1 1 1 1 1 1 1 1 1 1 1 1 1 1 1 1 1 1 1 1 1 1 1 1 1
staticfield java/lang/StringBuffer serialPersistentFields [Ljava/io/ObjectStreamField; 3 [Ljava/io/ObjectStreamField;
ciInstanceKlass java/lang/StringBuilder 1 1 409 10 10 10 11 10 10 10 10 10 10 10 10 10 10 10 10 10 10 10 10 10 10 10 10 10 10 10 10 10 10 10 10 10 10 10 10 10 10 10 10 10 10 9 9 10 10 10 10 10 10 10 10 10 10 10 100 100 8 10 10 10 10 10 10 10 10 10 10 10 10 10 10 10 10 10 10 10 10 10 10 10 10 10 10 10 10 10 10 10 10 10 10 10 10 10 10 10 10 10 10 10 10 10 10 10 7 10 7 100 100 100 1 1 1 5 0 1 1 1 1 1 1 1 1 1 1 1 1 1 1 1 1 1 1 1 1 1 1 1 1 1 1 1 1 1 1 1 1 1 1 1 1 1 1 1 1 1 1 1 1 1 1 1 1 1 1 1 1 1 1 1 1 1 1 1 1 1 1 1 1 1 1 1 1 1 1 1 1 1 1 1 1 1 1 1 1 1 1 1 1 1 1 1 7 1 1 1 1 1 100 1 1 1 100 1 1 1 1 1 1 1 1 1 1 1 1 1 1 1 1 1 1 1 1 1 1 1 1 1 1 1 1 1 1 1 1 1 1 1 1 1 1 1 1 1 1 1 1 1 1 1 1 1 1 1 1 1 1 1 1 1 1 1 1 12 12 12 12 12 12 12 12 12 12 12 12 12 12 12 12 12 12 12 12 12 12 12 12 12 12 12 12 12 12 12 12 12 12 12 12 12 12 12 12 12 12 7 12 100 100 12 12 12 12 12 100 12 12 12 1 1 12 12 12 12 12 12 12 12 12 12 12 12 12 12 12 12 12 12 12 12 12 12 12 12 12 12 12 12 12 12 12 12 12 12 12 12 12 12 12 12 12 12 12 12 12 1 12 1 1 1 1 1 1 1 1 1 1 1 1 1 1 1 1 1 1 1 1 1 1 1 1 1 1 1 1 1 1
ciInstanceKlass jdk/internal/misc/Unsafe 1 1 1165 10 9 9 10 10 10 10 10 10 10 10 10 10 10 10 10 10 10 10 10 100 10 10 10 5 0 10 10 10 10 10 10 10 10 10 100 10 10 10 10 10 10 10 10 10 10 10 10 10 10 5 0 5 0 5 0 10 10 10 100 10 10 10 10 10 10 10 10 10 100 10 10 10 10 8 10 8 8 10 9 9 9 9 9 9 9 9 10 10 10 10 5 0 5 0 9 10 10 10 10 10 8 3 10 10 10 10 10 10 10 10 10 10 10 10 10 10 10 10 10 10 10 10 10 10 10 10 10 10 10 10 10 10 10 10 10 10 10 10 10 10 10 10 10 10 10 10 10 10 10 10 10 10 10 10 10 10 10 10 10 10 10 10 10 10 10 10 10 10 10 10 10 10 10 10 10 10 10 10 10 10 10 10 10 10 10 10 10 10 10 10 10 10 10 10 10 10 10 10 100 10 100 10 9 5 0 10 5 0 10 5 0 10 10 10 10 10 10 10 10 10 10 10 10 10 10 10 10 10 10 10 10 10 10 10 10 10 10 10 10 10 10 10 5 0 5 0 5 0 10 10 10 10 10 7 10 7 10 9 7 9 7 9 7 9 7 9 7 9 7 9 7 9 7 9 10 9 9 9 9 9 9 9 9 9 10 10 10 7 1 1 1 1 1 3 1 1 1 1 1 1 1 1 1 1 1 1 1 1 1 1 1 1 1 1 1 1 1 1 1 1 1 1 1 1 1 1 1 1 1 1 1 1 1 1 1 1 1 1 1 1 1 1 1 1 1 1 1 1 1 1 1 1 1 1 1 1 1 1 1 1 1 1 1 1 1 1 1 1 1 1 1 1 1 1 1 1 1 1 1 1 1 1 1 1 1 1 1 1 1 1 1 1 1 1 1 1 1 1 1 1 1 1 1 1 1 1 1 1 1 1 1 1 1 7 1 1 1 1 1 1 1 1 1 1 1 1 1 1 1 1 1 1 1 1 1 1 1 1 1 1 1 1 1 1 1 1 1 1 1 1 1 1 1 1 1 1 1 1 1 1 1 1 1 1 1 1 1 1 1 1 1 1 1 1 1 1 1 1 1 1 1 1 1 1 1 1 1 1 1 1 100 1 1 1 1 1 1 1 1 1 1 1 1 1 1 1 1 1 1 1 1 1 1 1 1 1 1 1 1 1 1 1 1 1 1 1 1 1 1 1 1 1 1 1 1 1 1 1 1 1 1 1 1 1 1 1 1 1 1 1 1 1 1 1 1 1 1 1 1 1 1 1 1 1 1 1 1 1 1 1 1 1 1 1 1 1 1 1 1 1 1 1 1 1 1 1 1 1 1 1 1 1 1 1 1 1 1 1 1 1 1 1 1 1 1 1 1 1 1 1 1 1 1 1 1 1 1 1 1 1 1 1 1 1 1 1 1 1 1 1 1 1 1 1 1 1 1 1 1 1 1 1 1 1 1 1 1 1 1 1 1 1 1 1 1 1 1 1 1 1 1 1 1 1 1 1 1 1 1 1 1 1 1 1 1 1 1 1 1 1 1 1 1 1 1 1 1 1 1 1 1 1 1 1 1 1 1 1 1 1 1 1 1 1 1 1 1 1 1 1 1 1 1 1 1 1 1 1 1 1 1 1 1 1 1 1 1 1 1 1 1 1 1 1 1 1 1 1 1 1 1 1 1 1 1 1 1 1 1 1 1 1 1 1 1 1 1 1 1 1 1 1 1 1 1 1 1 1 1 1 1 1 1 1 1 1 1 1 1 1 1 1 1 1 1 1 1 1 1 1 1 1 1 1 1 1 1 1 1 1 1 1 1 1 1 1 1 1 1 1 1 1 1 1 1 1 1 1 1 1 1 1 1 1 1 1 1 1 1 1 1 1 1 1 1 1 1 1 1 1 1 1 1 1 1 1 1 1 1 1 1 1 1 1 1 1 1 1 1 1 1 1 1 1 1 1 1 1 1 1 1 1 1 1 1 1 1 1 1 1 1 12 12 12 12 7 12 12 12 12 12 12 12 12 12 12 12 12 12 12 12 12 1 12 12 12 12 12 12 12 12 12 12 12 1 12 12 12 12 12 12 12 12 12 12 12 12 12 12 12 12 1 12 12 12 12 12 12 12 12 1 12 12 12 1 12 1 1 12 7 12 100 7 100 100 100 100 12 12 12 12 12 12 12 12 12 12 1 12 12 12 12 12 12 12 12 12 12 12 12 12 12 12 12 12 12 12 12 12 12 12 12 12 12 12 12 12 12 12 12 12 12 12 12 12 12 12 12 12 12 12 12 12 12 12 12 12 12 12 12 12 12 12 12 12 12 12 12 12 12 12 12 12 12 12 12 12 12 12 12 12 12 12 12 12 12 12 12 12 12 12 12 12 12 12 12 12 12 12 12 12 12 12 12 1 1 12 12 12 12 12 12 12 12 12 12 12 12 12 12 12 12 12 12 12 12 12 12 12 12 12 12 12 12 12 12 12 12 12 12 12 12 12 12 1 1 12 12 12 1 12 1 12 1 12 1 12 1 12 12 12 12 12 12 12 12 12 12 12 12 12 12 12 12 1 1 1 1 1 1 1 1 1 1 1 1 1 1 1 1 1 1 1 1 1 1 1 1 1 1 1 1 1
staticfield jdk/internal/misc/Unsafe theUnsafe Ljdk/internal/misc/Unsafe; jdk/internal/misc/Unsafe
staticfield jdk/internal/misc/Unsafe ARRAY_BOOLEAN_BASE_OFFSET I 16
staticfield jdk/internal/misc/Unsafe ARRAY_BYTE_BASE_OFFSET I 16
staticfield jdk/internal/misc/Unsafe ARRAY_SHORT_BASE_OFFSET I 16
staticfield jdk/internal/misc/Unsafe ARRAY_CHAR_BASE_OFFSET I 16
staticfield jdk/internal/misc/Unsafe ARRAY_INT_BASE_OFFSET I 16
staticfield jdk/internal/misc/Unsafe ARRAY_LONG_BASE_OFFSET I 16
staticfield jdk/internal/misc/Unsafe ARRAY_FLOAT_BASE_OFFSET I 16
staticfield jdk/internal/misc/Unsafe ARRAY_DOUBLE_BASE_OFFSET I 16
staticfield jdk/internal/misc/Unsafe ARRAY_OBJECT_BASE_OFFSET I 16
staticfield jdk/internal/misc/Unsafe ARRAY_BOOLEAN_INDEX_SCALE I 1
staticfield jdk/internal/misc/Unsafe ARRAY_BYTE_INDEX_SCALE I 1
staticfield jdk/internal/misc/Unsafe ARRAY_SHORT_INDEX_SCALE I 2
staticfield jdk/internal/misc/Unsafe ARRAY_CHAR_INDEX_SCALE I 2
staticfield jdk/internal/misc/Unsafe ARRAY_INT_INDEX_SCALE I 4
staticfield jdk/internal/misc/Unsafe ARRAY_LONG_INDEX_SCALE I 8
staticfield jdk/internal/misc/Unsafe ARRAY_FLOAT_INDEX_SCALE I 4
staticfield jdk/internal/misc/Unsafe ARRAY_DOUBLE_INDEX_SCALE I 8
staticfield jdk/internal/misc/Unsafe ARRAY_OBJECT_INDEX_SCALE I 4
staticfield jdk/internal/misc/Unsafe ADDRESS_SIZE I 8
staticfield jdk/internal/misc/Unsafe BE Z 0
staticfield jdk/internal/misc/Unsafe unalignedAccess Z 1
ciInstanceKlass jdk/internal/module/Modules 1 1 483 10 9 11 11 11 11 11 11 11 11 10 10 18 10 7 10 10 10 10 11 10 10 10 10 9 10 10 10 100 100 11 10 11 10 10 10 10 10 11 18 11 10 11 100 11 11 11 10 10 18 11 18 11 10 18 18 10 9 11 100 10 11 11 100 11 10 100 10 10 10 11 10 100 10 18 10 100 8 10 10 18 11 11 10 10 10 18 10 10 7 10 10 100 1 1 1 1 1 1 1 1 1 1 1 1 1 1 1 1 1 1 1 1 1 1 1 1 1 1 1 1 1 1 1 1 1 1 1 1 1 1 1 1 1 1 1 1 1 1 1 1 1 1 1 1 1 1 1 1 7 100 100 1 1 1 1 1 1 1 1 1 1 1 1 1 1 1 1 1 1 1 1 1 1 1 1 1 1 1 1 1 1 1 100 100 100 100 100 100 100 100 1 1 1 1 1 1 100 1 1 1 1 1 1 1 1 1 1 100 1 1 1 1 1 1 1 1 1 12 12 7 12 12 12 12 12 12 12 12 12 100 12 1 15 16 15 16 12 100 12 1 7 12 7 12 12 12 12 12 12 12 12 12 100 12 1 1 12 100 12 12 12 12 100 12 12 12 12 16 15 16 12 12 100 12 100 12 1 12 12 12 12 100 12 16 15 16 12 12 16 15 16 12 12 12 15 16 15 16 12 12 12 1 12 12 1 12 1 12 12 12 12 12 1 15 16 12 12 1 1 12 12 15 16 12 12 12 15 12 1 12 7 12 1 1 1 1 1 1 1 1 1 1 1 1 1 1 1 1 1 1 1 1 10 1 10 1 1 1 1 1 1 1 1 1 1 1 1 1 1 1 1 1 1 1 1 1 1 1 1 1 1 1 1 1 1 1 1 1 1 1 1 1 1 1 10 1 1 1 1 1 1 1 1 1 1 1 1 1 1 1 1 1 1 1 1 10 1 1 1 1 1 1 10 1 1 1 1 1 1 10 1 10 1 1 1 1 1 1 1 1 1 1 1 1 1 10 1 1 1 1 1 10 1 1 10 1 1 1 1 1 100 12 12 12 12 12 12 12 12 12 1 1 100 1 1 1 1 1 100 1 1
staticfield jdk/internal/module/Modules JLA Ljdk/internal/misc/JavaLangAccess; java/lang/System$2
staticfield jdk/internal/module/Modules $assertionsDisabled Z 1
instanceKlass java/io/ObjectInputStream
instanceKlass sun/security/ssl/SSLSocketImpl$AppInputStream
instanceKlass sun/nio/ch/ChannelInputStream
instanceKlass java/lang/ProcessBuilder$NullInputStream
instanceKlass com/sun/org/apache/xerces/internal/impl/XMLEntityManager$RewindableInputStream
instanceKlass java/util/zip/ZipFile$ZipFileInputStream
instanceKlass java/io/FilterInputStream
instanceKlass java/io/FileInputStream
instanceKlass java/io/ByteArrayInputStream
ciInstanceKlass java/io/InputStream 1 1 170 100 10 100 10 10 10 10 100 3 10 100 8 10 7 10 3 100 8 10 100 10 11 10 11 11 11 100 10 5 0 10 8 10 8 10 10 7 100 1 1 1 1 3 1 3 1 1 1 1 1 1 1 1 1 1 1 1 1 1 1 1 1 1 1 1 1 1 1 1 1 1 1 1 1 1 1 1 1 1 1 1 1 1 100 100 1 1 1 1 1 1 1 1 1 1 1 1 1 1 1 1 1 1 1 1 1 1 1 1 12 1 12 7 12 12 1 12 1 1 12 1 7 12 1 1 1 12 100 12 12 12 12 100 12 12 1 12 7 12 1 1 1 1 1 1 1 1 1 1 1 1 1 1 1 1 1 1 1 1 1 1 1 1 1 1 1 1 1 1
instanceKlass sun/security/util/DerInputBuffer
instanceKlass org/aspectj/apache/bcel/util/ByteSequence$ByteArrayStream
ciInstanceKlass java/io/ByteArrayInputStream 1 1 96 10 9 9 9 9 10 10 10 10 10 10 7 7 1 1 1 1 1 1 1 1 1 1 1 1 1 1 1 1 1 1 1 1 1 1 1 1 1 1 1 1 1 1 1 1 1 1 100 1 1 1 1 1 1 1 1 1 1 1 1 1 1 12 12 12 12 12 7 12 7 12 7 12 100 12 12 7 12 1 1 1 1 1 1 1 1 1 1 1 1 1 1 1 1 1
ciInstanceKlass java/net/URL 1 1 744 10 10 10 9 9 10 10 10 9 10 8 10 100 10 10 8 10 9 100 8 10 10 8 9 10 9 10 10 9 9 8 9 10 8 9 10 10 8 10 7 10 10 10 10 10 8 10 10 8 9 8 10 10 100 10 10 10 100 8 10 10 8 10 10 10 10 10 10 8 10 7 10 10 10 9 10 9 10 10 100 100 10 10 10 10 10 10 7 10 10 10 100 10 10 8 9 10 10 9 10 100 10 10 10 10 10 10 10 10 10 10 10 9 9 100 8 10 10 9 10 8 10 8 10 10 8 8 10 100 10 10 10 7 7 10 9 10 8 10 7 10 10 8 9 10 10 10 10 10 11 10 10 9 10 10 10 8 10 7 100 10 8 8 10 8 8 8 100 10 9 10 10 10 10 10 10 10 10 10 10 10 10 10 10 10 100 8 10 10 10 10 10 8 7 10 7 10 7 10 7 7 10 9 9 7 10 10 100 1 1 1 1 1 1 1 5 0 1 1 1 1 1 1 1 1 1 1 1 1 1 1 1 1 1 1 1 1 1 1 1 1 1 1 1 1 1 1 1 1 1 1 1 1 1 1 1 1 1 1 1 1 1 1 1 1 1 1 1 1 1 1 1 1 1 1 1 1 1 1 1 1 1 1 1 1 1 1 1 1 1 1 1 1 1 1 100 1 1 1 1 1 1 1 1 1 1 1 1 1 1 1 1 1 1 1 1 1 1 1 1 1 1 1 1 1 1 1 1 1 1 1 100 100 1 1 1 1 1 1 1 1 1 1 1 1 1 1 7 1 1 1 1 1 1 1 1 1 1 1 1 1 1 100 7 1 1 1 1 1 1 1 1 1 1 1 1 1 1 1 1 1 1 100 1 1 100 1 1 100 1 1 1 1 1 1 1 1 1 1 1 1 1 1 1 1 1 1 1 1 1 1 1 12 12 12 12 12 7 12 12 12 12 12 1 12 1 12 1 12 12 1 1 12 12 1 12 12 12 12 12 12 12 1 12 12 1 12 12 7 12 1 12 1 12 12 12 12 12 1 12 12 1 12 1 12 12 1 12 12 12 1 1 12 1 12 12 12 12 12 12 1 12 1 7 12 12 100 12 12 12 12 100 12 1 1 12 12 12 12 12 12 1 12 1 12 12 1 12 100 12 12 100 12 12 1 12 12 12 12 12 12 12 7 12 12 12 12 12 1 1 12 12 12 1 7 12 1 12 12 1 1 12 1 100 12 12 12 1 1 12 12 1 12 1 7 12 100 12 12 12 12 12 100 12 12 12 12 12 12 100 12 12 12 1 1 12 1 12 12 12 12 12 12 12 12 12 12 12 12 12 12 1 1 12 12 12 1 1 1 1 1 1 12 7 12 12 1 7 12 1 1 1 1 1 1 1 1 1 1 1 1 1 1 1 1 1 1 1 1 1 1 1 1 1 1 1 1 1 1 1 1 1 1 1 1 1 1 1 1 1 1 1 1 1 1 1 1 1 1 1 1 1 1 1 1 1 1 1 1 1 1 1 1 1 1 1 1 1 1 1 1 1 1 1 1 1 1 1 1 1 1 1 1 1 1 1 1 1 1 1 1 1 1 1 1 1 1 1 1 1 1 1 1 1 1 1 1 1 1 1 1 1 1 1 1 1 1 1 1 1 1 1 1 1 1 1 1 1 1 1 1 1 1
staticfield java/net/URL defaultFactory Ljava/net/URLStreamHandlerFactory; java/net/URL$DefaultFactory
staticfield java/net/URL streamHandlerLock Ljava/lang/Object; java/lang/Object
staticfield java/net/URL serialPersistentFields [Ljava/io/ObjectStreamField; 7 [Ljava/io/ObjectStreamField;
ciInstanceKlass java/util/jar/Manifest 1 1 301 10 7 10 9 7 10 9 9 10 10 10 10 10 11 11 10 10 100 100 10 8 10 10 10 10 11 100 10 10 11 11 11 11 100 100 8 10 11 7 9 10 10 10 10 8 10 10 11 10 10 10 8 10 7 10 10 10 100 8 10 10 8 10 10 10 10 11 10 10 10 7 10 11 10 11 10 7 100 1 1 1 1 1 1 1 1 1 1 1 1 1 1 1 1 1 1 1 1 1 1 1 1 1 1 1 1 1 1 1 1 1 1 1 1 1 1 1 1 1 1 1 1 1 1 1 1 1 1 1 1 1 100 100 1 1 1 1 1 1 1 1 1 1 1 1 1 1 1 1 1 1 1 1 100 100 1 1 1 1 1 1 1 1 1 1 1 1 1 1 1 1 12 1 12 1 12 12 12 12 12 12 12 7 12 12 100 12 1 1 1 12 12 12 12 1 12 12 12 100 12 12 12 1 1 1 12 1 7 12 12 12 12 12 1 12 12 12 12 12 1 12 1 12 12 12 1 1 12 1 12 100 12 12 12 12 12 7 12 12 1 12 12 12 1 1 1 1 1 1 1 1 1 1 1 1 1 1 1 1 1 1 1 1 1 1 1 1 1 1 1 1 1 1 1 1 1 1 1 1 1 1 1 1 1 1 1 1 1 1 1 1 1 1 1 1 1 1 1 1 1
ciInstanceKlass jdk/internal/loader/ClassLoaders 1 1 143 10 9 9 9 7 11 100 11 11 10 10 100 100 10 9 8 10 7 10 7 10 10 7 10 8 10 8 8 7 10 7 100 1 1 1 1 1 1 1 1 1 1 1 1 1 1 1 1 1 1 1 1 1 1 1 1 1 1 1 1 1 1 1 100 1 1 1 1 1 1 1 1 1 1 1 1 12 12 12 12 1 100 12 1 12 12 100 12 100 12 1 1 7 12 12 1 7 12 1 12 1 12 12 1 12 1 7 12 1 1 1 12 1 1 1 1 1 1 1 1 1 1 1 1 1 1 1 1 1 1 1 1 1 1 1 1 1 1 1 1 1 1
staticfield jdk/internal/loader/ClassLoaders JLA Ljdk/internal/misc/JavaLangAccess; java/lang/System$2
staticfield jdk/internal/loader/ClassLoaders BOOT_LOADER Ljdk/internal/loader/ClassLoaders$BootClassLoader; jdk/internal/loader/ClassLoaders$BootClassLoader
staticfield jdk/internal/loader/ClassLoaders PLATFORM_LOADER Ljdk/internal/loader/ClassLoaders$PlatformClassLoader; jdk/internal/loader/ClassLoaders$PlatformClassLoader
staticfield jdk/internal/loader/ClassLoaders APP_LOADER Ljdk/internal/loader/ClassLoaders$AppClassLoader; jdk/internal/loader/ClassLoaders$AppClassLoader
instanceKlass jdk/internal/loader/ClassLoaders$BootClassLoader
instanceKlass jdk/internal/loader/ClassLoaders$PlatformClassLoader
instanceKlass jdk/internal/loader/ClassLoaders$AppClassLoader
ciInstanceKlass jdk/internal/loader/BuiltinClassLoader 1 1 717 10 10 9 9 7 10 9 9 10 10 11 100 100 10 10 8 10 10 7 10 10 11 11 11 7 9 8 8 10 10 9 11 7 10 10 10 10 10 10 10 11 10 7 10 10 10 100 8 10 10 8 10 10 11 11 100 7 10 11 11 10 7 10 10 7 7 10 7 7 10 10 100 10 11 7 100 10 10 100 100 10 10 18 10 10 18 100 10 7 10 10 10 10 10 9 100 10 10 10 10 10 10 10 10 10 10 18 7 10 10 10 10 100 10 7 10 10 10 11 7 10 7 100 10 10 11 10 10 10 10 10 10 10 10 8 10 10 10 100 8 8 10 10 8 8 10 11 9 10 9 9 9 9 9 9 10 8 10 7 10 10 7 7 10 11 10 10 10 100 10 10 10 7 10 10 8 10 7 100 1 1 1 1 1 1 1 1 1 1 1 1 1 1 1 1 1 1 1 1 1 1 1 1 1 1 1 1 1 7 7 1 1 1 1 1 1 1 1 1 1 1 7 1 1 1 1 1 1 1 1 1 1 1 1 1 1 1 1 1 1 1 1 1 1 1 1 1 1 1 1 1 1 1 1 1 1 1 100 1 1 1 1 1 1 1 1 1 1 1 1 1 1 1 1 1 1 1 1 1 1 1 100 100 1 1 1 1 1 1 1 1 1 1 1 1 1 7 1 1 1 1 1 1 1 1 1 1 1 1 1 1 1 1 1 1 1 1 1 1 1 1 1 1 7 1 1 1 1 1 1 1 1 1 1 1 1 7 7 1 1 1 1 1 1 1 1 1 1 1 1 1 1 1 1 1 7 1 1 1 1 1 1 1 1 1 1 7 12 12 12 12 1 12 12 12 12 12 12 1 1 12 1 12 12 1 12 12 7 12 12 12 1 12 1 1 12 7 12 12 12 1 12 12 12 7 12 12 12 12 12 7 12 1 7 12 12 1 1 12 1 12 12 12 12 1 1 12 12 1 12 12 1 1 12 1 1 12 7 12 1 12 12 1 1 12 12 1 1 12 12 1 15 16 15 16 12 12 12 15 16 1 7 12 1 12 12 12 12 12 1 12 12 12 12 12 12 12 12 12 15 16 12 1 12 12 12 12 1 12 100 1 1 12 12 12 12 1 12 1 12 12 12 12 12 12 12 12 12 12 12 1 12 12 12 1 1 1 12 1 1 7 12 7 12 7 12 12 12 12 12 12 12 12 12 1 12 1 12 12 1 1 12 12 12 12 1 12 12 1 12 12 1 12 1 1 1 1 1 1 1 1 1 1 1 1 1 1 1 1 1 1 1 1 1 1 1 1 1 1 1 1 1 1 1 1 1 1 1 1 1 1 1 1 1 1 1 1 1 1 1 1 1 1 1 1 1 1 1 1 1 1 1 1 1 1 1 1 1 1 1 1 1 1 10 10 1 1 1 1 10 1 1 1 1 1 1 1 1 1 1 1 1 1 10 1 1 1 1 1 1 1 1 1 1 1 1 1 1 1 1 1 1 1 1 1 1 1 1 1 1 1 1 1 1 1 1 1 1 1 1 1 1 1 1 1 1 1 1 1 1 1 1 1 1 1 1 1 1 1 1 1 1 1 100 12 12 12 12 1 1 100 1 1 100 1 1
staticfield jdk/internal/loader/BuiltinClassLoader packageToModule Ljava/util/Map; java/util/concurrent/ConcurrentHashMap
staticfield jdk/internal/loader/BuiltinClassLoader $assertionsDisabled Z 1
ciInstanceKlass jdk/internal/loader/ClassLoaders$AppClassLoader 1 1 134 8 10 9 10 10 10 10 10 10 7 8 10 10 10 9 11 10 10 100 10 7 7 1 1 1 100 1 1 1 1 1 1 1 1 1 1 1 1 1 1 1 1 1 1 1 1 1 1 100 1 100 1 1 1 1 1 1 1 1 1 1 1 1 1 1 1 1 1 1 1 1 1 1 1 1 1 1 1 100 1 12 12 7 12 100 12 12 12 12 12 1 1 12 7 12 7 12 12 100 12 12 7 12 1 12 1 1 1 1 1 1 1 1 1 1 1 1 1 1 1 1 1 1 1 1 1 1 1 1 1 1 1 1
ciInstanceKlass jdk/internal/loader/ClassLoaders$PlatformClassLoader 1 1 57 8 10 9 11 10 100 10 100 7 1 100 1 1 1 1 1 1 1 1 1 1 1 1 1 1 1 1 1 1 1 1 1 1 1 100 1 12 12 100 12 7 12 1 12 1 1 1 1 1 1 1 1 1 1 1 1
ciInstanceKlass java/security/CodeSource 1 1 402 10 9 9 9 9 10 9 10 100 10 100 10 7 10 10 10 100 10 10 10 10 10 100 10 10 10 10 10 10 10 10 10 10 10 10 10 8 10 10 10 10 8 10 10 100 10 10 8 10 10 10 8 8 9 100 8 10 10 8 10 8 8 8 10 10 10 10 10 10 100 100 10 10 10 10 10 100 10 10 8 10 10 10 100 10 100 100 8 8 10 10 10 100 10 10 11 10 10 11 10 10 8 100 10 10 100 10 11 11 7 100 1 1 1 5 0 1 1 1 1 1 1 1 1 1 1 1 1 1 1 1 1 1 1 1 1 1 100 1 1 1 1 1 1 1 1 1 1 1 1 1 1 1 1 1 1 1 1 1 1 1 1 1 1 1 1 1 1 1 1 1 1 1 1 1 1 1 1 1 100 1 1 1 1 1 1 1 1 1 1 1 1 1 100 1 1 1 1 1 1 1 1 1 1 1 1 1 1 1 1 1 1 100 100 100 1 1 1 1 1 1 1 1 1 12 12 12 12 12 7 12 12 100 12 100 12 1 12 12 100 1 12 100 12 12 12 1 12 100 100 12 100 12 12 12 12 12 12 1 12 12 12 12 1 12 1 12 1 12 12 12 1 1 12 1 1 12 12 1 12 1 1 1 12 12 12 12 12 12 1 1 12 12 12 12 12 1 12 1 12 12 12 1 12 1 1 1 1 12 100 12 1 12 12 12 12 12 100 1 1 12 12 1 12 12 1 1 1 1 1 1 1 1 1 1 1 1 1 1 1 1 1 1 1 1 1 1 1 1 1 1 1 1 1 1 1 1 1 1 1 1 1 1 1 1 1 1 1 1 1 1 1 1 1 1 1 1 1 1 1 1 1 1 1 1 1 1 1 1 1 1 1 1 1 1 1 1 1 1 1 1
ciInstanceKlass java/lang/StackTraceElement 0 0 224 10 10 9 9 9 9 8 10 100 9 8 9 9 9 8 10 10 100 10 10 8 10 10 8 8 8 10 8 8 10 8 8 100 10 10 10 10 9 10 10 100 10 10 10 10 10 10 10 10 10 100 100 100 1 1 1 1 1 1 1 1 1 1 1 1 1 1 1 1 1 1 1 3 1 3 1 1 5 0 1 1 1 1 1 1 1 1 1 1 1 1 1 1 1 1 1 1 1 1 1 1 1 1 1 1 1 1 1 1 1 1 1 1 1 1 1 1 100 100 100 100 1 1 1 1 1 1 1 1 1 1 1 1 1 100 1 1 1 1 1 1 1 1 1 1 12 12 12 12 12 12 1 100 12 1 12 1 12 12 12 1 12 12 1 12 1 12 12 1 1 1 12 1 1 12 1 1 1 12 12 12 12 12 12 12 1 12 100 12 100 12 12 12 12 12 12 1 1 1 1 1 1 1 1 1 1 1 1 1 1 1 1 1 1 1 1 1 1 1 1 1 1 1
instanceKlass java/nio/IntBuffer
instanceKlass java/nio/LongBuffer
instanceKlass java/nio/CharBuffer
instanceKlass java/nio/ByteBuffer
ciInstanceKlass java/nio/Buffer 1 1 195 100 10 9 9 10 9 10 10 100 100 10 8 10 10 8 8 10 10 8 9 100 8 10 8 8 9 10 8 8 8 10 8 8 8 100 10 100 10 100 10 100 10 7 10 10 9 7 10 10 7 1 1 1 1 1 1 3 1 1 1 1 1 1 1 1 1 1 1 1 1 1 1 1 1 1 1 1 1 1 1 1 1 1 1 1 1 100 1 1 1 1 1 1 1 1 1 1 1 1 1 1 1 1 1 1 1 1 1 1 1 1 1 1 1 1 1 1 1 1 1 1 1 1 1 1 1 1 1 1 1 1 1 12 12 12 12 12 12 12 1 1 1 12 12 1 1 12 12 1 12 1 1 12 1 1 12 12 1 1 1 12 1 1 1 1 1 1 1 1 7 12 7 12 12 1 7 12 1 1 1 1 1 1 1 1 1 1 1 1 1 1 1 1 1
staticfield java/nio/Buffer UNSAFE Ljdk/internal/misc/Unsafe; jdk/internal/misc/Unsafe
staticfield java/nio/Buffer $assertionsDisabled Z 1
ciInstanceKlass java/lang/StackWalker 0 0 235 9 10 100 10 10 11 10 10 100 10 100 8 10 10 10 10 9 9 9 9 10 9 10 11 100 8 10 10 9 10 10 10 18 100 8 10 10 10 9 11 10 100 100 1 1 1 100 1 1 1 1 1 1 1 1 1 1 1 1 1 1 1 1 1 1 1 1 1 1 1 1 1 1 1 1 1 1 1 1 1 1 1 1 1 1 1 1 1 1 1 100 1 1 1 1 1 1 1 1 1 1 1 1 1 1 1 1 1 1 1 1 1 1 1 1 1 1 1 1 1 1 1 1 1 1 1 1 1 1 12 100 12 1 100 12 12 100 12 12 12 1 12 1 1 12 12 12 12 12 12 12 12 12 12 100 12 12 1 1 12 12 12 100 12 100 12 1 15 16 15 16 12 1 1 12 100 12 12 100 12 12 1 1 1 1 1 1 1 1 1 1 1 1 1 1 1 1 1 1 1 1 1 1 1 1 1 1 1 1 10 10 1 1 1 1 1 1 1 1 1 1 1 1 100 12 12 1 1 100 1 1 100 1 1
ciInstanceKlass java/lang/StackStreamFactory$AbstractStackWalker 1 0 306 100 100 3 10 10 10 9 10 9 9 9 9 9 10 10 9 10 10 9 9 100 10 8 10 10 8 10 10 100 8 10 8 10 9 10 9 8 5 0 8 8 9 10 10 10 9 10 10 10 10 10 10 8 10 10 10 10 8 100 10 10 10 10 10 10 9 8 10 10 10 10 10 10 10 10 10 10 8 100 1 1 1 1 1 1 1 1 1 1 100 1 1 1 1 1 1 1 1 1 1 1 1 1 1 1 1 1 1 1 1 1 1 1 1 1 1 1 1 1 1 1 1 1 100 1 1 1 1 1 1 100 1 1 1 1 1 1 1 100 1 1 1 1 1 1 1 1 1 1 1 1 1 1 1 1 1 1 1 1 1 1 1 1 1 12 12 100 12 12 12 12 12 12 12 100 12 100 12 12 12 12 12 12 100 12 1 1 12 12 1 12 100 12 1 1 12 1 12 100 12 12 12 1 1 1 12 12 12 12 12 12 12 12 12 12 12 1 12 12 12 12 1 1 12 12 12 12 12 100 12 12 1 12 12 12 12 12 12 12 12 12 12 1 1 1 1 1 1 1 1 1 1 1 1 1 1 1 1 1 1 1 1 1 1 1 1 1 1 1 1 1 1 1 1 1 1 1 1 1 1 1 1 1 1 1 1 1 1 1 1 1 1 1 1 1 1 1 1 1 1 1 1 1 1 1
instanceKlass java/lang/LiveStackFrameInfo
ciInstanceKlass java/lang/StackFrameInfo 0 0 132 10 9 9 9 11 9 11 10 10 10 11 11 11 10 9 10 10 10 11 10 9 10 100 8 10 10 100 100 100 1 1 1 1 1 1 1 1 1 1 1 1 1 1 1 1 1 1 1 1 1 1 1 1 1 1 1 1 1 1 1 1 1 1 1 1 1 1 1 1 1 100 100 1 1 1 1 1 12 100 12 12 100 12 12 12 12 100 12 12 12 12 12 12 12 12 12 12 12 12 12 12 1 1 12 100 12 1 1 1 1 1 1 1 1 1 1 1 1 1 1 1 1 1 1 1 1 1 1 1 1 1
ciInstanceKlass java/lang/LiveStackFrameInfo 0 0 97 10 9 9 9 9 9 100 10 10 8 10 100 8 8 8 10 100 10 100 10 100 100 100 1 1 1 1 1 1 1 1 3 1 3 1 1 1 1 1 1 1 1 1 1 1 1 1 1 1 1 1 1 1 1 1 1 1 100 1 1 1 1 1 1 1 1 1 1 12 12 12 12 12 12 1 12 12 1 12 1 1 1 1 1 12 1 12 1 1 1 1 1 1 1 1 1
instanceKlass java/util/concurrent/locks/AbstractQueuedSynchronizer
ciInstanceKlass java/util/concurrent/locks/AbstractOwnableSynchronizer 1 1 32 10 9 7 7 100 1 1 1 5 0 1 1 1 1 1 1 1 1 1 1 1 1 1 1 1 1 12 12 1 1 1
ciInstanceKlass java/lang/Boolean 1 1 128 10 9 10 10 8 10 9 9 8 10 7 10 10 100 100 10 10 8 10 9 7 100 100 1 1 1 1 1 1 1 1 1 1 1 1 5 0 1 1 1 1 1 1 1 1 1 1 1 1 1 1 1 1 1 1 1 1 1 1 1 1 1 1 7 1 1 1 1 1 1 1 1 1 1 1 100 1 1 1 1 1 1 1 1 1 1 1 1 1 1 1 1 1 12 12 12 12 1 12 12 12 1 12 1 12 7 12 1 1 12 12 1 7 12 12 1 1 1 1 1 1 1 1 1 1 1 1
staticfield java/lang/Boolean TRUE Ljava/lang/Boolean; java/lang/Boolean
staticfield java/lang/Boolean FALSE Ljava/lang/Boolean; java/lang/Boolean
staticfield java/lang/Boolean TYPE Ljava/lang/Class; java/lang/Class
ciInstanceKlass java/lang/Character 1 1 550 7 100 10 9 9 10 10 10 10 10 3 3 3 3 3 10 10 3 11 11 10 10 100 10 10 3 10 10 10 100 8 7 10 10 10 10 10 10 10 10 10 10 10 10 10 10 10 10 10 10 10 10 10 10 10 10 10 10 10 10 10 10 10 10 10 10 10 10 10 10 10 10 10 10 10 10 10 5 0 10 10 10 10 10 10 10 10 10 10 9 100 10 10 10 3 10 10 10 100 10 10 10 10 8 10 9 10 10 10 10 10 10 10 10 10 100 8 10 10 8 10 9 100 100 7 1 1 100 1 100 1 100 1 1 1 1 3 1 3 1 1 3 1 3 1 1 1 1 1 1 1 3 1 1 3 1 3 1 3 1 3 1 3 1 3 1 3 1 3 1 3 1 3 1 3 1 3 1 3 1 3 1 3 1 3 1 3 1 3 1 3 1 3 1 3 1 3 1 3 1 3 1 3 1 3 1 3 1 3 1 1 1 1 1 1 1 1 1 1 1 1 1 1 1 1 1 1 1 3 1 1 1 1 1 1 1 3 1 1 3 1 1 1 1 1 3 1 1 1 5 0 1 1 1 1 1 1 1 1 1 1 1 1 1 1 1 1 1 1 1 1 1 1 1 1 1 1 1 1 1 1 1 1 1 1 1 1 1 1 1 1 1 1 1 1 1 1 1 1 1 1 1 1 1 1 1 1 1 1 1 1 1 1 1 1 1 1 1 1 1 1 1 1 1 1 1 1 1 1 1 1 1 1 1 1 1 1 1 1 1 1 1 1 1 1 1 1 1 1 1 1 1 1 1 1 1 1 1 1 1 1 1 1 1 1 1 1 1 1 1 1 1 1 1 1 1 1 1 1 1 1 1 1 1 1 1 1 1 1 1 1 1 1 1 1 1 7 1 1 1 1 1 1 1 1 1 1 1 1 1 12 12 12 12 12 12 12 12 12 12 7 12 12 12 12 1 12 12 12 12 1 1 1 100 12 12 12 12 12 12 12 12 7 12 12 12 12 12 12 12 12 12 12 12 12 12 12 12 12 12 12 12 12 12 12 12 12 12 12 12 12 12 12 12 1 12 12 100 12 12 12 1 12 12 12 1 12 100 12 12 12 12 12 12 12 1 1 12 7 12 1 12 12 1 1 1 1 1 1 1 1 1 1 1 1 1 1 1 1 1 1 1 1 1 1 1 1 1 1 1 1 1 1 1 1 1 1 1 1 1 1 1 1 1 1 1 1 1 1
staticfield java/lang/Character TYPE Ljava/lang/Class; java/lang/Class
staticfield java/lang/Character $assertionsDisabled Z 1
instanceKlass java/math/BigInteger
instanceKlass java/math/BigDecimal
instanceKlass java/util/concurrent/atomic/Striped64
instanceKlass java/util/concurrent/atomic/AtomicLong
instanceKlass java/util/concurrent/atomic/AtomicInteger
instanceKlass java/lang/Long
instanceKlass java/lang/Integer
instanceKlass java/lang/Short
instanceKlass java/lang/Byte
instanceKlass java/lang/Double
instanceKlass java/lang/Float
ciInstanceKlass java/lang/Number 1 1 37 10 10 100 7 100 1 1 1 5 0 1 1 1 1 1 1 1 1 1 1 1 1 1 1 1 1 1 1 1 1 1 12 12 1 1 1
ciInstanceKlass java/lang/Float 1 1 192 7 100 10 10 4 100 10 10 8 8 10 10 10 10 4 4 4 10 9 10 10 10 10 10 10 3 10 10 10 10 8 10 9 7 100 1 1 1 1 1 4 1 1 1 4 1 1 3 1 3 1 3 1 3 1 1 1 1 1 1 1 5 0 1 1 1 1 1 1 1 1 1 1 1 1 1 100 1 1 1 1 1 1 1 1 1 1 1 1 1 1 1 1 1 1 1 1 1 1 1 1 1 1 1 1 1 1 1 1 1 1 1 1 1 1 1 1 1 1 1 1 1 1 1 1 1 1 1 1 1 1 1 1 1 1 1 1 1 1 1 1 1 1 1 1 100 12 100 12 1 12 12 1 1 100 12 12 12 12 12 12 12 12 12 12 12 12 12 12 12 1 7 12 12 1 1 1 1 1 1 1 1 1 1 1 1 1 1 1 1 1
staticfield java/lang/Float TYPE Ljava/lang/Class; java/lang/Class
ciInstanceKlass java/lang/Double 1 1 254 7 100 10 10 10 100 10 10 6 0 8 10 8 10 8 6 0 10 100 5 0 5 0 8 8 10 10 8 10 8 8 8 10 10 10 10 10 10 10 10 6 0 6 0 6 0 10 9 10 10 10 10 5 0 10 10 10 10 8 10 9 7 100 1 1 1 1 1 6 0 1 1 1 6 0 1 1 3 1 3 1 3 1 3 1 1 1 1 1 1 1 5 0 1 1 1 1 1 1 1 1 1 1 1 1 1 1 1 100 1 1 1 1 100 1 1 1 1 1 1 1 1 1 1 1 1 1 1 1 1 1 1 1 1 1 1 1 1 1 1 1 1 1 1 1 1 1 1 1 1 1 1 1 1 1 1 1 1 1 1 1 1 1 1 1 1 1 1 1 1 1 1 1 1 1 1 1 1 1 1 1 1 7 12 12 12 1 12 100 12 1 12 1 12 1 12 1 1 1 100 12 12 1 12 1 1 1 12 12 12 12 12 12 12 12 12 12 12 12 12 12 12 12 12 1 7 12 12 1 1 1 1 1 1 1 1 1 1 1 1 1 1 1 1 1 1 1 1 1 1 1 1 1
staticfield java/lang/Double TYPE Ljava/lang/Class; java/lang/Class
ciInstanceKlass java/lang/Byte 1 1 178 7 10 9 10 100 100 10 8 10 8 10 10 10 10 10 10 10 10 8 8 10 9 10 10 10 10 10 5 0 10 8 10 9 7 100 7 1 1 1 1 1 3 1 3 1 1 1 1 1 1 1 3 1 3 1 1 5 0 1 1 1 1 1 1 1 1 1 1 1 1 1 1 1 1 1 1 1 1 1 1 1 1 1 1 1 1 1 1 1 1 1 1 1 1 1 1 1 1 1 1 1 1 1 1 1 1 1 1 1 1 1 1 1 1 1 1 1 1 1 1 1 1 1 1 1 1 1 1 1 100 12 12 12 1 1 12 1 12 1 12 12 12 12 12 12 12 12 1 1 12 12 12 12 12 12 12 1 7 12 12 1 1 1 1 1 1 1 1 1 1 1 1 1 1 1 1 1
staticfield java/lang/Byte TYPE Ljava/lang/Class; java/lang/Class
ciInstanceKlass java/lang/Short 1 1 186 7 100 10 10 100 100 10 8 10 8 10 10 10 10 10 10 9 10 10 10 8 8 10 9 10 10 10 10 10 3 3 5 0 10 8 10 9 100 100 100 1 1 1 1 1 3 1 3 1 1 1 1 1 1 1 3 1 3 1 1 5 0 1 1 1 1 1 1 1 1 1 1 1 1 1 1 1 1 1 1 1 1 1 1 1 1 1 1 1 1 1 1 1 1 1 1 1 1 1 1 1 1 1 1 1 1 1 1 1 1 1 1 1 1 1 1 1 1 1 1 1 1 1 1 1 1 1 1 1 1 1 1 1 1 1 1 100 12 12 1 1 12 1 12 1 12 12 12 12 12 12 12 12 12 12 1 1 12 12 12 12 12 12 12 1 7 12 12 1 1 1 1 1 1 1 1 1 1 1 1 1 1 1 1 1
staticfield java/lang/Short TYPE Ljava/lang/Class; java/lang/Class
ciInstanceKlass java/lang/Integer 1 1 417 7 100 7 7 10 9 9 10 10 10 10 10 10 10 10 10 10 10 10 10 10 10 10 9 9 100 8 10 100 10 8 10 10 8 10 8 10 3 10 3 10 10 10 7 11 100 10 11 10 8 10 8 100 10 10 5 0 8 10 10 10 10 7 9 9 10 10 9 10 10 10 10 100 100 10 10 8 8 10 8 8 8 8 8 8 10 10 10 5 0 3 3 3 3 10 3 10 10 8 10 9 3 3 3 3 3 3 9 7 100 1 1 1 1 1 1 1 1 1 1 1 1 1 1 1 1 1 1 1 3 1 3 1 1 5 0 1 1 1 1 1 1 1 1 1 1 1 1 100 1 1 1 1 1 1 1 1 1 1 1 1 1 1 1 1 1 1 1 1 1 1 1 1 1 1 1 1 1 1 1 1 1 1 1 1 1 1 1 1 1 1 1 1 1 1 1 1 1 1 1 1 1 1 1 1 1 1 1 1 1 1 1 1 1 1 1 1 1 1 1 1 1 1 1 1 1 1 1 1 1 1 1 1 1 100 1 1 1 1 1 1 1 1 1 1 1 1 1 1 1 1 1 1 1 1 1 1 1 1 1 1 1 1 1 1 1 1 1 1 1 1 1 1 1 1 1 1 1 1 1 12 12 12 100 12 12 100 12 12 100 12 12 12 7 12 12 12 12 12 12 12 12 12 1 1 12 1 12 1 12 12 1 12 1 12 12 12 12 7 12 1 1 12 1 12 1 1 12 12 1 12 12 12 12 1 12 12 12 12 12 12 12 7 12 1 1 12 12 1 1 12 1 1 1 1 1 1 12 12 12 12 12 12 1 7 12 12 12 1 1 1 1 1 1 1 1 1 1 1 1 1 1 1 1 1 1 1 1 1 1 1 1 1 1 1 1 1 1 1 1 1 1 1 1 1 1 1 1 1 1 1 1 1 1 1 1
staticfield java/lang/Integer TYPE Ljava/lang/Class; java/lang/Class
staticfield java/lang/Integer digits [C 36
staticfield java/lang/Integer DigitTens [B 100
staticfield java/lang/Integer DigitOnes [B 100
staticfield java/lang/Integer sizeTable [I 10
ciInstanceKlass java/lang/Long 1 1 482 7 100 7 7 10 9 9 10 10 10 10 10 10 10 10 5 0 5 0 100 10 10 10 10 10 10 10 10 10 10 10 10 10 10 10 10 10 10 10 10 7 5 0 5 0 9 9 5 0 100 8 10 8 10 8 8 10 5 0 10 5 0 10 10 10 100 11 100 10 11 10 8 10 8 100 10 10 8 8 11 10 10 10 5 0 5 0 9 10 10 8 8 10 8 8 8 8 8 8 10 10 10 10 9 10 10 10 100 100 10 10 10 10 10 10 10 5 0 5 0 5 0 10 5 0 5 0 10 10 10 8 10 9 7 100 7 1 1 1 1 1 1 5 0 1 1 1 1 1 1 1 3 1 3 1 5 0 1 1 1 1 1 1 1 1 1 1 1 1 1 100 1 1 1 1 1 1 1 1 1 1 1 1 1 1 1 1 1 1 1 1 1 1 1 1 1 1 1 1 1 1 1 1 1 1 1 1 1 1 1 1 1 1 1 1 1 1 1 1 1 1 1 1 1 1 1 1 1 1 1 1 1 1 1 1 1 1 1 1 1 1 1 1 1 1 1 1 1 1 1 1 1 1 1 1 1 1 1 1 1 1 1 1 1 1 1 1 1 1 1 1 1 1 1 1 100 1 1 1 1 1 1 1 1 1 1 1 1 1 1 1 1 1 1 1 1 1 1 1 1 1 1 1 1 1 1 1 1 1 1 1 1 1 1 1 1 1 1 12 12 12 100 12 12 100 12 12 12 12 12 1 12 12 12 12 12 12 100 12 12 12 12 12 12 7 12 12 12 12 12 12 12 1 12 12 1 1 12 1 12 1 1 12 12 12 12 100 12 1 1 12 1 12 1 1 12 12 1 1 12 12 12 12 12 12 12 1 1 12 1 1 1 1 1 1 12 12 12 12 12 12 100 12 1 1 12 12 12 12 12 12 12 12 12 12 1 7 12 12 1 1 1 1 1 1 1 1 1 1 1 1 1 1 1 1 1 1 1 1 1 1 1 1 1 1 1 1 1 1 1 1 1 1 1 1 1 1 1 1 1 1 1 1 1 1 1 1 1 1 1 1 1 1 1 1 1 1 1 1 1 1
staticfield java/lang/Long TYPE Ljava/lang/Class; java/lang/Class
ciInstanceKlass java/util/Iterator 1 1 53 100 8 10 10 11 11 11 7 100 1 1 1 1 1 1 1 1 1 1 1 1 1 1 1 1 1 1 1 1 1 1 1 1 1 1 12 7 12 12 12 7 12 1 1 1 1 1 1 1 1 1 1
ciInstanceKlass java/lang/NullPointerException 1 1 26 10 10 100 100 1 1 1 5 0 1 1 1 1 1 1 1 1 1 1 1 1 12 12 1 1
ciInstanceKlass java/lang/ArithmeticException 1 1 26 10 10 100 100 1 1 1 5 0 1 1 1 1 1 1 1 1 1 1 1 1 12 12 1 1
ciInstanceKlass java/util/Collection 1 1 115 11 7 11 10 11 11 11 11 11 10 11 10 7 100 100 1 1 1 1 1 1 1 1 1 1 1 1 1 1 1 1 1 1 1 1 1 1 1 1 1 1 1 1 1 1 1 1 1 1 1 1 1 1 1 1 1 1 1 1 1 1 7 1 1 1 1 1 1 1 1 1 1 1 1 1 1 1 1 7 12 1 12 7 12 12 12 12 100 12 12 100 12 12 7 12 1 1 1 1 1 1 1 1 1 1 1 1 1 1 1 1 1 1 1
ciInstanceKlass java/util/Set 1 1 138 100 10 10 7 10 10 7 7 10 7 7 7 10 10 11 100 1 1 1 1 1 1 1 1 1 1 1 1 1 1 1 1 1 1 1 1 1 1 1 1 1 1 1 1 1 1 1 1 1 1 1 1 1 1 1 1 1 1 1 1 1 1 1 1 1 1 1 1 1 1 1 1 1 1 1 1 1 1 1 1 1 1 1 1 1 1 1 1 1 1 1 1 1 1 1 1 1 1 1 1 1 1 1 1 1 1 1 7 12 7 12 1 1 1 12 12 1 1 1 12 1 1 1 1 12 12 12 1 1 1 1 1 1 1 1 1 1
instanceKlass java/util/concurrent/ConcurrentLinkedDeque
instanceKlass io/qameta/allure/internal/shadowed/jackson/databind/util/internal/LinkedDeque
instanceKlass java/util/LinkedHashMap$LinkedValues
instanceKlass java/util/AbstractQueue
instanceKlass java/util/IdentityHashMap$Values
instanceKlass java/util/HashMap$Values
instanceKlass java/util/ArrayDeque
instanceKlass java/util/AbstractList
instanceKlass java/util/AbstractSet
instanceKlass java/util/ImmutableCollections$AbstractImmutableCollection
ciInstanceKlass java/util/AbstractCollection 1 1 173 100 10 10 10 11 11 10 7 10 10 10 10 10 7 10 7 3 10 100 8 10 3 100 10 11 11 10 10 10 11 8 7 10 10 8 10 10 7 1 1 1 1 1 1 1 1 1 1 1 1 1 1 1 1 1 1 1 1 1 1 1 1 1 1 1 1 7 1 1 1 1 1 1 1 1 1 1 1 1 1 1 1 1 1 1 1 1 1 1 1 1 1 1 1 1 1 1 1 1 1 1 1 1 1 1 1 1 1 1 1 1 1 12 12 12 12 12 12 1 100 12 12 12 7 12 7 12 100 12 1 12 1 1 12 1 12 12 12 100 12 1 1 12 1 12 12 1 1 1 1 1 1 1 1 1 1 1 1 1 1 1 1 1 1 1 1 1 1 1 1 1 1
instanceKlass java/util/AbstractMap$1
instanceKlass java/util/ImmutableCollections$MapN$1
instanceKlass java/util/TreeMap$EntrySet
instanceKlass java/util/concurrent/ConcurrentSkipListMap$KeySet
instanceKlass java/util/LinkedHashMap$LinkedEntrySet
instanceKlass java/lang/ProcessEnvironment$CheckedEntrySet
instanceKlass java/util/Collections$SingletonSet
instanceKlass java/util/concurrent/ConcurrentSkipListSet
instanceKlass java/util/LinkedHashMap$LinkedKeySet
instanceKlass java/util/TreeMap$KeySet
instanceKlass java/util/TreeSet
instanceKlass java/util/IdentityHashMap$KeySet
instanceKlass java/util/EnumSet
instanceKlass java/util/HashMap$EntrySet
instanceKlass java/util/HashMap$KeySet
instanceKlass java/util/WeakHashMap$KeySet
instanceKlass java/util/Collections$SetFromMap
instanceKlass java/util/Collections$EmptySet
instanceKlass java/util/HashSet
ciInstanceKlass java/util/AbstractSet 1 1 96 10 100 7 11 10 10 100 100 10 11 11 10 10 11 10 11 11 7 7 1 1 1 1 1 1 1 1 1 1 1 1 1 1 1 1 1 1 1 100 1 1 1 1 1 1 1 1 1 7 1 1 1 1 1 1 1 1 1 1 1 12 1 1 12 12 1 1 12 12 12 100 12 7 12 12 12 12 1 1 1 1 1 1 1 1 1 1 1 1 1 1 1 1 1 1
instanceKlass java/util/LinkedHashSet
ciInstanceKlass java/util/HashSet 1 1 272 10 7 10 9 11 4 10 10 10 10 7 10 10 11 10 10 10 9 10 10 10 10 7 10 100 100 10 10 10 10 10 10 11 11 10 10 10 100 100 10 8 10 10 10 10 10 10 8 10 4 10 4 10 8 4 10 100 10 11 100 10 7 10 7 10 7 7 100 100 1 1 1 5 0 1 1 1 1 1 1 1 1 1 1 1 1 1 1 1 1 1 1 1 1 1 1 1 1 1 1 1 1 1 1 1 1 1 1 1 1 1 1 1 1 1 1 1 1 1 1 1 1 1 1 1 1 1 1 100 1 100 1 1 1 1 1 100 100 1 1 1 1 1 1 1 12 1 12 7 12 7 12 12 12 12 1 12 12 12 12 12 12 12 12 12 1 1 1 12 100 12 12 12 12 12 12 12 12 12 12 1 1 1 12 12 12 12 12 100 12 1 12 12 12 1 100 12 100 1 1 1 12 100 12 1 12 1 1 12 1 1 1 1 1 1 1 1 1 1 1 1 1 1 1 1 1 1 1 1 1 1 1 1 1 1 1 1 1 1 1 1 100 1 1 1 1 1 1 1 1 1 1 1 1 1 1 1 1 1 1 1 100 1 1 1 1 1 1 1 1 1
staticfield java/util/HashSet PRESENT Ljava/lang/Object; java/lang/Object
instanceKlass java/util/Collections$SingletonMap
instanceKlass io/qameta/allure/internal/shadowed/jackson/databind/util/internal/PrivateMaxEntriesMap
instanceKlass java/util/concurrent/ConcurrentSkipListMap
instanceKlass java/util/TreeMap
instanceKlass org/aspectj/apache/bcel/util/ClassLoaderRepository$SoftHashMap
instanceKlass java/util/IdentityHashMap
instanceKlass sun/util/PreHashedMap
instanceKlass java/util/EnumMap
instanceKlass java/util/WeakHashMap
instanceKlass java/util/ImmutableCollections$AbstractImmutableMap
instanceKlass java/util/Collections$EmptyMap
instanceKlass java/util/concurrent/ConcurrentHashMap
instanceKlass java/util/HashMap
ciInstanceKlass java/util/AbstractMap 1 1 192 10 10 11 10 11 11 11 7 11 10 11 100 10 11 11 10 11 9 7 10 9 100 10 7 11 11 11 100 100 11 8 100 10 10 8 10 10 10 7 7 100 1 1 100 1 1 1 1 1 1 1 1 1 1 1 1 1 1 1 1 1 1 1 1 1 1 1 1 1 1 1 1 1 1 1 1 1 7 1 1 1 1 1 1 1 1 1 1 1 1 1 1 1 1 1 1 1 1 1 1 1 7 1 1 1 100 1 1 1 1 1 1 1 1 1 1 1 1 1 1 1 1 1 1 1 1 1 1 7 1 1 1 1 1 1 1 1 100 100 12 12 12 12 12 12 1 12 12 12 1 12 12 12 12 1 12 12 1 1 12 12 1 1 12 1 1 12 1 12 12 12 1 1 1 1 1 1 1 1 1 1 1 1 1 1 1 1 1 1 1 1
instanceKlass sun/net/www/http/KeepAliveCache
instanceKlass sun/nio/ch/WindowsSelectorImpl$FdMap
instanceKlass java/lang/ProcessEnvironment
instanceKlass java/util/LinkedHashMap
ciInstanceKlass java/util/HashMap 1 1 590 10 100 10 100 10 100 11 11 11 10 7 3 10 100 100 10 8 10 10 10 10 10 8 10 9 10 9 4 10 10 11 9 4 10 11 11 11 11 7 11 11 10 10 9 10 9 9 9 10 9 7 10 10 10 10 10 9 10 7 3 7 10 10 9 9 10 10 10 10 9 7 10 9 7 10 9 7 10 100 10 11 100 10 11 11 10 100 100 10 10 10 10 10 10 10 8 10 100 10 4 10 4 10 10 10 8 4 10 100 11 10 10 10 10 7 7 100 100 1 1 100 1 100 1 100 1 100 1 100 1 100 1 100 1 100 1 100 1 1 1 1 1 1 1 1 5 0 1 1 3 1 1 1 1 3 1 3 1 3 1 1 1 1 1 1 1 1 1 1 1 1 1 1 1 1 1 1 1 1 1 1 1 1 1 1 1 1 1 1 1 1 1 1 1 100 7 100 1 1 1 1 1 1 1 1 1 1 1 1 1 1 1 1 1 1 1 1 1 1 1 1 1 1 1 1 1 1 1 1 1 1 1 7 1 1 1 1 1 1 1 1 1 1 1 1 1 100 1 1 1 1 1 1 1 1 1 1 1 1 1 1 1 1 1 1 1 1 1 1 1 1 1 1 1 1 1 1 1 1 1 1 1 1 1 1 1 1 1 1 1 1 1 1 1 1 1 1 1 7 1 1 1 1 1 1 100 1 1 1 1 1 1 1 1 1 1 1 1 1 1 1 1 1 1 1 7 1 1 1 1 1 1 7 1 1 1 1 1 1 1 1 1 1 1 7 1 1 1 1 1 1 1 1 1 1 1 1 1 1 1 1 100 1 1 1 1 1 100 1 1 1 1 100 100 1 1 1 1 1 1 1 1 1 1 1 1 1 1 1 1 1 1 1 1 100 1 1 1 1 12 1 12 1 12 1 12 12 12 12 1 12 1 1 1 12 12 12 12 7 12 1 12 12 12 12 12 12 12 12 12 12 12 12 12 1 12 12 12 12 12 12 12 12 12 12 12 1 12 12 12 12 12 12 12 1 1 12 12 12 12 12 12 12 12 1 12 12 1 12 1 1 12 1 12 12 12 1 1 12 12 12 12 12 12 12 12 1 100 12 12 12 12 1 100 12 1 100 12 12 12 12 1 1 1 1 1 1 1 1 1 1 1 1 1 1 1 1 1 1 1 1 1 1 1 1 1 1 1 1 1 1 1 1 1 1 1 1 1 1 1 1 1 1 1 1 1 1 1 1 1 1 1 1 1 1 1 1 1 1 1 1 1 1 1 1 1 1 1 1 1 1 1 1 1 1 1 1 1 1 1 1 1 1 1 1 1 1 1 1
ciInstanceKlass java/lang/StringLatin1 1 1 314 7 10 100 10 10 10 10 10 10 10 10 10 10 10 10 10 9 10 10 10 10 10 10 10 100 10 10 10 8 8 8 10 10 10 7 10 10 10 10 10 10 10 10 10 10 10 8 10 100 10 10 10 10 10 7 100 100 1 1 1 1 1 1 1 1 1 1 1 1 1 1 1 1 1 1 1 1 1 1 1 1 1 1 1 1 1 1 1 1 1 1 1 1 1 1 1 1 1 1 1 1 1 1 1 1 1 1 1 1 1 1 1 1 1 1 1 1 1 1 1 1 1 100 1 1 1 1 1 1 1 1 1 1 1 1 1 1 1 1 1 1 1 1 1 1 1 1 1 1 1 1 1 1 1 1 1 1 1 1 1 1 1 1 1 1 1 1 1 1 1 1 1 1 1 1 1 1 1 1 100 7 1 1 1 1 1 1 1 1 1 1 1 1 1 1 1 1 1 1 1 1 1 1 1 1 1 1 1 1 1 1 1 1 1 1 1 1 1 12 1 12 12 7 12 12 7 12 12 7 12 12 12 12 12 7 12 12 12 12 12 12 12 12 1 12 12 1 1 1 12 100 12 12 1 12 12 12 12 12 12 12 12 12 12 1 12 1 12 100 12 7 12 12 1 1 1 1 1 1 1 1 1 1 1 1 1 1 1 1 1 1 1 1 1 1 1 1 1 1 1 1 1 1 1 1 1 1 1 1 1 1 1 1
ciInstanceKlass java/util/Collections 1 1 847 10 11 7 11 7 10 10 11 100 11 11 10 11 11 11 10 10 10 11 10 11 11 9 100 10 10 10 11 10 11 100 8 10 11 11 11 10 10 10 10 11 10 10 10 7 10 7 10 100 10 100 10 7 10 7 10 7 10 100 10 100 10 100 10 10 7 10 10 100 10 100 10 100 10 100 10 10 10 7 10 100 10 100 10 100 10 10 100 100 10 100 10 100 10 100 10 100 10 100 10 100 10 100 10 100 10 9 9 9 9 9 9 9 9 7 10 7 10 7 10 7 10 7 10 100 100 10 8 10 10 10 10 100 10 9 9 100 9 10 7 10 100 10 11 11 10 100 11 11 11 7 10 100 10 100 10 7 10 7 10 7 10 7 1 1 1 1 100 1 1 1 1 1 1 1 1 7 1 100 1 7 1 1 1 1 1 1 1 1 1 1 1 1 1 1 1 1 1 1 1 1 1 1 1 1 1 1 1 1 1 1 1 1 3 1 3 1 3 1 3 1 3 1 3 1 3 1 3 1 1 1 1 1 1 1 1 1 1 1 1 1 1 1 1 1 1 1 1 1 1 1 1 1 1 1 1 1 1 1 1 1 1 1 1 1 1 1 1 1 1 1 1 1 1 1 100 1 1 1 1 1 1 1 1 1 1 1 1 1 1 1 1 1 1 7 1 1 1 1 1 1 1 1 1 1 1 1 1 1 1 1 1 1 1 1 1 1 1 1 1 1 1 1 1 1 1 1 1 1 1 1 100 1 1 1 1 1 1 1 1 1 1 1 1 1 1 1 1 1 1 1 1 1 1 1 1 1 1 1 1 1 1 1 1 1 1 1 1 1 1 1 1 1 1 1 1 1 1 1 1 1 1 1 1 1 1 1 1 1 1 1 1 1 1 1 1 1 1 1 1 1 1 1 1 1 1 1 1 1 1 1 1 1 1 1 1 1 1 1 1 1 1 1 1 1 1 1 1 1 1 1 1 1 1 1 1 1 1 1 1 1 1 1 1 1 1 1 1 1 1 1 1 1 1 1 1 1 1 1 1 1 1 1 1 1 1 1 1 1 1 1 1 1 1 1 1 1 1 1 1 1 1 1 1 1 1 1 1 1 1 1 1 1 1 1 1 1 1 1 1 1 1 1 1 1 1 1 1 1 1 1 1 1 1 1 1 1 1 1 1 1 1 1 1 1 1 1 1 1 1 1 1 1 1 1 1 1 1 1 1 1 1 1 1 1 1 1 1 1 1 1 1 1 1 1 1 1 1 1 1 7 1 1 1 1 1 1 1 1 1 1 1 1 1 1 1 1 1 1 1 1 1 1 1 1 100 100 100 100 100 100 100 100 100 100 100 100 100 12 12 1 12 1 12 12 12 1 12 12 12 12 12 12 12 12 12 100 12 12 12 12 12 1 12 12 12 12 12 1 1 12 12 12 12 12 12 12 12 12 12 12 1 12 1 12 1 12 1 12 1 12 1 1 12 1 12 1 12 1 12 1 12 1 1 1 1 12 1 1 1 1 12 100 12 1 12 1 12 1 12 1 12 1 12 1 1 12 1 12 1 12 12 12 12 12 12 12 12 12 1 12 1 1 1 1 12 1 1 1 12 12 12 1 12 12 100 12 1 12 12 1 1 100 12 12 12 1 12 1 1 100 12 1 12 1 1 1 1 1 1 1 1 1 1 1 1 1 1 1 1 1 1 1 1 1 1 1 1 1 1 1 1 1 1 1 1 1 1 1 1 1 1 1 1 1 1 1 1 1 1 1 1 1 1 1 1 1 1 1 1 1 1 1 1 1 1 1 1 1 1 1 1 1 1 1 1 1 1 1 1 1 1 1 1 1 1 1 1 1 1 1 1 1 1 1 1 1 1 1 1 1 1 100 1 1 1 1 1 1 1 1 1 1 1 1 1
staticfield java/util/Collections EMPTY_SET Ljava/util/Set; java/util/Collections$EmptySet
staticfield java/util/Collections EMPTY_LIST Ljava/util/List; java/util/Collections$EmptyList
staticfield java/util/Collections EMPTY_MAP Ljava/util/Map; java/util/Collections$EmptyMap
ciInstanceKlass java/util/Collections$EmptySet 1 1 100 10 10 11 100 10 10 9 100 7 100 1 1 1 5 0 1 1 1 1 1 1 1 1 1 1 1 1 1 1 1 1 1 1 1 1 1 1 1 1 1 1 1 1 1 1 1 1 1 1 1 1 1 1 1 1 1 1 1 1 1 1 1 1 1 1 1 1 1 1 1 1 1 1 1 1 7 12 12 100 12 1 100 12 7 12 12 1 1 1 1 1 1 1 1 1 1 1 1 1
ciInstanceKlass java/util/List 1 1 212 10 11 11 11 11 11 11 10 7 7 10 100 10 10 7 10 10 7 7 10 10 100 100 1 1 1 1 1 1 1 1 1 1 1 1 1 1 1 1 1 1 1 1 1 1 1 1 1 1 1 1 1 1 1 1 1 1 1 1 1 1 1 1 1 1 100 1 1 1 1 1 1 1 1 1 1 1 100 100 1 1 1 1 1 1 1 1 1 1 1 1 1 1 1 1 1 1 1 1 1 1 1 1 1 1 1 1 1 1 1 1 1 1 1 1 1 1 1 1 1 1 1 1 1 1 1 1 1 1 1 1 1 1 1 1 1 1 1 1 1 1 1 1 1 1 1 1 1 1 1 1 1 1 1 1 100 12 12 12 12 100 12 12 12 100 12 1 100 1 1 1 12 1 100 12 7 12 1 1 12 12 1 1 1 12 12 1 1 1 1 1 1 1 1 1 1 1 1 1 1 1 1 1 1 1 1 1 1 1 1 1
instanceKlass sun/security/jca/ProviderList$ServiceList
instanceKlass java/util/ArrayList$SubList
instanceKlass sun/security/jca/ProviderList$3
instanceKlass java/util/Collections$SingletonList
instanceKlass java/util/AbstractSequentialList
instanceKlass java/util/Arrays$ArrayList
instanceKlass java/util/Vector
instanceKlass java/util/ArrayList
instanceKlass java/util/Collections$EmptyList
ciInstanceKlass java/util/AbstractList 1 1 218 10 9 10 10 100 10 10 11 11 11 10 10 11 11 11 10 10 11 11 11 7 10 100 10 10 100 100 10 100 10 100 100 10 8 10 10 10 10 8 100 8 8 8 10 100 11 10 10 11 10 8 8 7 7 1 1 1 100 1 1 1 1 1 1 1 1 1 1 1 1 1 1 1 1 1 1 1 1 1 1 1 1 1 1 1 1 1 1 1 1 1 1 1 1 1 1 1 100 1 1 1 1 1 1 1 1 1 100 1 1 1 1 1 1 1 1 1 1 1 1 1 1 1 1 1 1 1 1 1 1 1 100 1 1 1 1 1 1 1 1 1 1 1 1 1 1 100 12 12 12 12 1 12 12 12 12 12 12 12 12 12 12 12 100 12 1 12 1 12 12 1 1 12 1 1 1 1 12 12 12 12 1 1 1 1 1 1 12 12 12 1 1 1 1 1 1 1 1 1 1 1 1 1 1 1 1 1 1 1 1 1 1 1 1 1 1 1
ciInstanceKlass java/lang/Math 1 1 389 10 10 10 10 10 10 10 7 6 0 6 0 10 10 10 10 10 10 10 10 10 10 10 10 100 3 3 3 10 100 5 0 5 0 5 0 5 0 5 0 9 10 100 8 10 8 10 10 100 5 0 5 0 100 3 5 0 3 5 0 10 10 10 9 9 10 7 6 0 10 9 100 10 10 100 10 10 10 10 10 10 10 10 10 6 0 10 10 10 10 7 4 10 10 10 10 10 10 10 10 10 10 10 5 0 6 0 4 6 0 4 6 0 4 10 9 10 9 10 4 6 0 100 100 1 1 1 1 1 6 0 1 6 0 1 1 1 1 1 1 1 1 1 1 1 1 1 1 1 1 1 1 1 1 1 1 1 1 1 1 1 1 1 1 1 1 1 1 1 1 1 1 1 1 1 1 1 1 1 1 1 1 1 1 1 1 1 1 1 1 1 1 1 1 1 1 1 1 1 1 1 1 1 1 1 1 1 1 1 1 1 1 1 1 1 1 1 1 1 1 1 1 1 1 1 1 1 1 1 1 1 1 1 1 1 1 1 1 1 1 1 1 1 1 1 1 1 1 1 1 1 1 1 1 1 1 1 1 1 1 1 1 1 1 1 1 1 1 1 1 1 1 1 1 1 1 1 1 1 1 1 1 12 100 12 12 12 12 12 12 1 12 12 12 12 12 12 12 12 12 12 12 12 1 12 1 12 100 12 1 1 12 1 12 12 1 1 12 12 12 12 12 12 1 12 12 1 12 1 12 12 12 12 12 12 12 12 12 12 12 12 12 1 12 12 12 12 12 12 12 12 12 12 12 12 12 12 12 7 12 1 1 1 1 1 1 1 1 1 1 1 1 1 1 1 1 1 1 1 1 1 1 1 1 1 1 1 1
staticfield java/lang/Math negativeZeroFloatBits J -2147483648
staticfield java/lang/Math negativeZeroDoubleBits J -9223372036854775808
staticfield java/lang/Math $assertionsDisabled Z 1
instanceKlass sun/net/www/protocol/http/HttpURLConnection$HttpInputStream
instanceKlass sun/net/www/MeteredStream
instanceKlass java/io/DataInputStream
instanceKlass sun/net/www/protocol/jar/JarURLConnection$JarURLInputStream
instanceKlass java/util/jar/Manifest$FastInputStream
instanceKlass java/util/zip/InflaterInputStream
instanceKlass java/io/BufferedInputStream
ciInstanceKlass java/io/FilterInputStream 1 1 62 10 9 10 10 10 10 10 10 10 10 10 7 7 1 1 1 1 1 1 1 1 1 1 1 1 100 1 1 1 1 1 1 1 1 1 1 1 1 1 1 1 1 1 1 1 1 1 1 12 12 12 12 12 12 12 12 12 12 1 1 1
ciInstanceKlass java/io/BufferedInputStream 1 1 158 9 100 8 10 9 9 10 10 9 100 8 10 10 9 10 9 9 100 8 10 9 9 10 9 10 10 10 100 10 10 10 10 100 3 8 10 3 10 7 8 10 7 1 1 1 1 1 1 1 1 1 1 1 1 1 1 1 1 1 1 1 1 1 1 1 7 1 1 1 1 100 1 1 1 1 1 1 1 1 1 1 1 1 1 1 1 1 1 1 1 1 1 1 1 1 1 1 1 1 1 1 1 1 1 1 1 12 1 1 12 12 12 12 12 12 1 1 12 12 7 12 12 12 1 1 12 12 7 12 12 12 12 12 1 12 12 12 12 1 1 12 12 1 12 1 1 1 1 1 1 1 1 1 1 1 1 1
staticfield java/io/BufferedInputStream U Ljdk/internal/misc/Unsafe; jdk/internal/misc/Unsafe
staticfield java/io/BufferedInputStream BUF_OFFSET J 32
ciInstanceKlass java/util/Arrays 1 1 1057 10 100 7 10 8 10 10 8 8 10 10 100 10 10 10 10 10 10 10 10 10 7 10 100 10 10 100 10 10 100 10 10 100 10 10 100 10 10 100 10 10 100 10 10 9 10 100 10 10 10 100 10 10 7 9 10 10 10 10 10 10 7 11 10 10 10 10 10 10 10 10 11 10 100 10 10 100 10 10 100 10 10 100 10 10 10 10 10 10 10 10 10 10 10 10 10 10 10 10 10 10 10 10 10 10 10 10 10 10 10 10 10 10 10 7 10 10 8 7 10 10 10 10 9 100 10 9 100 10 9 100 10 9 100 10 9 100 10 9 100 10 9 100 10 100 10 10 9 100 10 10 10 10 10 10 10 10 10 10 10 8 8 10 10 8 10 10 10 10 100 3 10 100 10 10 11 10 10 10 10 10 10 10 10 10 11 8 10 11 11 11 11 18 11 11 18 11 18 11 18 100 10 10 10 10 10 10 10 10 10 10 10 10 10 10 10 10 10 10 10 10 10 10 10 10 10 10 10 10 10 10 10 10 10 100 1 1 1 7 1 100 1 1 1 1 3 1 3 1 1 1 1 1 1 1 1 1 1 1 1 1 1 1 1 1 1 1 1 1 1 1 1 1 1 1 1 1 1 1 1 1 1 1 1 1 1 1 1 1 1 1 1 1 1 1 1 1 1 1 1 1 1 1 100 1 1 1 1 1 1 1 1 1 1 1 1 1 1 1 1 1 1 1 1 1 1 1 1 1 1 1 1 1 1 1 1 1 1 1 1 1 1 1 1 1 1 1 1 1 1 1 1 1 1 1 1 1 1 1 1 1 1 1 1 1 1 1 1 1 1 1 1 1 1 1 1 1 1 1 1 1 1 1 1 1 1 1 1 1 1 1 1 1 1 1 1 1 1 1 1 1 1 1 1 1 1 1 1 1 1 1 1 1 1 1 1 1 1 1 1 1 1 1 1 1 1 1 1 1 1 1 1 1 1 1 1 1 1 1 1 1 1 1 1 1 1 1 1 1 1 1 1 1 1 1 1 1 1 1 1 1 1 1 1 1 1 1 1 1 1 1 1 1 1 1 1 1 1 1 1 1 1 1 1 1 1 1 1 1 1 1 1 1 1 7 1 1 1 1 1 1 1 1 1 1 1 1 1 1 1 1 1 1 1 1 1 1 1 1 1 1 1 1 1 1 1 1 1 1 1 1 1 1 1 1 1 1 1 1 1 1 1 1 1 1 1 100 1 1 1 100 1 1 1 100 1 1 1 1 1 1 1 1 1 1 1 1 1 1 1 1 1 1 1 1 1 1 1 1 1 1 1 1 1 1 1 1 1 1 1 1 1 1 1 1 1 1 1 1 1 1 1 1 1 1 1 1 1 1 1 1 1 1 12 1 1 1 12 12 1 1 12 12 1 12 100 12 12 12 12 12 12 12 12 1 100 12 100 1 1 1 12 12 100 1 1 12 100 1 1 12 100 1 1 12 100 1 1 12 100 1 1 12 100 1 1 12 12 7 12 100 1 1 12 12 7 12 12 12 12 100 12 100 12 12 12 12 1 12 12 7 12 12 12 100 12 12 12 12 7 12 100 1 1 12 1 1 12 1 1 12 1 1 12 12 12 12 12 12 12 100 12 12 100 12 12 12 7 12 12 12 12 12 12 12 12 12 12 12 12 12 12 12 12 12 12 1 7 12 12 1 1 12 12 12 12 100 12 12 12 100 12 100 12 100 12 100 12 12 12 12 12 1 12 12 12 12 12 12 12 12 12 12 1 1 12 12 1 12 12 12 7 12 1 1 12 100 12 12 12 12 12 12 12 12 12 12 12 1 12 100 12 100 12 12 1 15 16 15 12 12 100 12 15 12 100 12 15 12 100 12 15 12 1 7 12 12 12 12 12 12 12 12 12 12 7 12 12 12 12 12 12 12 12 12 12 12 12 12 12 12 12 12 12 12 12 12 12 12 1 1 1 1 1 1 1 1 1 1 1 1 1 1 1 1 1 1 1 1 1 1 1 1 100 1 1 1 1 1 1 1 1 1 1 1 1 1 1 1 1 1 1 1 1 1 1 1 1 1 1 1 1 1 1 1 1 1 1 1 1 1 1 1 1 1 1 1 1 1 1 1 1 1 1 1 1 1 1 1 1 1 1 1 1 1 1 1 1 1 1 1 1 1 1 1 1 1 1 1 1 1 1 1 1 1 1 1 1 1 1 1 1 1 1 1 1 1 1 1 1 1 1 1 1 1 10 10 1 1 1 1 1 1 1 10 1 1 1 1 10 1 1 1 1 10 1 1 1 1 1 1 1 1 1 1 1 1 1 1 1 1 1 1 1 1 1 1 1 1 1 1 1 100 12 12 12 12 12 1 1 100 1 1 100 1 1
staticfield java/util/Arrays $assertionsDisabled Z 1
instanceKlass java/io/ExpiringCache$1
ciInstanceKlass java/util/LinkedHashMap 1 1 280 9 9 9 9 10 7 10 10 9 9 9 10 100 10 10 10 10 9 9 10 10 10 10 10 10 10 10 9 10 9 7 10 9 7 10 9 7 10 100 10 11 100 10 11 7 7 100 100 1 1 100 1 100 1 100 1 1 1 1 1 1 1 1 5 0 1 1 1 1 1 1 1 1 1 1 1 1 1 1 1 1 1 1 1 1 1 1 1 1 1 1 1 1 1 1 7 1 1 1 1 1 1 1 1 1 1 1 1 1 1 1 1 1 1 1 1 1 1 1 1 1 1 1 1 1 1 1 1 1 1 1 1 1 1 1 1 1 100 1 1 1 1 1 1 1 1 1 1 1 1 1 1 1 100 1 1 1 1 1 1 1 1 1 100 1 1 1 1 1 1 1 1 1 1 100 1 1 1 1 1 1 100 1 1 1 1 1 1 1 1 1 1 1 1 1 1 1 1 1 1 1 1 1 1 12 12 12 12 12 1 12 12 12 12 12 12 1 12 12 12 12 12 100 12 12 12 12 12 12 12 12 12 12 1 12 12 1 12 1 1 7 12 1 100 12 1 1 1 1 1 1 1 1 1 1 1 1 1 1 1 1 1 1 1 1 1 1 1 1 1 1 1 1 1 1 1 1 1 1
instanceKlass java/security/InvalidParameterException
instanceKlass java/lang/IllegalThreadStateException
instanceKlass java/lang/NumberFormatException
ciInstanceKlass java/lang/IllegalArgumentException 1 1 35 10 10 10 10 100 7 1 1 1 5 0 1 1 1 1 1 1 1 1 1 1 1 1 1 1 1 1 1 12 12 12 12 1 1
ciInstanceKlass java/util/ArrayList 1 1 500 100 10 7 9 9 100 100 10 8 10 10 10 10 9 11 9 10 7 7 10 9 10 10 10 10 100 10 3 10 3 10 10 10 10 10 100 100 10 10 10 10 10 10 10 10 100 10 10 10 100 10 11 11 11 10 10 10 100 10 10 10 10 8 8 8 8 10 10 11 100 10 10 10 10 10 10 11 10 100 8 10 100 10 7 10 10 7 10 10 11 7 10 10 11 10 10 10 10 11 10 7 100 100 100 1 1 1 1 1 1 1 1 5 0 1 1 3 1 1 1 1 1 1 1 1 1 1 1 1 1 1 1 1 1 1 1 1 1 1 1 7 1 1 1 1 1 1 1 1 1 1 1 1 1 1 1 1 1 1 1 1 1 1 1 1 1 1 1 1 1 1 1 1 1 1 1 1 1 1 1 1 1 1 1 1 1 1 1 1 1 1 1 1 1 1 1 1 1 1 1 1 1 1 1 1 1 1 1 1 1 1 1 1 1 1 100 1 1 1 1 1 1 1 1 1 1 1 1 1 1 1 1 1 1 1 1 1 1 1 1 1 1 1 1 1 1 1 1 1 1 1 1 1 1 1 1 1 1 1 1 1 1 1 1 1 1 7 1 1 1 1 7 1 1 1 1 1 1 1 1 1 1 1 1 1 1 1 1 7 1 1 1 1 1 1 1 1 1 1 1 1 1 1 1 1 1 1 1 1 1 1 100 1 1 1 1 1 1 1 1 1 1 1 1 1 1 1 1 1 1 1 1 1 100 7 1 12 1 12 12 1 1 1 12 12 12 12 12 12 12 12 1 7 12 12 12 12 12 7 12 1 12 12 12 12 12 12 1 1 12 7 12 7 12 12 12 12 12 12 1 12 12 12 1 12 12 12 12 12 12 1 12 12 12 1 1 1 1 12 12 12 1 100 12 12 12 100 12 12 100 12 100 12 12 1 1 1 12 1 12 12 1 12 12 12 1 12 12 100 12 12 12 12 12 100 12 12 1 1 1 1 1 1 1 1 1 1 1 1 1 1 1 1 1 1 1 1 1 1 1 1 1 1 1 1 1 1 1 1 1 1 1 1 1 1 1 1 1 1 1 1 1 1 1 1 1 1 1 1 1 1 1 1 1 1 1 1 1 1
staticfield java/util/ArrayList EMPTY_ELEMENTDATA [Ljava/lang/Object; 0 [Ljava/lang/Object;
staticfield java/util/ArrayList DEFAULTCAPACITY_EMPTY_ELEMENTDATA [Ljava/lang/Object; 0 [Ljava/lang/Object;
instanceKlass java/util/LinkedHashMap$Entry
ciInstanceKlass java/util/HashMap$Node 1 1 95 10 9 9 9 9 100 10 10 8 10 10 10 100 11 10 11 7 7 1 1 1 1 1 1 1 1 1 1 1 1 1 1 1 1 1 1 1 1 1 1 1 1 1 1 1 1 1 1 1 1 1 1 1 1 1 1 1 1 1 1 1 1 1 1 1 100 12 12 12 12 12 1 12 1 12 12 100 12 100 1 12 12 12 1 1 1 1 1 1 1 1 1 1 1
instanceKlass java/util/HashMap$TreeNode
ciInstanceKlass java/util/LinkedHashMap$Entry 1 1 41 10 100 7 1 1 1 1 1 1 1 1 1 1 1 1 1 1 1 1 1 1 1 1 1 1 1 1 1 1 1 1 1 1 100 12 1 100 1 1 1
ciInstanceKlass java/util/HashMap$TreeNode 0 0 250 100 10 9 9 100 9 9 9 10 100 10 9 9 9 10 10 10 10 10 10 10 10 10 9 10 10 10 10 9 10 10 10 10 10 10 10 100 1 1 1 1 1 1 1 1 1 1 1 1 1 100 1 1 1 1 1 1 1 1 1 1 1 1 1 1 1 1 1 1 1 1 1 1 1 1 1 1 1 1 1 1 1 1 1 1 100 1 1 1 1 1 1 1 1 1 1 1 1 1 1 100 100 1 1 1 1 1 1 1 1 1 1 1 1 1 1 1 1 1 1 1 1 1 1 1 1 1 1 1 1 1 1 1 1 1 1 1 1 1 1 1 1 1 1 1 1 1 1 1 1 1 1 1 1 1 1 1 1 1 1 1 1 1 1 1 1 1 1 1 1 1 1 1 1 1 1 1 1 1 1 1 1 1 1 1 12 12 12 1 12 12 12 12 1 12 12 12 12 12 12 12 12 12 12 12 100 12 100 12 12 12 12 12 12 12 12 12 12 12 12 12 100 1 1 1 1 1 1 1 1 1 1 1 1 1 1 1 1 1 1 1 1 1 1 1 1 1 1 1
ciInstanceKlass java/lang/StringUTF16 1 1 532 100 7 10 100 10 7 3 100 100 10 8 10 10 8 10 10 9 10 100 8 10 9 9 10 10 10 10 10 10 10 10 10 10 10 10 10 10 10 10 10 10 100 10 10 10 10 10 10 10 10 10 10 10 10 100 3 10 10 10 10 10 10 10 9 10 10 10 10 100 10 10 10 10 10 8 8 8 10 10 10 10 10 10 10 10 10 10 10 10 10 10 10 10 8 10 100 10 10 10 10 11 10 10 10 9 9 5 0 5 0 10 10 10 10 10 100 100 1 1 100 1 1 1 1 1 1 1 1 1 1 1 1 1 1 1 1 1 1 1 1 1 1 1 1 1 1 1 1 1 1 1 1 1 1 1 1 1 1 1 1 1 1 1 1 1 1 1 1 1 1 1 1 1 1 1 1 100 1 1 1 1 1 1 1 1 1 1 1 1 1 1 1 1 1 1 1 1 1 1 1 1 1 1 1 1 1 1 1 1 1 1 1 1 1 1 1 1 1 1 1 1 1 1 1 1 1 1 1 1 1 1 1 1 1 1 1 1 1 1 1 1 1 1 1 1 1 1 1 1 1 1 1 1 1 1 1 1 1 1 1 1 1 1 1 1 1 1 1 1 1 1 1 1 100 100 1 1 1 1 1 1 1 1 1 1 1 1 1 1 1 1 1 1 1 1 1 1 1 1 1 1 1 1 1 1 1 1 1 1 1 1 1 1 1 1 1 1 1 1 1 1 1 1 1 1 1 1 1 1 1 1 1 1 1 1 1 1 1 1 1 1 1 1 1 1 1 1 1 1 1 1 1 1 1 1 1 1 1 1 12 1 1 1 1 1 12 12 1 12 12 12 12 1 1 12 12 12 12 12 12 12 12 12 12 12 12 12 12 12 12 12 12 12 12 1 12 12 12 12 12 100 12 100 12 12 12 12 12 1 12 12 12 12 12 12 12 12 12 12 12 12 1 12 12 100 12 12 1 1 1 12 12 12 12 100 12 12 12 12 12 12 12 12 7 12 12 12 12 1 12 1 12 100 12 12 12 100 12 12 12 12 12 12 12 12 12 7 12 12 1 1 1 1 1 1 1 1 1 1 1 1 1 1 1 1 1 1 1 1 1 1 1 1 1 1 1 1 1 1 1 1 1 1 1 1 1 1 1 1 1 1 1 1 1 1 1 1 1 1 1 1 1 1 1 1 1 1 1 1 1 1
staticfield java/lang/StringUTF16 HI_BYTE_SHIFT I 0
staticfield java/lang/StringUTF16 LO_BYTE_SHIFT I 8
staticfield java/lang/StringUTF16 $assertionsDisabled Z 1
ciInstanceKlass java/util/zip/ZipFile$Source$Key 1 1 68 10 9 9 11 10 10 7 10 11 10 10 7 1 1 1 1 1 1 1 1 1 1 100 1 1 1 1 1 1 1 1 1 1 1 1 1 1 1 1 1 1 100 12 12 12 7 12 7 12 7 12 1 12 12 1 1 1 1 1 1 1 1 1 1 1 1 1
instanceKlass java/net/http/WebSocketHandshakeException
instanceKlass jdk/internal/net/http/Http2Connection$ALPNException
instanceKlass java/nio/channels/ClosedChannelException
instanceKlass jdk/internal/net/http/common/ConnectionExpiredException
instanceKlass java/nio/charset/CharacterCodingException
instanceKlass java/net/ProtocolException
instanceKlass java/net/http/HttpTimeoutException
instanceKlass java/io/InterruptedIOException
instanceKlass java/net/SocketException
instanceKlass java/net/UnknownHostException
instanceKlass java/io/ObjectStreamException
instanceKlass io/qameta/allure/internal/shadowed/jackson/core/JacksonException
instanceKlass java/io/FileNotFoundException
instanceKlass java/io/CharConversionException
instanceKlass java/io/EOFException
instanceKlass java/net/MalformedURLException
ciInstanceKlass java/io/IOException 1 1 34 10 10 10 10 100 7 1 1 1 5 0 1 1 1 1 1 1 1 1 1 1 1 1 1 1 1 1 12 12 12 12 1 1
instanceKlass org/aspectj/apache/bcel/generic/ReturnaddressType
instanceKlass org/aspectj/apache/bcel/generic/BasicType
instanceKlass org/aspectj/apache/bcel/generic/Type$2
instanceKlass org/aspectj/apache/bcel/generic/ReferenceType
ciInstanceKlass org/aspectj/apache/bcel/generic/Type 1 1 437 10 7 12 1 1 1 9 7 12 1 1 1 9 12 1 1 9 12 1 1 10 12 1 1 100 1 10 7 12 1 1 1 9 12 1 1 11 7 12 1 1 1 10 12 1 1 10 7 12 1 1 1 10 7 12 1 1 1 10 12 1 1 10 12 1 7 1 10 12 1 10 12 1 1 10 12 1 10 12 1 1 7 1 10 12 1 7 1 10 10 12 1 1 10 12 1 10 12 1 1 100 1 100 1 10 8 1 10 12 1 1 10 12 1 1 10 10 12 1 100 1 8 1 7 1 10 11 7 12 1 1 11 12 1 11 12 1 1 10 12 1 10 12 1 10 12 1 100 1 8 1 10 10 100 12 1 1 1 10 12 1 10 12 1 9 100 12 1 1 1 9 12 1 1 9 100 1 9 12 1 9 100 1 9 12 1 9 100 1 9 12 1 9 100 1 9 12 1 9 100 1 9 12 1 9 100 1 9 12 1 9 100 1 9 12 1 9 100 1 9 12 1 100 1 8 1 10 12 1 10 8 1 10 10 100 12 1 1 1 10 12 1 10 12 1 8 1 10 12 1 1 10 100 1 8 1 10 12 1 8 1 9 12 1 1 8 1 9 12 1 10 12 1 9 12 1 1 9 12 1 8 1 9 12 1 8 1 9 12 1 8 1 9 12 1 8 1 9 12 1 9 12 1 8 1 9 12 1 8 1 9 12 1 8 1 9 12 1 8 1 9 12 1 9 12 1 1 7 1 10 7 1 8 1 10 12 1 9 12 1 1 9 12 1 9 12 1 9 12 1 9 12 1 9 12 1 9 12 1 9 12 1 7 1 10 10 11 12 1 1 10 10 10 7 12 1 1 1 1 1 1 1 1 1 1 1 1 1 1 1 1 1 1 1 1 1 1 1 1 1 1 1 1 1 1 1 1 1 1 1 1 1 1 1 1 1 1 1 1 1 1 1 1 100 1 1 1 1 1 1 1 1 1 1 1 1
staticfield org/aspectj/apache/bcel/generic/Type VOID Lorg/aspectj/apache/bcel/generic/BasicType; org/aspectj/apache/bcel/generic/BasicType
staticfield org/aspectj/apache/bcel/generic/Type BOOLEAN Lorg/aspectj/apache/bcel/generic/BasicType; org/aspectj/apache/bcel/generic/BasicType
staticfield org/aspectj/apache/bcel/generic/Type INT Lorg/aspectj/apache/bcel/generic/BasicType; org/aspectj/apache/bcel/generic/BasicType
staticfield org/aspectj/apache/bcel/generic/Type SHORT Lorg/aspectj/apache/bcel/generic/BasicType; org/aspectj/apache/bcel/generic/BasicType
staticfield org/aspectj/apache/bcel/generic/Type BYTE Lorg/aspectj/apache/bcel/generic/BasicType; org/aspectj/apache/bcel/generic/BasicType
staticfield org/aspectj/apache/bcel/generic/Type LONG Lorg/aspectj/apache/bcel/generic/BasicType; org/aspectj/apache/bcel/generic/BasicType
staticfield org/aspectj/apache/bcel/generic/Type DOUBLE Lorg/aspectj/apache/bcel/generic/BasicType; org/aspectj/apache/bcel/generic/BasicType
staticfield org/aspectj/apache/bcel/generic/Type FLOAT Lorg/aspectj/apache/bcel/generic/BasicType; org/aspectj/apache/bcel/generic/BasicType
staticfield org/aspectj/apache/bcel/generic/Type CHAR Lorg/aspectj/apache/bcel/generic/BasicType; org/aspectj/apache/bcel/generic/BasicType
staticfield org/aspectj/apache/bcel/generic/Type OBJECT Lorg/aspectj/apache/bcel/generic/ObjectType; org/aspectj/apache/bcel/generic/ObjectType
staticfield org/aspectj/apache/bcel/generic/Type STRING Lorg/aspectj/apache/bcel/generic/ObjectType; org/aspectj/apache/bcel/generic/ObjectType
staticfield org/aspectj/apache/bcel/generic/Type OBJECT_ARRAY Lorg/aspectj/apache/bcel/generic/ArrayType; org/aspectj/apache/bcel/generic/ArrayType
staticfield org/aspectj/apache/bcel/generic/Type STRING_ARRAY Lorg/aspectj/apache/bcel/generic/ArrayType; org/aspectj/apache/bcel/generic/ArrayType
staticfield org/aspectj/apache/bcel/generic/Type CLASS_ARRAY Lorg/aspectj/apache/bcel/generic/ArrayType; org/aspectj/apache/bcel/generic/ArrayType
staticfield org/aspectj/apache/bcel/generic/Type STRINGBUFFER Lorg/aspectj/apache/bcel/generic/ObjectType; org/aspectj/apache/bcel/generic/ObjectType
staticfield org/aspectj/apache/bcel/generic/Type STRINGBUILDER Lorg/aspectj/apache/bcel/generic/ObjectType; org/aspectj/apache/bcel/generic/ObjectType
staticfield org/aspectj/apache/bcel/generic/Type THROWABLE Lorg/aspectj/apache/bcel/generic/ObjectType; org/aspectj/apache/bcel/generic/ObjectType
staticfield org/aspectj/apache/bcel/generic/Type CLASS Lorg/aspectj/apache/bcel/generic/ObjectType; org/aspectj/apache/bcel/generic/ObjectType
staticfield org/aspectj/apache/bcel/generic/Type INTEGER Lorg/aspectj/apache/bcel/generic/ObjectType; org/aspectj/apache/bcel/generic/ObjectType
staticfield org/aspectj/apache/bcel/generic/Type EXCEPTION Lorg/aspectj/apache/bcel/generic/ObjectType; org/aspectj/apache/bcel/generic/ObjectType
staticfield org/aspectj/apache/bcel/generic/Type LIST Lorg/aspectj/apache/bcel/generic/ObjectType; org/aspectj/apache/bcel/generic/ObjectType
staticfield org/aspectj/apache/bcel/generic/Type ITERATOR Lorg/aspectj/apache/bcel/generic/ObjectType; org/aspectj/apache/bcel/generic/ObjectType
staticfield org/aspectj/apache/bcel/generic/Type NO_ARGS [Lorg/aspectj/apache/bcel/generic/Type; 0 [Lorg/aspectj/apache/bcel/generic/Type;
staticfield org/aspectj/apache/bcel/generic/Type NULL Lorg/aspectj/apache/bcel/generic/ReferenceType; org/aspectj/apache/bcel/generic/Type$1
staticfield org/aspectj/apache/bcel/generic/Type UNKNOWN Lorg/aspectj/apache/bcel/generic/Type; org/aspectj/apache/bcel/generic/Type$2
staticfield org/aspectj/apache/bcel/generic/Type STRINGARRAY1 [Lorg/aspectj/apache/bcel/generic/Type; 1 [Lorg/aspectj/apache/bcel/generic/Type;
staticfield org/aspectj/apache/bcel/generic/Type STRINGARRAY2 [Lorg/aspectj/apache/bcel/generic/Type; 2 [Lorg/aspectj/apache/bcel/generic/Type;
staticfield org/aspectj/apache/bcel/generic/Type STRINGARRAY3 [Lorg/aspectj/apache/bcel/generic/Type; 3 [Lorg/aspectj/apache/bcel/generic/Type;
staticfield org/aspectj/apache/bcel/generic/Type STRINGARRAY4 [Lorg/aspectj/apache/bcel/generic/Type; 4 [Lorg/aspectj/apache/bcel/generic/Type;
staticfield org/aspectj/apache/bcel/generic/Type STRINGARRAY5 [Lorg/aspectj/apache/bcel/generic/Type; 5 [Lorg/aspectj/apache/bcel/generic/Type;
staticfield org/aspectj/apache/bcel/generic/Type STRINGARRAY6 [Lorg/aspectj/apache/bcel/generic/Type; 6 [Lorg/aspectj/apache/bcel/generic/Type;
staticfield org/aspectj/apache/bcel/generic/Type STRINGARRAY7 [Lorg/aspectj/apache/bcel/generic/Type; 7 [Lorg/aspectj/apache/bcel/generic/Type;
instanceKlass org/aspectj/apache/bcel/generic/ArrayType
instanceKlass org/aspectj/apache/bcel/generic/Type$1
instanceKlass org/aspectj/apache/bcel/generic/ObjectType
ciInstanceKlass org/aspectj/apache/bcel/generic/ReferenceType 1 1 132 10 7 12 1 1 1 100 1 8 1 9 12 1 1 10 100 12 1 1 1 10 100 12 1 1 1 100 1 10 12 1 1 10 12 1 1 10 100 12 1 1 1 10 12 1 10 12 1 9 12 1 1 100 1 10 12 1 1 100 1 9 12 1 1 10 12 1 10 12 1 1 10 12 1 10 12 1 1 10 12 1 10 12 1 1 10 100 12 1 1 1 10 100 12 1 1 1 10 1 1 1 1 1 1 1 1 1 1 1 1 1 1 1 1 1 1 1 1 1 1 1 1 1 1 1 1 1 1 100 1 1
ciInstanceKlass org/aspectj/apache/bcel/generic/ObjectType 1 1 101 100 1 10 7 12 1 1 1 10 7 12 1 1 1 9 12 1 1 7 1 10 12 1 8 1 10 12 1 1 10 7 12 1 1 1 8 1 10 12 1 1 10 12 1 1 10 12 1 1 10 100 12 1 1 1 10 100 12 1 1 1 10 12 1 10 12 1 1 10 12 1 10 12 1 1 1 1 1 1 1 1 1 1 1 1 1 1 1 1 1 1 1 1 1 1 1 1 1 1 1
instanceKlass com/sun/org/apache/xerces/internal/impl/XMLEntityScanner$1
ciInstanceKlass java/io/EOFException 1 1 26 10 10 100 7 1 1 1 5 0 1 1 1 1 1 1 1 1 1 1 1 1 12 12 1 1
instanceKlass org/aspectj/apache/bcel/util/ByteSequence
instanceKlass org/aspectj/weaver/VersionedDataInputStream
ciInstanceKlass java/io/DataInputStream 1 1 184 10 9 9 9 9 10 10 100 10 100 10 10 10 10 10 10 10 9 100 10 10 10 10 10 11 7 11 100 8 10 100 10 8 10 10 10 7 10 7 7 1 1 1 1 1 1 1 1 1 1 1 1 1 1 1 1 1 1 1 100 1 1 1 1 1 1 1 1 1 1 1 1 1 1 1 1 1 1 1 1 1 1 1 1 1 1 1 1 1 1 1 1 1 1 1 1 1 1 1 1 1 1 1 1 100 1 1 1 1 1 1 1 1 1 1 1 100 1 1 12 12 12 12 12 7 12 12 1 12 1 12 12 12 7 12 12 7 12 12 1 12 100 12 12 12 12 1 1 1 12 1 1 12 12 12 1 12 1 1 1 1 1 1 1 1 1 1 1 1 1 1 1 1 1 1 1 1 1 1 1 1 1 1
ciInstanceKlass java/lang/ArrayIndexOutOfBoundsException 1 1 45 10 10 100 10 8 10 10 10 100 7 1 1 1 5 0 1 1 1 1 1 1 1 1 1 1 1 1 1 1 1 12 12 1 1 12 12 12 1 1 1 1 1 1 1
ciInstanceKlass java/lang/StringIndexOutOfBoundsException 0 0 45 10 10 100 10 8 10 10 10 100 100 1 1 1 5 0 1 1 1 1 1 1 1 1 1 1 1 1 1 1 1 12 12 1 1 12 12 12 1 1 1 1 1 1 1
ciInstanceKlass org/aspectj/apache/bcel/classfile/ClassFormatException 0 0 21 10 100 12 1 1 1 10 12 1 100 1 1 1 1 1 1 1 1 1 1
ciInstanceKlass org/aspectj/apache/bcel/classfile/ConstantPool 1 1 658 9 7 12 1 1 1 10 7 12 1 1 1 7 1 10 9 12 1 1 9 12 1 9 12 1 7 1 9 12 1 1 10 7 12 1 1 1 10 12 1 1 10 12 1 1 100 1 10 12 1 1 9 12 1 1 100 1 7 1 10 8 1 10 12 1 1 9 12 1 1 8 1 10 12 1 8 1 10 12 1 10 12 1 1 10 12 1 100 1 8 1 8 1 8 1 10 12 1 1 10 12 1 10 12 1 7 1 10 12 1 100 1 10 12 1 100 1 8 1 10 7 1 10 12 1 10 100 12 1 1 1 8 1 10 12 1 1 100 1 11 12 1 7 1 10 10 12 1 1 8 1 10 12 1 100 1 10 12 1 8 1 10 12 1 100 1 8 1 10 12 1 10 100 1 10 10 100 1 10 12 1 8 1 10 12 1 100 1 10 12 1 100 1 8 1 10 100 1 8 1 10 8 1 10 7 12 1 1 10 12 1 10 12 1 1 8 1 8 1 8 1 8 1 8 1 10 12 1 10 12 1 11 100 12 1 1 1 3 10 7 12 1 1 1 10 100 12 1 1 10 12 1 1 9 12 1 1 100 1 10 8 1 8 1 100 1 10 12 1 10 7 12 1 1 11 7 12 1 1 1 10 12 1 1 10 12 1 1 11 12 1 1 10 12 1 1 10 12 1 10 10 12 1 1 10 10 100 12 1 1 10 12 1 10 100 12 1 1 10 12 1 1 10 12 1 10 12 1 10 3 100 1 8 1 8 1 10 10 7 12 1 1 1 10 12 1 1 10 12 1 1 7 1 10 12 1 10 10 10 12 1 10 10 12 1 1 100 1 10 12 1 10 100 12 1 1 10 12 1 10 12 1 1 10 12 1 1 100 1 10 12 1 10 100 12 1 1 1 10 12 1 10 12 1 1 10 12 1 1 100 1 10 12 1 10 12 1 10 10 12 1 10 100 12 1 1 1 10 12 1 1 10 12 1 10 12 1 10 12 1 10 12 1 1 10 12 1 1 10 12 1 10 12 1 10 12 1 10 12 1 10 12 1 10 12 1 10 12 1 10 12 1 10 12 1 10 10 12 1 7 1 10 10 10 10 12 1 100 1 10 10 10 10 10 10 12 1 1 10 12 1 1 10 12 1 1 10 12 1 10 7 12 1 1 1 100 1 1 1 1 1 1 1 1 1 1 1 100 1 1 1 1 1 100 1 1 1 1 1 1 1 1 1 1 1 1 1 1 1 1 1 1 1 1 1 1 1 1 1 1 1 1 100 1 1 1 1 1 1 1 1 1 1 1 1 1 1 1 1 1 1 1 1 1 1 1 1 1 1 1 1 1 1 1 1 1 1 1 1 1 1 1 1 1 1 1 1 1 1 1 1 1 1 1 1 1 1 1 1 1 1 1 1 1 1 1 1 1 1 1 1 1 1 1 1 1 1 1 1 1 1 1 1 1 1 1 1 1 1 1 1 1 1 1 1 1 1
staticfield org/aspectj/apache/bcel/classfile/ConstantPool $assertionsDisabled Z 0
instanceKlass org/aspectj/apache/bcel/classfile/ConstantDynamic
instanceKlass org/aspectj/apache/bcel/classfile/ConstantPackage
instanceKlass org/aspectj/apache/bcel/classfile/ConstantModule
instanceKlass org/aspectj/apache/bcel/classfile/ConstantInvokeDynamic
instanceKlass org/aspectj/apache/bcel/classfile/ConstantMethodType
instanceKlass org/aspectj/apache/bcel/classfile/ConstantMethodHandle
instanceKlass org/aspectj/apache/bcel/classfile/ConstantDouble
instanceKlass org/aspectj/apache/bcel/classfile/ConstantLong
instanceKlass org/aspectj/apache/bcel/classfile/ConstantFloat
instanceKlass org/aspectj/apache/bcel/classfile/ConstantInteger
instanceKlass org/aspectj/apache/bcel/classfile/ConstantString
instanceKlass org/aspectj/apache/bcel/classfile/ConstantCP
instanceKlass org/aspectj/apache/bcel/classfile/ConstantUtf8
instanceKlass org/aspectj/apache/bcel/classfile/ConstantNameAndType
instanceKlass org/aspectj/apache/bcel/classfile/ConstantClass
ciInstanceKlass org/aspectj/apache/bcel/classfile/Constant 1 1 138 10 7 12 1 1 1 9 7 12 1 1 1 100 1 10 9 100 12 1 1 1 10 12 1 1 8 1 10 12 1 8 1 10 12 1 1 10 12 1 1 100 1 10 7 12 1 1 1 7 1 10 12 1 7 1 10 7 1 10 7 1 10 7 1 10 7 1 10 7 1 10 7 1 10 7 1 10 7 1 10 7 1 10 7 1 10 7 1 10 7 1 10 100 1 10 100 1 10 100 1 10 100 1 8 1 10 12 1 100 1 100 1 1 1 1 1 1 1 1 1 1 1 1 1 100 1 1 1 1 1 1 1 1 1 1 1 1
ciInstanceKlass org/aspectj/apache/bcel/classfile/ConstantClass 1 1 107 100 1 10 7 12 1 1 1 10 7 12 1 1 1 9 7 12 1 1 1 11 100 12 1 1 1 9 12 1 1 10 100 12 1 1 1 10 12 1 10 100 12 1 1 1 10 100 12 1 1 1 10 100 12 1 1 1 100 1 10 12 1 10 12 1 10 12 1 1 8 1 10 12 1 8 1 10 10 12 1 1 1 1 1 1 1 1 1 1 100 1 1 1 1 1 1 1 1 1 1 1 1 1 1 1 1
ciInstanceKlass org/aspectj/apache/bcel/classfile/ConstantUtf8 1 1 112 100 1 10 7 12 1 1 1 10 7 12 1 1 1 9 7 12 1 1 1 9 12 1 1 100 1 10 12 1 11 100 12 1 1 1 9 12 1 1 10 100 12 1 1 1 10 12 1 1 100 1 10 10 12 1 10 12 1 1 8 1 8 1 8 1 10 100 12 1 1 1 8 1 10 10 12 1 10 7 12 1 1 1 100 1 1 1 1 1 1 1 1 1 1 100 1 1 100 1 1 1 1 1 1 1 1 1 1 1 1 1
staticfield org/aspectj/apache/bcel/classfile/ConstantUtf8 $assertionsDisabled Z 0
instanceKlass org/aspectj/apache/bcel/generic/FieldGenOrMethodGen
instanceKlass org/aspectj/apache/bcel/generic/ClassGen
instanceKlass org/aspectj/apache/bcel/classfile/JavaClass
instanceKlass org/aspectj/apache/bcel/classfile/FieldOrMethod
ciInstanceKlass org/aspectj/apache/bcel/classfile/Modifiers 1 1 43 10 7 12 1 1 1 9 7 12 1 1 1 100 1 1 1 1 1 1 1 1 1 1 1 1 1 1 1 1 1 1 1 1 1 1 1 1 1 1 1 1 1
instanceKlass org/aspectj/apache/bcel/classfile/Method
instanceKlass org/aspectj/apache/bcel/classfile/Field
ciInstanceKlass org/aspectj/apache/bcel/classfile/FieldOrMethod 1 1 183 10 7 12 1 1 1 9 7 12 1 1 1 9 12 1 1 10 12 1 1 10 12 1 10 12 1 10 12 1 1 10 12 1 1 10 12 1 10 7 12 1 1 10 7 12 1 1 1 9 12 1 1 9 12 1 1 9 12 1 9 12 1 9 12 1 1 10 100 12 1 1 1 10 12 1 1 9 12 1 100 1 10 7 12 1 1 1 7 1 10 12 1 1 9 12 1 10 12 1 10 12 1 9 12 1 1 7 1 10 7 1 10 12 1 1 11 7 12 1 1 1 11 12 1 9 7 12 1 1 11 12 1 1 7 10 12 1 1 10 100 1 100 1 1 1 1 1 1 1 1 1 1 1 1 100 1 1 1 1 1 1 1 1 1 1 1 1 1 1 1 1 1 1 1 1 100 1 1 100 1 1 1
ciInstanceKlass org/aspectj/apache/bcel/classfile/AttributeUtils 1 1 126 10 100 12 1 1 1 10 7 12 1 1 1 9 7 12 1 1 1 10 12 1 1 100 1 100 1 100 1 10 8 1 10 12 1 1 10 12 1 1 10 10 12 1 10 100 12 1 1 1 10 12 1 1 9 12 1 1 100 1 7 1 7 1 7 1 10 12 1 1 100 1 10 12 1 1 7 1 100 1 1 1 1 1 1 1 1 1 1 1 1 1 1 1 1 1 1 1 100 100 1 1 1 1 1 1 1 1 1 1 1 1 1 1 1 1 1 1 1 1 1 1 1 1 1 1
instanceKlass org/aspectj/apache/bcel/classfile/NestMembers
instanceKlass org/aspectj/apache/bcel/classfile/NestHost
instanceKlass org/aspectj/apache/bcel/classfile/ModuleMainClass
instanceKlass org/aspectj/apache/bcel/classfile/ModulePackages
instanceKlass org/aspectj/apache/bcel/classfile/Module
instanceKlass org/aspectj/apache/bcel/classfile/MethodParameters
instanceKlass org/aspectj/apache/bcel/classfile/annotation/RuntimeTypeAnnos
instanceKlass org/aspectj/apache/bcel/classfile/BootstrapMethods
instanceKlass org/aspectj/apache/bcel/classfile/EnclosingMethod
instanceKlass org/aspectj/apache/bcel/classfile/LocalVariableTypeTable
instanceKlass org/aspectj/apache/bcel/classfile/AnnotationDefault
instanceKlass org/aspectj/apache/bcel/classfile/annotation/RuntimeParamAnnos
instanceKlass org/aspectj/apache/bcel/classfile/annotation/RuntimeAnnos
instanceKlass org/aspectj/apache/bcel/classfile/StackMap
instanceKlass org/aspectj/apache/bcel/classfile/Signature
instanceKlass org/aspectj/apache/bcel/classfile/Deprecated
instanceKlass org/aspectj/apache/bcel/classfile/Synthetic
instanceKlass org/aspectj/apache/bcel/classfile/InnerClasses
instanceKlass org/aspectj/apache/bcel/classfile/LocalVariableTable
instanceKlass org/aspectj/apache/bcel/classfile/LineNumberTable
instanceKlass org/aspectj/apache/bcel/classfile/ExceptionTable
instanceKlass org/aspectj/apache/bcel/classfile/Code
instanceKlass org/aspectj/apache/bcel/classfile/SourceFile
instanceKlass org/aspectj/apache/bcel/classfile/ConstantValue
instanceKlass org/aspectj/apache/bcel/classfile/Unknown
ciInstanceKlass org/aspectj/apache/bcel/classfile/Attribute 1 1 200 10 7 12 1 1 1 9 7 12 1 1 1 9 12 1 1 9 12 1 9 12 1 1 10 100 12 1 1 1 10 12 1 7 1 10 7 12 1 1 1 10 7 12 1 1 1 10 7 12 1 1 1 10 12 1 9 12 1 1 10 7 12 1 1 1 7 1 10 12 1 7 1 10 7 1 10 7 1 10 7 1 10 7 1 10 7 1 10 7 1 10 100 1 10 7 1 10 7 1 10 100 1 10 7 1 10 7 1 10 7 1 10 100 1 10 7 1 10 7 1 10 7 1 10 7 1 10 7 1 10 100 1 10 7 1 10 100 1 10 100 1 10 100 1 10 7 1 10 7 1 10 100 1 10 9 12 1 1 100 1 100 1 100 1 1 1 1 1 1 1 1 1 1 1 1 100 1 1 1 1 1 1 1 1 1 1 1 1 1 1 1 1 1 1 1 1 1 1 1
staticfield org/aspectj/apache/bcel/classfile/Attribute NoAttributes [Lorg/aspectj/apache/bcel/classfile/Attribute; 0 [Lorg/aspectj/apache/bcel/classfile/Attribute;
ciInstanceKlass org/aspectj/apache/bcel/classfile/Unknown 1 1 137 10 7 12 1 1 1 10 12 1 10 12 1 1 10 12 1 1 10 12 1 1 100 1 10 7 12 1 1 9 12 1 1 10 7 12 1 1 1 7 1 10 12 1 1 9 12 1 1 100 10 7 12 1 1 1 11 100 12 1 1 1 10 12 1 1 9 12 1 1 10 100 12 1 1 1 100 1 10 12 1 8 1 10 12 1 1 8 1 10 12 1 10 100 12 1 1 1 10 100 12 1 1 1 8 1 8 1 1 1 1 1 1 1 1 1 1 1 1 1 1 1 100 1 1 1 1 1 1 1 1 1 1 100 1 1 1
ciInstanceKlass org/aspectj/apache/bcel/classfile/Code 1 1 269 10 7 12 1 1 1 10 12 1 10 12 1 10 12 1 10 12 1 1 10 12 1 1 10 12 1 1 10 12 1 1 10 12 1 1 10 7 12 1 1 100 1 100 1 100 1 10 12 1 9 12 1 10 12 1 1 9 12 1 9 12 1 7 1 10 12 1 10 7 12 1 1 1 9 12 1 9 12 1 1 100 1 10 7 12 1 1 9 12 1 9 12 1 10 12 1 10 12 1 1 10 12 1 1 11 100 12 1 1 1 10 12 1 1 10 100 12 1 1 1 10 12 1 10 12 1 1 10 9 12 1 1 7 1 7 1 9 10 12 1 10 12 1 100 1 10 12 1 8 1 10 12 1 1 10 12 1 8 1 8 1 8 1 9 12 1 1 10 100 12 1 1 1 10 12 1 1 10 12 1 8 1 10 12 1 8 1 8 1 10 10 12 1 8 1 10 12 1 8 1 10 100 12 1 1 1 8 1 10 12 1 8 1 10 12 1 8 1 1 1 1 1 1 1 1 1 1 1 1 1 1 1 1 100 1 1 1 1 1 1 1 1 1 1 1 1 1 1 1 1 1 1 1 1 1 1 1 1 1 1 1 1 1 100 1 1 1 1
staticfield org/aspectj/apache/bcel/classfile/Code NO_EXCEPTIONS [Lorg/aspectj/apache/bcel/classfile/CodeException; 0 [Lorg/aspectj/apache/bcel/classfile/CodeException;
ciInstanceKlass org/aspectj/apache/bcel/classfile/ExceptionTable 1 1 136 10 7 12 1 1 1 10 12 1 10 12 1 1 10 12 1 1 10 12 1 1 100 1 10 7 12 1 1 10 12 1 1 100 1 10 7 12 1 1 9 12 1 1 9 12 1 11 100 12 1 1 1 10 12 1 1 10 100 12 1 1 1 7 1 9 12 1 1 10 7 12 1 1 1 10 12 1 1 100 1 8 1 10 12 1 10 100 12 1 1 1 10 12 1 1 8 1 10 12 1 1 1 1 1 1 1 1 1 1 1 1 1 1 1 1 1 100 1 1 1 1 1 1 1 1 1 1 1 100 1 1 1 1 1 1
ciInstanceKlass org/aspectj/apache/bcel/classfile/LineNumberTable 1 1 183 10 7 12 1 1 1 10 12 1 10 12 1 1 10 12 1 1 10 12 1 1 100 1 10 7 12 1 1 9 12 1 1 10 12 1 1 100 1 9 12 1 1 10 7 12 1 1 1 7 1 10 12 10 12 1 10 12 1 9 12 1 1 7 1 9 12 1 10 12 1 10 12 1 1 100 1 100 1 8 1 10 12 1 10 12 1 11 100 12 1 1 1 10 12 1 1 10 100 12 1 1 10 12 1 1 10 100 1 10 12 10 12 1 1 10 12 1 1 8 1 10 12 1 10 12 1 10 12 1 10 12 1 10 10 12 1 10 12 1 1 1 1 1 1 1 1 1 1 1 1 1 1 1 1 1 1 1 1 1 1 1 1 1 1 1 1 1 1 1 1 1 1 1 1 1 1 1 1 1 1 1 1
ciInstanceKlass org/aspectj/apache/bcel/classfile/LocalVariableTable 1 1 183 10 7 12 1 1 1 10 12 1 10 12 1 1 10 12 1 1 10 12 1 1 100 1 10 7 12 1 1 9 12 1 1 10 12 1 1 9 12 1 1 10 7 12 1 1 1 10 12 1 1 11 100 12 1 1 1 10 12 1 1 10 100 12 1 1 9 12 1 1 10 12 1 1 9 12 1 1 10 7 1 10 12 1 100 1 8 1 10 12 1 10 12 1 1 10 12 1 1 10 12 1 10 100 1 8 1 10 9 12 1 9 12 1 7 1 10 12 10 12 1 10 12 1 100 1 100 1 8 1 10 12 1 10 12 1 9 12 1 1 10 12 1 10 12 1 8 1 1 1 1 1 1 1 1 1 1 1 1 1 1 1 1 1 1 1 1 1 1 1 100 1 1 1 1 1 1 1 1 1 1 1 1
ciInstanceKlass org/aspectj/apache/bcel/classfile/Deprecated 1 1 106 10 7 12 1 1 1 10 12 1 10 12 1 1 10 12 1 1 10 12 1 1 100 1 10 7 12 1 1 9 12 1 1 100 10 100 12 1 1 1 9 100 12 1 1 1 8 1 10 100 12 1 1 1 11 100 12 1 1 1 10 12 1 1 9 12 1 1 10 100 12 1 1 1 9 12 1 1 1 1 1 1 1 1 1 1 1 1 1 1 1 100 1 1 100 1 1 1 1 1 1 1 1 1 1 1
instanceKlass org/aspectj/apache/bcel/classfile/annotation/RuntimeInvisAnnos
instanceKlass org/aspectj/apache/bcel/classfile/annotation/RuntimeVisAnnos
ciInstanceKlass org/aspectj/apache/bcel/classfile/annotation/RuntimeAnnos 1 1 152 10 7 12 1 1 1 9 7 12 1 1 1 9 12 1 7 1 10 12 1 9 12 1 1 9 12 1 1 10 12 1 9 12 1 1 10 7 12 1 1 1 10 100 12 1 1 11 7 12 1 1 1 10 12 1 1 11 12 1 1 11 100 12 1 1 1 11 12 1 1 7 1 10 12 1 1 7 1 10 12 1 10 12 1 10 12 1 10 12 1 1 10 12 1 1 11 12 1 1 10 12 1 100 1 100 1 8 1 10 12 1 1 1 1 1 1 1 1 1 1 1 1 1 1 1 1 1 1 1 1 1 1 1 1 1 1 1 1 1 1 1 1 1 1 1 1 1 1 1 1 1
ciInstanceKlass org/aspectj/apache/bcel/classfile/annotation/RuntimeVisAnnos 1 1 72 100 1 10 7 12 1 1 1 10 7 12 1 1 10 12 1 1 10 12 1 11 100 12 1 1 1 10 12 1 1 10 12 1 100 1 8 1 10 12 1 1 1 1 1 1 1 1 1 1 1 1 1 1 1 100 1 1 1 1 1 1 1 1 1 1 1 1 1 1 1 1
ciInstanceKlass org/aspectj/apache/bcel/classfile/annotation/RuntimeVisParamAnnos 1 1 63 100 1 10 7 12 1 1 1 10 12 1 10 7 12 1 1 10 12 1 1 11 100 12 1 1 1 100 1 8 1 10 12 1 1 1 1 1 1 1 1 1 1 1 1 1 1 1 1 1 1 1 100 1 1 1 1 1 1 1 1 1 1
ciInstanceKlass org/aspectj/apache/bcel/Constants 1 1 1347 7 1 7 1 8 1 8 1 8 1 8 1 8 1 8 1 8 1 8 1 8 1 8 1 8 1 8 1 9 12 1 1 8 1 8 1 8 1 8 1 8 1 8 1 8 1 8 1 8 1 8 1 8 1 8 1 8 1 8 1 8 1 8 1 8 1 8 1 9 12 1 8 1 8 1 9 12 1 8 1 8 1 8 1 8 1 8 1 8 1 8 1 8 1 8 1 8 1 8 1 8 1 8 1 9 12 1 8 1 8 1 8 1 8 1 8 1 8 1 8 1 8 1 8 1 9 12 1 8 1 8 1 8 1 8 1 8 1 8 1 8 1 8 1 8 1 9 12 1 9 12 1 1 9 12 1 7 1 9 12 1 1 9 12 1 1 7 1 9 12 1 1 10 7 12 1 1 1 9 12 1 1 7 1 9 12 1 1 8 1 8 1 8 1 8 1 8 1 8 1 8 1 8 1 8 1 8 1 8 1 8 1 8 1 8 1 8 1 8 1 8 1 8 1 8 1 8 1 8 1 8 1 8 1 8 1 8 1 8 1 8 1 8 1 8 1 8 1 8 1 8 1 8 1 8 1 8 1 8 1 8 1 8 1 8 1 8 1 8 1 8 1 8 1 8 1 8 1 8 1 8 1 8 1 8 1 8 1 8 1 8 1 8 1 8 1 8 1 8 1 8 1 8 1 8 1 8 1 8 1 8 1 8 1 8 1 8 1 8 1 8 1 8 1 8 1 8 1 8 1 8 1 8 1 8 1 8 1 8 1 8 1 8 1 8 1 8 1 8 1 8 1 8 1 8 1 8 1 8 1 8 1 8 1 8 1 8 1 8 1 8 1 8 1 8 1 8 1 8 1 8 1 8 1 8 1 8 1 8 1 8 1 8 1 8 1 8 1 8 1 8 1 8 1 8 1 8 1 8 1 8 1 8 1 8 1 8 1 8 1 8 1 8 1 8 1 8 1 8 1 8 1 8 1 8 1 8 1 8 1 8 1 8 1 8 1 8 1 8 1 8 1 8 1 8 1 8 1 8 1 8 1 8 1 8 1 8 1 8 1 8 1 8 1 8 1 8 1 8 1 8 1 8 1 8 1 8 1 8 1 8 1 8 1 8 1 8 1 8 1 8 1 8 1 8 1 8 1 8 1 8 1 8 1 8 1 8 1 8 1 8 1 8 1 8 1 8 1 8 1 8 1 8 1 8 1 8 1 8 1 8 1 8 1 8 1 8 1 8 1 8 1 8 1 8 1 8 1 8 1 8 1 8 1 8 1 8 1 8 1 8 1 8 1 8 1 8 1 8 1 8 1 8 1 8 1 8 1 8 1 8 1 8 1 8 1 8 1 8 1 9 12 1 9 12 1 1 8 1 8 1 8 1 8 1 8 1 8 1 8 1 8 1 8 1 8 1 8 1 8 1 8 1 8 1 8 1 8 1 8 1 8 1 8 1 8 1 8 1 8 1 8 1 8 1 8 1 8 1 8 1 8 1 9 12 1 8 1 8 1 8 1 8 1 8 1 8 1 8 1 8 1 8 1 9 12 1 100 1 1 3 1 3 1 3 1 3 1 3 1 1 3 1 1 3 1 1 3 1 1 3 1 1 3 1 1 3 1 1 3 1 1 3 1 1 3 1 1 3 1 1 3 1 1 3 1 1 3 1 1 3 1 1 3 1 1 3 1 1 3 1 1 3 1 1 1 1 3 1 3 1 3 1 3 1 3 1 3 1 3 1 1 3 1 3 1 3 1 3 1 3 1 3 1 3 1 3 1 3 1 1 1 1 1 1 1 1 3 3 3 3 3 3 3 3 3 3 3 3 1 1 8 1 1 8 1 1 1 3 1 1 1 1 1 1 1 1 1 1 1 1 1 1 3 1 3 1 1 1 1 1 1 1 3 1 3 1 3 1 3 1 3 1 3 1 3 1 3 1 3 1 3 1 3 1 1 3 1 3 1 3 1 3 1 3 1 3 1 3 1 3 1 3 1 3 1 3 1 3 1 1 1 1 1 1 1 1 1 1 1 1 1 1 1 1 1 1 1 1 1 3 1 3 1 3 1 3 1 3 1 3 1 3 1 3 1 3 1 3 1 3 1 3 1 3 1 3 1 3 1 3 1 3 1 3 1 3 1 3 1 3 1 3 1 3 1 3 1 3 1 3 1 3 1 3 1 3 1 3 1 3 1 3 1 3 1 3 1 3 1 3 1 3 1 3 1 3 1 3 1 3 1 3 1 3 1 3 1 3 1 3 1 3 1 3 1 3 1 3 1 3 1 3 1 3 1 3 1 3 1 3 1 3 1 3 1 3 1 3 1 3 1 3 1 3 1 1 3 1 3 1 3 1 3 1 3 1 3 1 3 1 3 1 3 1 3 1 3 1 3 1 3 1 3 1 3 1 3 1 3 1 1 3 1 1 3 1 1 3 1 3 1 3 1 3 1 3 1 3 1 3 1 3 1 3 1 3 1 3 1 3 1 3 1 3 1 3 1 3 1 3 1 3 1 3 1 3 1 3 1 3 1 3 1 3 1 3 1 3 1 3 1 3 1 3 1 3 1 3 1 3 1 3 1 3 1 3 1 3 1 1 3 1 3 1 3 1 3 1 3 1 3 1 3 1 3 1 3 1 3 1 3 1 3 1 3 1 3 1 3 1 3 1 3 1 3 1 3 1 3 1 3 1 3 1 3 1 3 1 3 1 3 1 3 1 3 1 3 1 3 1 3 1 3 1 3 1 3 1 3 1 3 1 3 1 3 1 3 1 3 1 3 1 3 1 3 1 3 1 3 1 1 3 1 3 1 3 1 3 1 3 1 1 1 1 1 1 1 1 1 1 1 1 1 1 1 1 1 1 1 5 0 1 1 1 1 1 1 1 5 0 1 5 0 1 5 0 1 5 0 1 5 0 1 5 0 1 5 0 1 5 0 1 1 1 1 1 1 1 1 1 1 1 1 1 1 1 1 1 1 1 1 1 1 1 1 1 1 1 1 1 1 1 1 1 1 1 1 1 1 1 1 1 1 1 1
staticfield org/aspectj/apache/bcel/Constants ACCESS_NAMES [Ljava/lang/String; 12 [Ljava/lang/String;
staticfield org/aspectj/apache/bcel/Constants CONSTANT_NAMES [Ljava/lang/String; 21 [Ljava/lang/String;
staticfield org/aspectj/apache/bcel/Constants INTERFACES_IMPLEMENTED_BY_ARRAYS [Ljava/lang/String; 2 [Ljava/lang/String;
staticfield org/aspectj/apache/bcel/Constants TYPE_NAMES [Ljava/lang/String; 16 [Ljava/lang/String;
staticfield org/aspectj/apache/bcel/Constants CLASS_TYPE_NAMES [Ljava/lang/String; 16 [Ljava/lang/String;
staticfield org/aspectj/apache/bcel/Constants SHORT_TYPE_NAMES [Ljava/lang/String; 16 [Ljava/lang/String;
staticfield org/aspectj/apache/bcel/Constants iLen [B 256
staticfield org/aspectj/apache/bcel/Constants stackEntriesProduced [B 256
staticfield org/aspectj/apache/bcel/Constants types [Lorg/aspectj/apache/bcel/generic/Type; 256 [Lorg/aspectj/apache/bcel/generic/Type;
staticfield org/aspectj/apache/bcel/Constants instFlags [J 256
staticfield org/aspectj/apache/bcel/Constants instExcs [[Ljava/lang/Class; 256 [[Ljava/lang/Class;
staticfield org/aspectj/apache/bcel/Constants _unused Ljava/lang/Object; null
staticfield org/aspectj/apache/bcel/Constants TYPE_OF_OPERANDS [[S 256 [[S
staticfield org/aspectj/apache/bcel/Constants OPCODE_NAMES [Ljava/lang/String; 256 [Ljava/lang/String;
staticfield org/aspectj/apache/bcel/Constants CONSUME_STACK [I 256
staticfield org/aspectj/apache/bcel/Constants ATTRIBUTE_NAMES [Ljava/lang/String; 28 [Ljava/lang/String;
staticfield org/aspectj/apache/bcel/Constants ITEM_NAMES [Ljava/lang/String; 9 [Ljava/lang/String;
ciInstanceKlass org/aspectj/apache/bcel/generic/BasicType 1 1 83 9 7 12 1 1 1 10 7 12 1 1 1 100 1 100 1 10 12 1 8 1 10 12 1 1 10 12 1 10 12 1 1 10 12 1 9 7 12 1 1 1 9 12 1 9 12 1 9 12 1 9 12 1 9 12 1 9 12 1 9 12 1 9 12 1 9 12 1 1 1 1 1 1 1 1 1 1 1 1 1 1 1
ciInstanceKlass org/aspectj/apache/bcel/generic/ArrayType 1 1 105 10 100 12 1 1 1 10 7 12 1 1 1 7 1 10 12 1 100 1 8 1 10 7 12 1 1 100 1 7 1 10 12 1 8 1 10 12 1 1 10 12 1 10 12 1 1 10 10 7 12 1 1 9 12 1 1 9 12 1 1 8 1 10 12 1 10 12 1 9 12 1 1 10 100 12 1 1 1 10 12 1 1 1 1 1 1 1 1 1 1 1 1 1 1 1 1 1 1 1 1 1 1 1 1
ciInstanceKlass org/aspectj/apache/bcel/generic/ClassGenException 0 0 21 10 100 12 1 1 1 10 12 1 100 1 1 1 1 1 1 1 1 1 1
ciInstanceKlass org/aspectj/apache/bcel/classfile/Method 1 1 263 10 7 12 1 1 1 9 7 12 1 1 1 10 12 1 10 12 1 10 12 1 11 100 12 1 1 1 10 12 1 1 9 12 1 1 10 7 12 1 1 1 10 12 1 1 10 12 1 1 10 7 12 1 1 1 10 12 1 1 9 12 1 1 10 100 12 1 1 1 9 12 1 1 9 12 1 100 1 10 100 12 1 1 1 100 1 10 12 1 1 9 12 1 10 10 12 1 1 100 1 10 12 1 100 1 10 8 1 10 12 1 1 10 100 12 1 1 8 1 10 10 12 1 1 10 8 1 10 100 12 1 1 1 8 1 10 12 1 10 7 12 1 1 1 10 12 1 1 10 12 1 9 12 1 1 9 12 1 10 12 1 1 100 1 100 1 100 1 10 9 100 12 1 1 1 10 12 1 1 10 10 100 12 1 1 1 11 100 12 1 1 7 11 12 1 1 100 10 12 1 9 12 1 1 1 1 1 1 1 1 1 1 1 1 100 1 1 1 1 1 1 1 1 1 1 1 1 1 1 1 1 1 1 1 1 1 1 1 100 1 1 1 1 1 1 1 1 1 1 1 1 1 1 1 1 1 1 1 1 1 1 1
staticfield org/aspectj/apache/bcel/classfile/Method NO_PARAMETER_ANNOTATIONS [[Lorg/aspectj/apache/bcel/classfile/annotation/AnnotationGen; 0 [[Lorg/aspectj/apache/bcel/classfile/annotation/AnnotationGen;
staticfield org/aspectj/apache/bcel/classfile/Method NoMethods [Lorg/aspectj/apache/bcel/classfile/Method; 0 [Lorg/aspectj/apache/bcel/classfile/Method;
ciInstanceKlass org/aspectj/apache/bcel/classfile/annotation/AnnotationGen 1 1 253 10 7 12 1 1 1 10 7 12 1 1 1 9 7 12 1 1 1 9 12 1 1 9 12 1 1 10 12 1 1 10 7 12 1 1 1 9 12 1 1 10 12 1 1 10 12 1 10 12 1 10 12 1 1 7 1 10 11 7 12 1 1 1 11 7 12 1 1 11 12 1 1 7 1 10 12 1 11 12 1 1 10 100 12 1 1 10 12 1 10 7 12 1 1 10 7 12 1 1 1 10 12 1 10 12 1 1 10 12 1 10 100 12 1 1 1 11 12 1 10 12 1 1 9 12 1 10 12 1 1 7 1 10 12 1 10 7 12 1 1 1 100 1 10 8 1 10 12 1 1 10 12 1 8 1 10 12 1 8 1 10 12 1 11 12 1 1 10 12 1 8 1 8 1 8 1 8 1 8 1 10 12 1 10 100 12 1 1 10 12 1 10 12 1 9 12 1 1 1 1 1 1 1 1 1 1 1 1 1 1 1 1 1 1 1 1 1 1 1 1 1 1 1 1 1 1 1 1 1 100 1 1 1 1 1 1 1 1 1 1 1 1 1 1 1 1 1 1 1 1 1 1
staticfield org/aspectj/apache/bcel/classfile/annotation/AnnotationGen NO_ANNOTATIONS [Lorg/aspectj/apache/bcel/classfile/annotation/AnnotationGen; 0 [Lorg/aspectj/apache/bcel/classfile/annotation/AnnotationGen;
ciInstanceKlass org/aspectj/apache/bcel/classfile/CodeException 1 1 153 10 7 12 1 1 1 10 12 1 10 12 1 10 12 1 10 12 1 1 10 7 12 1 1 10 7 12 1 1 9 12 1 1 9 12 1 9 12 1 9 12 1 11 100 12 1 1 1 10 100 12 1 1 1 100 1 10 8 1 10 12 1 1 10 12 1 8 1 8 1 8 1 8 1 10 12 1 1 8 1 100 1 10 100 12 1 1 1 10 100 12 1 1 1 8 1 8 1 8 1 10 12 1 10 12 1 1 100 1 100 1 100 1 100 1 1 1 1 1 1 1 1 1 1 1 100 1 1 1 1 1 1 1 1 1 1 1 1 1 1 1 1 1 1 1 100 1 1 1 1 1 1
ciInstanceKlass org/aspectj/apache/bcel/classfile/LocalVariable 1 1 165 10 7 12 1 1 1 10 12 1 10 12 1 10 12 1 10 12 1 10 12 1 1 10 12 1 1 10 7 12 1 1 10 7 12 1 1 9 12 1 1 9 12 1 9 12 1 9 12 1 9 12 1 9 12 1 1 11 100 12 1 1 1 10 100 12 1 1 1 100 1 10 7 12 1 1 1 7 1 10 12 1 1 10 12 1 10 12 1 10 100 12 1 1 1 100 1 10 8 1 10 12 1 1 10 12 1 8 1 8 1 8 1 8 1 8 1 10 12 1 10 12 1 1 100 1 100 1 100 1 1 1 1 1 1 1 1 1 1 1 100 1 1 1 1 1 1 1 1 1 1 1 1 1 1 1 1 1 1 1 1 1 1 1 1
ciInstanceKlass org/aspectj/apache/bcel/classfile/Utility 1 1 627 10 100 12 1 1 1 10 7 12 1 1 1 7 1 10 100 1 10 12 1 1 9 12 1 1 10 12 1 1 8 1 10 12 1 1 10 7 12 1 1 8 1 8 1 10 12 1 100 1 10 12 1 10 12 1 1 10 12 1 1 10 12 1 10 12 1 8 1 10 12 1 1 10 12 1 100 1 9 100 12 1 1 1 10 100 12 1 1 1 10 12 1 100 1 8 1 10 12 1 10 12 10 12 1 10 12 1 1 10 12 1 1 10 12 1 10 12 1 1 10 12 1 1 10 12 1 8 1 10 12 1 10 12 1 1 10 12 1 8 1 10 8 1 10 12 1 1 10 12 1 1 8 1 10 12 1 1 10 7 12 1 1 10 100 12 1 1 1 10 100 12 1 1 8 1 8 1 10 12 1 1 8 1 8 1 10 12 1 10 12 1 100 1 10 10 12 1 8 1 8 1 10 12 1 10 12 1 10 12 1 9 12 1 10 12 1 9 12 1 1 9 12 1 9 12 1 9 12 1 9 12 1 9 12 1 8 1 8 1 8 1 10 12 1 9 12 1 9 12 1 8 1 10 12 1 1 9 12 1 8 1 8 1 10 12 1 10 12 1 1 10 12 1 1 10 100 12 1 10 12 10 12 1 10 12 1 1 8 1 8 1 8 1 8 1 8 1 11 7 12 1 1 11 12 1 1 11 100 12 1 1 1 11 12 1 1 100 1 10 12 1 100 1 10 100 1 10 12 1 10 12 1 10 12 1 1 10 12 1 10 12 1 1 8 1 10 100 12 1 1 8 1 100 1 10 100 1 10 12 1 11 12 1 100 1 10 8 1 10 12 1 8 1 8 1 100 1 10 100 1 10 9 100 12 1 1 1 11 12 1 1 100 8 1 8 1 10 12 1 9 12 1 10 12 1 1 8 1 10 12 1 8 1 8 1 8 1 8 1 8 1 8 1 10 12 1 1 9 12 1 1 10 12 1 8 1 8 1 8 1 9 12 1 8 1 10 12 1 1 8 1 8 1 10 12 8 1 10 12 1 8 1 9 12 1 1 9 12 1 1 8 1 10 12 1 10 7 12 1 1 1 1 1 1 1 1 1 1 1 1 1 1 1 1 1 1 1 1 1 1 1 1 1 1 1 1 1 1 1 1 1 1 1 1 1 1 1 1 1 1 1 1 1 1 1 1 1 1 1 1 1 1 1 1 1 1 1 1 1 1 1 1 1 1 1 1 1 1 1 1 1 1 1 1 100 1 1 1 1 1 1 1 1 1 1 1 1 1 1 1 1 1 1 1 1 1 1 1 1 1 1 1 100 1 1 1 1 1 1 1 1 1 1 1 1 1 1 100 100 1 1 1 1 1 1 1 1 1 1 1 1 1 1 1 1 1 1 1 1 1 1 1 1 1 1 1
instanceKlass org/aspectj/apache/bcel/generic/RET
instanceKlass org/aspectj/apache/bcel/generic/InstructionBranch
instanceKlass org/aspectj/apache/bcel/generic/InstructionLV
instanceKlass org/aspectj/apache/bcel/generic/InstructionCP
instanceKlass org/aspectj/apache/bcel/generic/InstructionShort
instanceKlass org/aspectj/apache/bcel/generic/InstructionByte
ciInstanceKlass org/aspectj/apache/bcel/generic/Instruction 1 1 340 10 7 12 1 1 1 9 7 12 1 1 1 10 100 12 1 1 1 9 7 12 1 1 1 9 7 12 1 1 1 10 12 1 1 100 1 9 100 12 1 1 1 10 100 12 1 1 1 10 7 12 1 1 1 7 1 10 12 1 1 10 12 1 7 1 10 12 1 1 10 12 1 7 1 10 12 1 10 12 1 7 1 10 7 1 10 12 1 7 1 10 10 12 1 100 1 10 12 1 100 1 10 100 1 10 12 1 7 1 10 7 1 10 7 1 10 12 1 7 1 10 12 1 100 1 10 12 1 100 1 8 1 10 12 1 100 1 10 12 1 1 9 12 1 1 9 12 1 1 9 12 1 9 12 1 1 100 1 10 10 12 1 1 100 1 100 1 10 8 1 10 12 1 1 10 12 1 10 10 10 12 1 1 9 12 1 1 8 1 10 12 1 8 1 10 12 1 8 1 9 12 1 1 5 0 10 100 12 1 1 1 100 1 8 1 10 8 1 10 100 12 1 1 9 5 0 5 0 5 0 5 0 5 0 5 0 100 1 10 12 1 1 100 1 5 0 5 0 8 1 8 1 10 12 1 10 7 12 1 1 1 100 1 100 1 1 1 1 1 1 1 1 1 1 1 1 100 1 1 1 1 1 1 1 1 1 1 1 1 1 1 1 1 1 1 1 1 1 1 1 1 1 1 1 1 1 1 1 1 1 1 100 1 1 1 1 1 1 1 1 1 1 1 1 1 1 1 1 1 1 1 1 1 1 1 1 1 1 1
staticfield org/aspectj/apache/bcel/generic/Instruction $assertionsDisabled Z 0
ciInstanceKlass org/aspectj/apache/bcel/generic/InstructionTargeter 1 0 11 100 1 100 1 1 1 1 1 1 1
instanceKlass org/aspectj/apache/bcel/generic/InstructionSelect
ciInstanceKlass org/aspectj/apache/bcel/generic/InstructionBranch 1 1 227 10 7 12 1 1 1 7 1 9 12 1 1 10 12 1 1 10 12 1 1 10 100 12 1 1 1 9 12 1 1 100 1 100 1 100 1 10 12 1 8 1 10 12 1 1 10 12 1 1 10 100 12 1 1 8 1 10 12 1 8 1 10 12 1 10 12 1 10 100 12 1 1 1 10 12 1 10 12 1 100 1 8 1 10 9 12 1 1 8 1 10 12 1 8 1 10 7 12 1 1 9 12 1 8 1 8 1 8 1 10 12 1 1 8 1 8 1 8 1 8 1 10 12 1 1 10 12 1 1 10 12 1 8 1 10 12 1 8 1 9 12 1 1 5 0 100 1 10 12 1 1 10 12 10 12 1 1 10 12 1 10 12 1 100 1 8 1 10 5 0 100 1 1 1 3 1 1 1 1 1 1 1 1 1 1 1 1 1 1 1 100 1 1 1 1 1 1 1 1 1 1 1 1 1 1 1 1 1 1 1 1 1 1 1 1 1 1 1 1 1 1 1 1 1 1 1
instanceKlass org/aspectj/apache/bcel/generic/BranchHandle
ciInstanceKlass org/aspectj/apache/bcel/generic/InstructionHandle 1 1 132 10 7 12 1 1 1 9 7 12 1 1 1 10 7 12 1 1 1 9 12 1 1 10 12 1 1 10 12 9 12 1 1 9 12 1 9 12 1 1 10 100 12 1 1 10 12 1 11 7 12 1 1 11 12 1 1 9 12 1 7 1 10 11 12 1 11 12 1 1 10 12 1 100 1 10 10 100 12 1 1 1 10 12 1 1 8 1 10 12 1 1 10 12 1 10 100 1 1 1 1 1 1 1 1 1 1 1 1 1 1 1 1 1 1 1 1 1 1 1 1 1 1 1 1 1 1 1 1 1 1 1
ciInstanceKlass org/aspectj/apache/bcel/generic/BranchHandle 1 1 66 10 7 12 1 1 1 9 7 12 1 1 1 10 12 1 9 7 12 1 1 1 9 12 1 10 12 1 1 10 12 1 1 10 12 1 1 10 12 1 1 10 12 1 1 1 1 1 1 1 1 1 1 1 1 1 1 1 1 1 1 1 1 1 1 1
instanceKlass org/aspectj/apache/bcel/generic/LineNumberTag
instanceKlass org/aspectj/apache/bcel/generic/LocalVariableTag
ciInstanceKlass org/aspectj/apache/bcel/generic/Tag 1 1 55 10 7 12 1 1 1 10 7 12 1 1 1 10 12 1 10 12 1 1 100 1 100 1 100 1 8 1 10 12 1 100 1 100 1 1 1 1 1 1 1 1 1 1 1 1 1 1 1 1 1 1 1 1 1
ciInstanceKlass org/aspectj/apache/bcel/generic/LocalVariableTag 1 1 89 10 7 12 1 1 1 9 7 12 1 1 1 9 12 1 1 9 12 1 1 9 12 1 9 12 1 9 12 1 9 12 1 1 100 1 10 8 1 10 12 1 1 10 12 1 8 1 8 1 10 12 1 1 10 7 12 1 1 1 10 12 1 1 1 1 1 1 1 1 1 1 1 1 1 1 1 1 1 1 1 1 1 1 1 1 1 1 1
ciInstanceKlass org/aspectj/apache/bcel/generic/InstructionList 1 1 595 9 7 12 1 1 1 10 7 12 1 1 1 9 12 1 9 12 1 1 10 12 1 1 10 12 1 1 10 12 1 1 9 12 1 1 10 12 1 7 1 10 12 1 7 1 10 12 1 1 10 12 1 10 7 12 1 1 1 7 1 10 12 1 10 12 1 1 100 1 100 1 10 12 1 1 10 12 1 10 7 12 1 1 1 7 1 9 12 1 1 9 12 1 10 100 1 10 8 1 10 12 1 10 12 1 10 10 12 1 1 7 1 10 12 1 1 8 1 10 12 1 9 12 1 1 100 1 10 10 12 1 1 9 12 1 9 12 1 10 12 1 10 12 1 8 1 8 1 10 12 1 10 12 1 10 12 9 100 12 1 1 9 12 1 9 12 1 10 12 1 10 12 1 10 12 1 10 8 1 10 12 1 10 12 1 10 12 1 10 12 10 12 8 1 8 1 8 1 8 1 10 12 1 1 100 1 10 10 12 1 1 10 12 1 8 1 10 10 12 1 1 11 100 12 1 1 1 11 100 12 1 1 11 12 1 100 1 11 12 1 1 10 7 12 1 1 8 1 10 100 12 1 1 1 11 8 1 11 8 1 9 12 1 1 11 10 100 12 1 1 1 11 100 12 1 1 1 10 12 1 8 1 10 8 1 11 11 12 1 11 12 1 1 100 1 10 12 1 10 12 1 1 10 12 1 1 10 12 1 1 10 12 1 9 12 1 1 10 12 1 10 12 1 1 10 12 1 1 10 12 1 1 8 1 9 100 12 1 1 1 8 1 8 1 10 12 1 8 1 8 1 10 12 100 1 10 100 1 10 12 1 10 12 1 1 9 12 1 10 12 1 1 3 8 1 10 12 1 10 12 1 10 8 1 100 1 10 12 1 100 1 10 10 12 1 10 12 1 1 10 12 1 1 10 12 1 100 1 10 10 100 12 1 1 1 10 12 1 1 10 12 1 10 100 12 1 1 10 12 1 10 12 1 10 12 1 10 100 12 1 1 10 12 1 10 12 1 10 12 1 10 12 1 10 12 1 10 12 1 100 1 1 1 1 1 1 1 1 1 1 1 1 1 1 1 1 1 1 1 1 1 1 1 1 1 1 1 1 1 1 1 1 1 1 1 1 100 100 100 1 1 1 1 1 1 1 1 1 1 1 1 1 1 1 1 1 1 1 1 1 1 1 1 1 1 1 1 1 1 1 1 1 1 1 1 1 1 1 1 1 1 1 1 1 1 1 1 1 1 1 1 1 1 1 1 1 1 1 1 1 1 1 1 1 1 1 1 1 1 1 1 1 1 1 1 1 1 1 1 1 100 1 1 1 1 1 1 100 1 1 1 1 1 1
staticfield org/aspectj/apache/bcel/generic/InstructionList $assertionsDisabled Z 0
instanceKlass org/aspectj/apache/bcel/generic/FieldGen
instanceKlass org/aspectj/apache/bcel/generic/MethodGen
ciInstanceKlass org/aspectj/apache/bcel/generic/FieldGenOrMethodGen 1 1 128 10 7 12 1 1 1 7 1 10 9 7 12 1 1 1 9 12 1 9 12 1 1 9 12 1 1 9 12 1 1 11 7 12 1 1 1 11 12 1 11 12 1 11 12 1 1 7 1 11 12 1 1 10 7 12 1 1 1 11 100 12 1 1 1 11 100 12 1 1 1 11 12 1 1 10 12 1 1 1 1 1 1 1 1 1 1 1 1 1 1 1 1 1 1 1 1 1 1 1 1 1 1 1 1 1 1 1 1 1 1 1 1 1 1 1 1 1 1 1 1 1 1 1 1 1 1 1
ciInstanceKlass org/aspectj/apache/bcel/generic/MethodGen 1 1 830 10 7 12 1 1 1 9 7 12 1 1 1 7 1 10 9 12 1 1 9 12 1 9 12 1 1 9 12 1 9 12 1 9 12 1 1 9 12 1 9 12 1 9 12 1 1 9 12 1 1 9 12 1 1 9 12 1 1 9 12 1 9 12 1 1 9 12 1 1 10 12 1 10 7 12 1 1 1 10 12 1 1 10 12 1 1 10 12 1 1 100 1 7 1 10 12 1 1 10 7 12 1 1 10 12 1 10 12 1 10 12 1 1 10 12 1 10 12 1 1 10 12 1 10 12 1 10 12 1 1 10 12 1 1 10 7 12 1 1 10 12 1 1 10 7 12 1 1 1 7 1 10 12 1 10 12 1 10 12 1 1 10 12 1 1 10 7 12 1 1 10 12 1 10 12 1 10 12 1 1 10 7 1 10 12 1 1 10 7 12 1 1 7 1 10 12 10 10 12 1 10 12 1 1 10 12 1 1 7 1 10 12 1 1 10 7 12 1 1 10 7 12 1 1 1 7 1 10 10 12 1 10 10 12 1 10 12 1 10 12 1 9 12 1 10 12 1 10 12 1 10 12 1 10 12 1 10 12 1 10 12 1 1 10 12 1 1 7 1 10 12 1 1 10 12 1 7 1 10 12 1 1 9 12 1 11 7 12 1 1 1 10 12 1 100 1 10 12 1 11 12 1 1 11 12 1 1 11 12 1 1 11 12 1 11 12 1 10 10 12 1 1 11 12 1 11 12 1 1 10 10 12 1 1 10 10 12 1 10 12 1 1 10 12 1 1 8 1 10 12 1 1 10 12 1 100 1 10 12 1 11 12 1 1 10 12 1 8 1 10 12 1 100 1 8 1 10 7 1 10 12 1 10 10 10 10 10 10 10 12 1 1 100 1 7 1 10 12 1 8 1 10 12 1 9 12 1 1 10 100 12 1 1 1 100 1 10 10 12 1 100 1 100 1 100 1 10 8 1 10 12 1 1 10 12 1 8 1 10 10 12 1 10 12 1 9 12 1 10 12 1 10 12 1 10 12 1 10 10 12 1 10 12 1 1 10 12 11 12 1 1 11 100 12 1 1 11 12 1 1 10 12 1 8 1 9 12 1 10 12 1 10 12 1 1 10 12 1 10 12 1 10 12 1 10 12 1 10 12 1 10 12 1 1 10 12 10 100 12 1 10 12 1 1 10 12 1 1 10 12 1 10 12 1 10 12 1 10 12 1 1 100 1 100 1 10 100 1 10 12 1 100 1 10 10 12 10 12 1 9 12 1 1 10 12 1 1 10 12 1 100 1 100 1 10 12 1 10 12 1 10 12 1 10 12 1 1 9 100 12 1 1 1 9 12 1 10 12 1 10 12 1 1 10 10 8 1 10 12 1 100 1 10 12 1 10 12 1 1 100 1 10 10 12 1 1 1 1 1 1 1 1 1 1 1 1 1 1 1 1 1 1 1 1 1 1 1 1 1 1 1 1 1 1 1 1 1 1 1 1 1 1 1 1 1 1 1 1 1 1 1 1 1 1 1 1 1 1 1 1 1 1 1 1 1 1 1 1 1 1 100 100 100 100 100 100 1 1 1 1 1 1 1 1 1 1 1 1 100 1 1 1 1 1 1 1 1 1 1 1 1 1 1 1 1 1 1 1 1 1 1 1 1 1 1 100 1 1 1 1 1 1 1 1 1 1 1 1 1 1 1 1 1 1 1 1 100 1 1 1 1 1 1 1 1 1 1 1 1 1 1 1 1 1 1 1 1 1 1 1 1 1 1 1 1 1 1 1 1 1 1 1 1 1 1 1 1 1 100 1 1 1 1 1 1 1 1 1 1 1 1 1 100 1 1 1 1 1 1 1 1 1 1 1 1 1 1 1 1
ciInstanceKlass org/aspectj/apache/bcel/classfile/LineNumber 1 1 90 10 7 12 1 1 1 10 12 1 10 12 1 1 10 7 12 1 1 10 7 12 1 1 9 12 1 1 9 12 1 11 100 12 1 1 1 10 100 12 1 1 1 100 1 10 8 1 10 12 1 1 10 12 1 8 1 8 1 10 12 1 1 10 12 100 1 1 1 1 1 1 1 1 1 1 1 100 1 1 1 1 1 1 1 1 1 1 1 1
ciInstanceKlass org/aspectj/apache/bcel/generic/LineNumberTag 1 1 45 10 7 12 1 1 1 9 7 12 1 1 1 100 1 10 8 1 10 12 1 1 10 12 1 10 12 1 1 1 1 1 1 1 1 1 1 1 1 1 1 1 1 1 1
ciInstanceKlass org/aspectj/apache/bcel/generic/CodeExceptionGen 1 1 152 10 7 12 1 1 1 10 7 12 1 1 1 10 12 1 10 12 1 9 12 1 1 100 1 9 12 1 1 10 100 12 1 1 1 9 12 1 10 12 1 1 10 100 12 1 1 9 12 1 10 100 12 1 1 1 10 12 1 10 7 12 1 1 1 100 1 100 1 10 8 1 10 12 1 1 10 12 1 8 1 8 1 8 1 10 12 1 1 10 12 1 8 1 8 1 10 12 1 1 100 1 9 100 12 1 1 1 10 100 12 1 1 1 100 1 100 1 100 1 1 1 1 1 1 1 1 1 1 1 1 1 1 1 1 1 1 1 1 1 1 1 1 1 1 1 1 1 1 1 1 1
ciInstanceKlass java/lang/reflect/ProxyGenerator$ConstantPool$IndirectEntry 1 1 63 7 10 9 9 9 10 10 7 7 1 1 1 1 1 1 1 1 1 1 1 100 1 1 1 1 1 1 1 1 1 1 1 1 100 1 1 1 1 1 1 1 1 1 1 1 12 12 12 12 7 12 12 1 1 1 1 1 1 1 1 1 1
ciMethod java/lang/Object <init> ()V 4097 1 990251 0 96
ciMethod java/lang/Object hashCode ()I 2049 1 256 0 -1
ciMethod java/lang/Object equals (Ljava/lang/Object;)Z 3073 1 5702 0 -1
ciMethod java/lang/String length ()I 2057 1 633268 0 64
ciMethod java/lang/String charAt (I)C 2385 1 1239924 0 128
ciMethod java/lang/String equals (Ljava/lang/Object;)Z 74665 1 8603 0 416
ciMethod java/lang/String hashCode ()I 2145 1 9000 0 352
ciMethod java/lang/String indexOf (I)I 32777 1 140367 0 384
ciMethod java/lang/String indexOf (II)I 33769 1 112069 0 448
ciMethod java/lang/String substring (I)Ljava/lang/String; 761 1 21656 0 1120
ciMethod java/lang/String substring (II)Ljava/lang/String; 344873 1 48512 0 0
ciMethod java/lang/String replace (CC)Ljava/lang/String; 2177 1 5494 0 1440
ciMethod java/lang/String <init> ([BB)V 2057 1 106171 0 256
ciMethod java/lang/String coder ()B 2225 1 764464 0 32
ciMethod java/lang/String isLatin1 ()Z 3153 1 1479406 0 64
ciMethod java/lang/String checkBoundsBeginEnd (III)V 2097 1 6432 0 128
ciMethod java/lang/System arraycopy (Ljava/lang/Object;ILjava/lang/Object;II)V 2049 1 256 0 -1
ciMethod java/lang/RuntimeException <init> (Ljava/lang/String;)V 0 0 35 0 -1
ciMethod java/util/Map get (Ljava/lang/Object;)Ljava/lang/Object; 0 0 1 0 -1
ciMethod java/lang/AbstractStringBuilder <init> (I)V 1057 1 7801 0 448
ciMethod java/lang/AbstractStringBuilder ensureCapacityInternal (I)V 2049 1 6323 0 -1
ciMethod java/lang/AbstractStringBuilder append (Ljava/lang/String;)Ljava/lang/AbstractStringBuilder; 1785 1 6138 0 1344
ciMethod java/lang/AbstractStringBuilder appendNull ()Ljava/lang/AbstractStringBuilder; 0 0 1 0 -1
ciMethod java/lang/AbstractStringBuilder append (C)Ljava/lang/AbstractStringBuilder; 1034049 1 127638 0 -1
ciMethod java/lang/AbstractStringBuilder isLatin1 ()Z 2113 1 126944 0 0
ciMethod java/lang/AbstractStringBuilder putStringAt (ILjava/lang/String;)V 2817 1 6138 0 -1
ciMethod java/lang/StringBuilder <init> ()V 1057 1 60290 0 384
ciMethod java/lang/StringBuilder append (Ljava/lang/Object;)Ljava/lang/StringBuilder; 377 1 257 0 -1
ciMethod java/lang/StringBuilder append (Ljava/lang/String;)Ljava/lang/StringBuilder; 1785 1 181849 0 1376
ciMethod java/lang/StringBuilder append (C)Ljava/lang/StringBuilder; 2169 1 224657 0 1184
ciMethod java/lang/StringBuilder append (I)Ljava/lang/StringBuilder; 145 1 20051 0 -1
ciMethod java/lang/StringBuilder toString ()Ljava/lang/String; 1057 1 74935 0 992
ciMethod java/io/ByteArrayInputStream <init> ([B)V 65 1 4019 0 0
ciMethod java/io/InputStream <init> ()V 961 1 14427 0 0
ciMethod java/io/InputStream read ()I 0 0 1 0 -1
ciMethod java/io/InputStream close ()V 0 0 1 0 -1
ciMethod java/util/Collection toArray ()[Ljava/lang/Object; 0 0 1 0 -1
ciMethod java/util/Set add (Ljava/lang/Object;)Z 0 0 1 0 -1
ciMethod java/util/Set remove (Ljava/lang/Object;)Z 0 0 1 0 -1
ciMethod java/util/AbstractCollection <init> ()V 2081 1 202021 0 32
ciMethod java/util/HashSet <init> ()V 2713 1 42068 0 0
ciMethod java/util/HashSet add (Ljava/lang/Object;)Z 81625 1 19051 0 480
ciMethod java/util/AbstractSet <init> ()V 3073 1 68304 0 0
ciMethod java/util/HashMap hash (Ljava/lang/Object;)I 2049 1 60655 0 160
ciMethod java/util/HashMap <init> ()V 3537 1 54247 0 0
ciMethod java/util/HashMap get (Ljava/lang/Object;)Ljava/lang/Object; 30777 1 34002 0 512
ciMethod java/util/HashMap getNode (ILjava/lang/Object;)Ljava/util/HashMap$Node; 111353 2969 34669 0 0
ciMethod java/util/HashMap put (Ljava/lang/Object;Ljava/lang/Object;)Ljava/lang/Object; 3913 1 15744 0 224
ciMethod java/util/HashMap putVal (ILjava/lang/Object;Ljava/lang/Object;ZZ)Ljava/lang/Object; 150257 1761 63759 0 3392
ciMethod java/util/HashMap resize ()[Ljava/util/HashMap$Node; 145 3121 4434 0 -1
ciMethod java/util/HashMap treeifyBin ([Ljava/util/HashMap$Node;I)V 0 0 1 0 -1
ciMethod java/util/HashMap newNode (ILjava/lang/Object;Ljava/lang/Object;Ljava/util/HashMap$Node;)Ljava/util/HashMap$Node; 3569 1 6255 0 -1
ciMethod java/util/HashMap afterNodeAccess (Ljava/util/HashMap$Node;)V 1433 1 179 0 -1
ciMethod java/util/HashMap afterNodeInsertion (Z)V 4097 1 5460 0 -1
ciMethod java/util/AbstractMap <init> ()V 3777 1 56363 0 32
ciMethod java/lang/StringLatin1 charAt ([BI)C 2385 1 1209545 0 96
ciMethod java/lang/StringLatin1 canEncode (I)Z 1057 1 108214 0 64
ciMethod java/lang/StringLatin1 equals ([B[B)Z 2193 2241 5896 0 -1
ciMethod java/lang/StringLatin1 hashCode ([B)I 1153 22617 1296 0 320
ciMethod java/lang/StringLatin1 indexOf ([BII)I 1033 31521 1710 0 384
ciMethod java/lang/StringLatin1 replace ([BCC)Ljava/lang/String; 889 41033 849 0 1248
ciMethod java/lang/StringLatin1 newString ([BII)Ljava/lang/String; 2057 1 100376 0 0
ciMethod java/lang/StringLatin1 inflate ([BI[BII)V 0 0 1 0 -1
ciMethod java/util/List add (Ljava/lang/Object;)Z 0 0 1 0 -1
ciMethod java/util/List addAll (Ljava/util/Collection;)Z 0 0 1 0 -1
ciMethod java/lang/Math min (II)I 2065 1 46287 0 -1
ciMethod java/io/FilterInputStream <init> (Ljava/io/InputStream;)V 481 1 7270 0 0
ciMethod java/io/FilterInputStream close ()V 3145 1 4876 0 0
ciMethod java/util/Arrays copyOfRange ([BII)[B 2057 1 5512 0 576
ciMethodData java/lang/Object <init> ()V 2 990251 orig 80 0 2 0 0 1 0 0 0 0 0 0 0 0 0 0 0 0 0 0 0 0 0 0 0 0 0 0 0 0 0 0 0 0 0 0 0 0 0 0 0 0 0 0 0 0 0 0 0 0 0 0 0 0 0 0 0 0 0 0 0 0 0 0 0 0 0 0 0 0 0 0 0 0 0 0 0 0 0 0 0 data 4 0x0 0x9 0x1 0x0 oops 0 methods 0
ciMethod java/util/ArrayList <init> ()V 2057 1 127830 0 -1
ciMethod java/util/ArrayList grow (I)[Ljava/lang/Object; 233 1 12849 0 -1
ciMethod java/util/ArrayList add (Ljava/lang/Object;)Z 2049 1 42938 0 -1
ciMethod java/util/ArrayList addAll (Ljava/util/Collection;)Z 313 1 17069 0 0
ciMethodData java/lang/StringLatin1 hashCode ([B)I 2 41676 orig 80 248 10 0 0 0 0 0 0 0 0 0 0 0 0 0 0 0 0 0 0 0 0 0 0 0 0 0 0 0 0 0 0 0 0 0 0 0 0 0 0 0 0 0 0 0 0 0 0 0 0 0 0 0 0 0 0 0 0 0 0 0 0 0 0 0 0 0 0 0 0 0 0 0 0 0 0 0 0 0 0 data 14 0xd0007 0x480 0x38 0x97c1 0x250003 0x97c1 0xffffffffffffffe0 0x0 0x0 0x0 0x0 0x9 0x1 0x0 oops 0 methods 0
ciMethodData java/lang/String isLatin1 ()Z 2 1479406 orig 80 138 1 0 0 0 0 0 0 0 0 0 0 0 0 0 0 0 0 0 0 0 0 0 0 0 0 0 0 0 0 0 0 0 0 0 0 0 0 1 0 0 0 0 0 0 0 0 0 0 0 0 0 0 0 0 0 0 0 0 0 0 0 0 0 0 0 0 0 0 0 0 0 0 0 0 0 0 0 0 0 data 18 0x30007 0x0 0x58 0x169165 0x80000006000a0007 0x7 0x38 0x16915f 0xe0003 0x169160 0x18 0x0 0x0 0x0 0x0 0x9 0x1 0x0 oops 0 methods 0
ciMethodData java/lang/String coder ()B 2 764477 orig 80 22 1 0 0 0 0 0 0 0 0 0 0 0 0 0 0 0 0 0 0 0 0 0 0 0 0 0 0 0 0 0 0 0 0 0 0 0 0 0 0 0 0 0 0 0 0 0 0 0 0 0 0 0 0 0 0 0 0 0 0 0 0 0 0 0 0 0 0 0 0 0 0 0 0 0 0 0 0 0 0 data 14 0x30007 0x0 0x38 0xba928 0xa0003 0xba928 0x18 0x0 0x0 0x0 0x0 0x9 0x1 0x0 oops 0 methods 0
ciMethodData java/lang/String hashCode ()I 2 9000 orig 80 12 1 0 0 0 0 0 0 0 0 0 0 0 0 0 0 0 0 0 0 0 0 0 0 0 0 0 0 0 0 0 0 0 0 0 0 0 0 0 0 0 0 0 0 0 0 0 0 0 0 0 0 0 0 0 0 0 0 0 0 0 0 0 0 0 0 0 0 0 0 0 0 0 0 0 0 0 0 0 0 data 35 0x60007 0x1b4c 0xd0 0x6d0 0xe0007 0x4 0xb0 0x6cc 0x130005 0x6cc 0x0 0x0 0x0 0x0 0x0 0x160007 0x0 0x48 0x6cc 0x1d0002 0x6cc 0x200003 0x6cc 0x28 0x270002 0x0 0x0 0x0 0x0 0x0 0x0 0x0 0x9 0x1 0x0 oops 0 methods 0
ciMethodData java/lang/String equals (Ljava/lang/Object;)Z 2 8603 orig 80 19 1 0 0 0 0 0 0 0 0 0 0 0 0 0 0 0 0 0 0 0 0 0 0 0 0 0 0 0 0 0 0 0 0 0 0 0 0 0 0 0 0 0 0 0 0 0 0 0 0 0 0 0 0 0 0 0 0 0 0 0 0 0 0 0 0 0 0 0 0 0 0 0 0 0 0 0 0 0 0 data 68 0x20007 0x1d5c 0x20 0x32c 0x80104 0x0 0x0 0x14faff658e0 0x15f8 0x0 0x0 0xb0007 0x764 0x178 0x15f8 0xf0004 0x0 0x0 0x14faff658e0 0x15f8 0x0 0x0 0x140005 0x15f8 0x0 0x0 0x0 0x0 0x0 0x180005 0x15f8 0x0 0x0 0x0 0x0 0x0 0x1b0007 0x0 0xb0 0x15f8 0x1f0005 0x15f8 0x0 0x0 0x0 0x0 0x0 0x220007 0x0 0x48 0x15f8 0x2d0002 0x15f8 0x300003 0x15f8 0x28 0x3b0002 0x0 0x0 0x0 0x0 0x0 0x0 0x0 0x9 0x2 0x0 0x0 oops 2 7 java/lang/String 18 java/lang/String methods 0
ciMethodData java/util/AbstractCollection <init> ()V 2 202021 orig 80 4 1 0 0 0 0 0 0 0 0 0 0 0 0 0 0 0 0 0 0 0 0 0 0 0 0 0 0 0 0 0 0 0 0 0 0 0 0 0 0 0 0 0 0 0 0 0 0 0 0 0 0 0 0 0 0 0 0 0 0 0 0 0 0 0 0 0 0 0 0 0 0 0 0 0 0 0 0 0 0 data 7 0x10002 0x31421 0x0 0x0 0x9 0x1 0x0 oops 0 methods 0
ciMethod java/util/HashMap$TreeNode getTreeNode (ILjava/lang/Object;)Ljava/util/HashMap$TreeNode; 0 0 1 0 -1
ciMethod java/util/HashMap$TreeNode putTreeVal (Ljava/util/HashMap;[Ljava/util/HashMap$Node;ILjava/lang/Object;Ljava/lang/Object;)Ljava/util/HashMap$TreeNode; 0 0 1 0 -1
ciMethodData java/lang/String charAt (I)C 2 1239924 orig 80 42 1 0 0 1 0 0 0 0 0 0 0 0 0 0 0 0 0 0 0 0 0 0 0 0 0 0 0 0 0 0 0 0 0 0 0 0 0 0 0 0 0 0 0 0 0 0 0 0 0 0 0 0 0 0 0 0 0 0 0 0 0 0 0 0 0 0 0 0 0 0 0 0 0 0 0 0 0 0 0 data 25 0x10005 0x12ea4c 0x0 0x0 0x0 0x0 0x0 0x40007 0x6 0x30 0x12ea48 0xc0002 0x12ea4a 0x150002 0x6 0x0 0x0 0x0 0x0 0x0 0x0 0x9 0x2 0x0 0x0 oops 0 methods 0
ciMethodData java/lang/StringLatin1 charAt ([BI)C 2 1209545 orig 80 42 1 0 0 0 0 0 0 0 0 0 0 0 0 0 0 0 0 0 0 0 0 0 0 0 0 0 0 0 0 0 0 0 0 0 0 0 0 0 0 0 0 0 0 0 0 0 0 0 0 0 0 0 0 0 0 0 0 0 0 0 0 0 0 0 0 0 0 0 0 0 0 0 0 0 0 0 0 0 0 data 18 0x10007 0x0 0x40 0x1273e5 0x70007 0x1273e5 0x30 0x0 0xf0002 0x0 0x0 0x0 0x0 0x0 0x9 0x2 0x0 0x0 oops 0 methods 0
ciMethod java/lang/StringUTF16 newBytesFor (I)[B 0 0 3 0 -1
ciMethod java/lang/StringUTF16 putChar ([BII)V 705 1 68 0 -1
ciMethod java/lang/StringUTF16 getChar ([BI)C 2049 1 5376 0 -1
ciMethod java/lang/StringUTF16 compress ([BII)[B 689 1 86 0 -1
ciMethod java/lang/StringUTF16 equals ([B[B)Z 0 0 1 0 -1
ciMethod java/lang/StringUTF16 hashCode ([B)I 0 0 1 0 -1
ciMethod java/lang/StringUTF16 indexOf ([BII)I 0 0 88 0 0
ciMethod java/lang/StringUTF16 indexOfChar ([BIII)I 697 1 87 0 -1
ciMethod java/lang/StringUTF16 indexOfSupplementary ([BIII)I 0 0 1 0 -1
ciMethod java/lang/StringUTF16 replace ([BCC)Ljava/lang/String; 0 0 1 0 -1
ciMethod java/lang/StringUTF16 newString ([BII)Ljava/lang/String; 0 0 86 0 0
ciMethod java/lang/StringUTF16 charAt ([BI)C 0 0 9 0 0
ciMethod java/lang/StringUTF16 checkIndex (I[B)V 0 0 25 0 -1
ciMethodData java/lang/StringLatin1 indexOf ([BII)I 2 39869 orig 80 100 15 0 0 0 0 0 0 0 0 0 0 0 0 0 0 0 0 0 0 0 0 0 0 0 0 0 0 0 0 0 0 0 0 0 0 0 0 0 0 0 0 0 0 0 0 0 0 0 0 0 0 0 0 0 0 0 0 0 0 0 0 0 0 0 0 0 0 0 0 0 0 0 0 0 0 0 0 0 0 data 39 0x10002 0x62d 0x40007 0x62d 0x20 0x0 0xd0007 0x62d 0x38 0x0 0x120003 0x0 0x38 0x170007 0x5ad 0x20 0x80 0x260007 0x5a7 0x58 0x8c5f 0x2f0007 0x8c59 0x20 0x6 0x380003 0x8c59 0xffffffffffffffc0 0x0 0x0 0x0 0x0 0x0 0x0 0x9 0x3 0x0 0x0 0x0 oops 0 methods 0
ciMethodData java/lang/StringLatin1 canEncode (I)Z 2 108214 orig 80 132 0 0 0 0 0 0 0 0 0 0 0 0 0 0 0 0 0 0 0 0 0 0 0 0 0 0 0 0 0 0 0 0 0 0 0 0 0 1 0 0 0 0 0 0 0 0 0 0 0 0 0 0 0 0 0 0 0 0 0 0 0 0 0 0 0 0 0 0 0 0 0 0 0 0 0 0 0 0 0 data 11 0x8000000600040007 0x1 0x38 0x1a632 0x80003 0x1a632 0x18 0x0 0x9 0x1 0x0 oops 0 methods 0
ciMethodData java/lang/String length ()I 2 633329 orig 80 1 1 0 0 0 0 0 0 0 0 0 0 0 0 0 0 0 0 0 0 0 0 0 0 0 0 0 0 0 0 0 0 0 0 0 0 0 0 0 0 0 0 0 0 0 0 0 0 0 0 0 0 0 0 0 0 0 0 0 0 0 0 0 0 0 0 0 0 0 0 0 0 0 0 0 0 0 0 0 0 data 16 0x60005 0x9a8f1 0x0 0x0 0x0 0x0 0x0 0x0 0x0 0x0 0x0 0x0 0x0 0x9 0x1 0x0 oops 0 methods 0
ciMethodData java/util/HashMap hash (Ljava/lang/Object;)I 2 60655 orig 80 0 1 0 0 0 0 0 0 0 0 0 0 0 0 0 0 0 0 0 0 0 0 0 0 0 0 0 0 0 0 0 0 0 0 0 0 0 0 0 0 0 0 0 0 0 0 0 0 0 0 0 0 0 0 0 0 0 0 0 0 0 0 0 0 0 0 0 0 0 0 0 0 0 0 0 0 0 0 0 0 data 23 0x10007 0xebef 0x38 0x0 0x50003 0x0 0x50 0x90005 0x4670 0x0 0x14faff658e0 0xa258 0x14faff65970 0x328 0x0 0x0 0x0 0x0 0x0 0x0 0x9 0x1 0x0 oops 2 10 java/lang/String 12 java/lang/Class methods 0
ciMethodData java/lang/String indexOf (II)I 2 112069 orig 80 0 1 0 0 1 0 0 0 1 0 0 0 0 0 0 0 0 0 0 0 0 0 0 0 0 0 0 0 0 0 0 0 0 0 0 0 0 0 2 0 0 0 0 0 0 0 0 0 0 0 0 0 0 0 0 0 0 0 0 0 0 0 0 0 0 0 0 0 0 0 0 0 0 0 0 0 0 0 0 0 data 29 0x10005 0x1a548 0x0 0x0 0x0 0x0 0x0 0x8000000600040007 0x37 0x48 0x1a513 0xd0002 0x1a513 0x100003 0x1a513 0x28 0x190002 0x37 0x0 0x0 0x0 0x0 0x0 0x0 0x9 0x3 0x0 0x0 0x0 oops 0 methods 0
ciMethodData java/lang/StringUTF16 indexOf ([BII)I 1 88 orig 80 0 0 0 0 0 0 0 0 0 0 0 0 0 0 0 0 0 0 0 0 0 0 0 0 0 0 0 0 0 0 0 0 0 0 0 0 0 0 0 0 0 0 0 0 0 0 0 0 0 0 0 0 0 0 0 0 0 0 0 0 0 0 0 0 0 0 0 0 0 0 0 0 0 0 0 0 0 0 0 0 data 30 0x60007 0x58 0x38 0x0 0xb0003 0x0 0x38 0x100007 0x57 0x20 0x1 0x180007 0x0 0x30 0x57 0x1f0002 0x57 0x270002 0x0 0x0 0x0 0x0 0x0 0x0 0x0 0x9 0x3 0x0 0x0 0x0 oops 0 methods 0
ciMethodData java/lang/String indexOf (I)I 2 140370 orig 80 2 1 0 0 1 0 0 0 0 0 0 0 0 0 0 0 0 0 0 0 0 0 0 0 0 0 0 0 0 0 0 0 0 0 0 0 0 0 0 0 0 0 0 0 0 0 0 0 0 0 0 0 0 0 0 0 0 0 0 0 0 0 0 0 0 0 0 0 0 0 0 0 0 0 0 0 0 0 0 0 data 17 0x30005 0x21451 0x0 0x0 0x0 0x0 0x0 0x0 0x0 0x0 0x0 0x0 0x0 0x9 0x2 0x0 0x0 oops 0 methods 0
ciMethodData java/lang/String <init> ([BB)V 2 106181 orig 80 1 1 0 0 0 0 0 0 0 0 0 0 0 0 0 0 0 0 0 0 0 0 0 0 0 0 0 0 0 0 0 0 0 0 0 0 0 0 0 0 0 0 0 0 0 0 0 0 0 0 0 0 0 0 0 0 0 0 0 0 0 0 0 0 0 0 0 0 0 0 0 0 0 0 0 0 0 0 0 0 data 11 0x10002 0x19dc4 0x0 0x0 0x0 0x0 0x9 0x3 0xe 0x0 0x0 oops 0 methods 0
ciMethodData java/util/HashMap getNode (ILjava/lang/Object;)Ljava/util/HashMap$Node; 2 34669 orig 80 0 1 0 0 2 0 0 0 1 0 0 0 0 0 0 0 0 0 0 0 2 0 0 5 0 0 0 0 0 0 0 0 0 0 0 0 0 0 2 0 0 0 0 0 0 0 0 0 0 0 0 0 0 0 0 0 0 0 0 0 0 0 0 0 0 0 0 0 0 0 0 0 0 0 0 0 0 0 0 0 data 102 0x60007 0x241 0x2d8 0x6dc8 0xe0007 0x0 0x2b8 0x6dc8 0x1c0007 0x213e 0x298 0x4c8a 0x250007 0x1a0c 0xb8 0x327e 0x310007 0x2507 0x98 0xd77 0x350007 0x0 0x78 0xd77 0x3b0005 0x2e6 0x0 0x14faff658e0 0xa86 0x14fd52119e0 0xb 0x80000006003e0007 0x65 0x20 0xd14 0x4c0007 0xa2c 0x1c0 0x1045 0x510004 0xffffffffffffefbb 0x0 0x14fd22dd160 0x24 0x0 0x0 0x540007 0x1045 0x90 0x0 0x590004 0x0 0x0 0x0 0x0 0x0 0x0 0x5e0005 0x0 0x0 0x0 0x0 0x0 0x0 0x680007 0x7f8 0xb8 0xa26 0x740007 0x7e5 0x98 0x241 0x780007 0x0 0x78 0x241 0xffffffff007e0005 0x11 0x0 0x14faff658e0 0x18a 0x14fd5211a90 0xad 0x810007 0x5 0x20 0x243 0x8f0007 0x1d9 0xffffffffffffff48 0x624 0x0 0x0 0x0 0x0 0x0 0x0 0x9 0x3 0x0 0x0 0xffffffffffffffff oops 5 27 java/lang/String 29 java/util/zip/ZipFile$Source$Key 42 java/util/HashMap$Node 79 java/lang/String 81 java/lang/reflect/ProxyGenerator$ConstantPool$IndirectEntry methods 0
ciMethodData java/lang/StringUTF16 charAt ([BI)C 1 9 orig 80 0 0 0 0 0 0 0 0 0 0 0 0 0 0 0 0 0 0 0 0 0 0 0 0 0 0 0 0 0 0 0 0 0 0 0 0 0 0 0 0 0 0 0 0 0 0 0 0 0 0 0 0 0 0 0 0 0 0 0 0 0 0 0 0 0 0 0 0 0 0 0 0 0 0 0 0 0 0 0 0 data 14 0x20002 0x9 0x70002 0x4 0x0 0x0 0x0 0x0 0x0 0x0 0x9 0x2 0x0 0x0 oops 0 methods 0
ciMethodData java/lang/StringLatin1 newString ([BII)Ljava/lang/String; 2 100444 orig 80 1 1 0 0 0 0 0 0 0 0 0 0 0 0 0 0 0 0 0 0 0 0 0 0 0 0 0 0 0 0 0 0 0 0 0 0 0 0 0 0 0 0 0 0 0 0 0 0 0 0 0 0 0 0 0 0 0 0 0 0 0 0 0 0 0 0 0 0 0 0 0 0 0 0 0 0 0 0 0 0 data 15 0x90002 0x1875b 0xd0002 0x1875b 0x0 0x0 0x0 0x0 0x0 0x0 0x9 0x3 0xffffffffffffffff 0x0 0x0 oops 0 methods 0
ciMethodData java/util/Arrays copyOfRange ([BII)[B 2 5512 orig 80 1 1 0 0 0 0 0 0 0 0 0 0 0 0 0 0 0 0 0 0 0 0 0 0 0 0 0 0 0 0 0 0 0 0 0 0 0 0 0 0 0 0 0 0 0 0 0 0 0 0 0 0 0 0 0 0 0 0 0 0 0 0 0 0 0 0 0 0 0 0 0 0 0 0 0 0 0 0 0 0 data 51 0x50007 0x1487 0x120 0x0 0x100002 0x0 0x140005 0x0 0x0 0x0 0x0 0x0 0x0 0x190005 0x0 0x0 0x0 0x0 0x0 0x0 0x1d0005 0x0 0x0 0x0 0x0 0x0 0x0 0x200005 0x0 0x0 0x0 0x0 0x0 0x0 0x230002 0x0 0x360002 0x1487 0x390002 0x1487 0x0 0x0 0x0 0x0 0x0 0x0 0x9 0x3 0xffffffffffffffff 0x0 0x0 oops 0 methods 0
ciMethodData java/lang/AbstractStringBuilder isLatin1 ()Z 2 128483 orig 80 8 1 0 0 0 0 0 0 0 0 0 0 0 0 0 0 0 0 0 0 0 0 0 0 0 0 0 0 0 0 0 0 0 0 0 0 0 0 1 0 0 0 0 0 0 0 0 0 0 0 0 0 0 0 0 0 0 0 0 0 0 0 0 0 0 0 0 0 0 0 0 0 0 0 0 0 0 0 0 0 data 18 0x30007 0x0 0x58 0x1f4db 0x80000006000a0007 0x1f 0x38 0x1f4bd 0xe0003 0x1f4be 0x18 0x0 0x0 0x0 0x0 0x9 0x1 0x0 oops 0 methods 0
ciMethodData java/lang/StringBuilder <init> ()V 2 60310 orig 80 132 0 0 0 0 0 0 0 0 0 0 0 0 0 0 0 0 0 0 0 0 0 0 0 0 0 0 0 0 0 0 0 0 0 0 0 0 0 0 0 0 0 0 0 0 0 0 0 0 0 0 0 0 0 0 0 0 0 0 0 0 0 0 0 0 0 0 0 0 0 0 0 0 0 0 0 0 0 0 0 data 7 0x30002 0xeb12 0x0 0x0 0x9 0x1 0xc oops 0 methods 0
ciMethodData java/lang/AbstractStringBuilder <init> (I)V 2 7801 orig 80 132 0 0 0 0 0 0 0 0 0 0 0 0 0 0 0 0 0 0 0 0 0 0 0 0 0 0 0 0 0 0 0 0 0 0 0 0 0 0 0 0 0 0 0 0 0 0 0 0 0 0 0 0 0 0 0 0 0 0 0 0 0 0 0 0 0 0 0 0 0 0 0 0 0 0 0 0 0 0 0 data 21 0x10002 0x1df5 0x70007 0x0 0x38 0x1df5 0x160003 0x1df5 0x28 0x1b0002 0x0 0x0 0x0 0x0 0x0 0x0 0x0 0x9 0x2 0xc 0x0 oops 0 methods 0
ciMethodData java/lang/StringBuilder append (Ljava/lang/String;)Ljava/lang/StringBuilder; 2 181898 orig 80 223 0 0 0 0 0 0 0 0 0 0 0 0 0 0 0 0 0 0 0 0 0 0 0 0 0 0 0 0 0 0 0 0 0 0 0 0 0 0 0 0 0 0 0 0 0 0 0 0 0 0 0 0 0 0 0 0 0 0 0 0 0 0 0 0 0 0 0 0 0 0 0 0 0 0 0 0 0 0 0 data 9 0x20002 0x2c5ab 0x0 0x0 0x0 0x9 0x2 0xe 0x0 oops 0 methods 0
ciMethodData java/lang/AbstractStringBuilder append (Ljava/lang/String;)Ljava/lang/AbstractStringBuilder; 2 6138 orig 80 223 0 0 0 0 0 0 0 0 0 0 0 0 0 0 0 0 0 0 0 0 0 0 0 0 0 0 0 0 0 0 0 0 0 0 0 0 0 0 0 0 0 0 0 0 0 0 0 0 0 0 0 0 0 0 0 0 0 0 0 0 0 0 0 0 0 0 0 0 0 0 0 0 0 0 0 0 0 0 0 data 42 0x10007 0x171b 0x58 0x0 0x50005 0x0 0x0 0x0 0x0 0x0 0x0 0xa0005 0x171b 0x0 0x0 0x0 0x0 0x0 0x150005 0x171b 0x0 0x0 0x0 0x0 0x0 0x1e0005 0x171b 0x0 0x0 0x0 0x0 0x0 0x0 0x0 0x0 0x0 0x0 0x0 0x9 0x2 0xe 0x0 oops 0 methods 0
ciMethodData java/lang/StringBuilder toString ()Ljava/lang/String; 2 74964 orig 80 132 0 0 0 0 0 0 0 0 0 0 0 0 0 0 0 0 0 0 0 0 0 0 0 0 0 0 0 0 0 0 0 0 0 0 0 0 0 0 0 0 0 0 0 0 0 0 0 0 0 0 0 0 0 0 0 0 0 0 0 0 0 0 0 0 0 0 0 0 0 0 0 0 0 0 0 0 0 0 0 data 27 0x10005 0x12450 0x0 0x0 0x0 0x0 0x0 0x40007 0x0 0x48 0x12450 0x100002 0x12450 0x130003 0x12450 0x28 0x1f0002 0x0 0x0 0x0 0x0 0x0 0x0 0x0 0x9 0x1 0x0 oops 0 methods 0
ciMethodData java/lang/StringUTF16 newString ([BII)Ljava/lang/String; 1 86 orig 80 0 0 0 0 0 0 0 0 0 0 0 0 0 0 0 0 0 0 0 0 0 0 0 0 0 0 0 0 0 0 0 0 0 0 0 0 0 0 0 0 0 0 0 0 0 0 0 0 0 0 0 0 0 0 0 0 0 0 0 0 0 0 0 0 0 0 0 0 0 0 0 0 0 0 0 0 0 0 0 0 data 27 0x30007 0x0 0x60 0x56 0x90002 0x56 0xe0007 0x1 0x30 0x55 0x170002 0x55 0x2a0002 0x1 0x2e0002 0x1 0x0 0x0 0x0 0x0 0x0 0x0 0x9 0x3 0xffffffffffffffff 0x0 0x0 oops 0 methods 0
ciMethodData java/lang/String substring (II)Ljava/lang/String; 2 48687 orig 80 6 1 0 0 1 0 0 0 0 0 0 0 0 0 0 0 0 0 0 0 0 0 0 0 0 0 0 0 0 0 0 0 0 0 0 0 0 0 1 0 0 0 0 0 0 0 0 0 0 0 0 0 0 0 0 0 0 0 0 0 0 0 0 0 0 0 0 0 0 0 0 0 0 0 0 0 0 0 0 0 data 46 0x10005 0x15ca 0x0 0x0 0x0 0x0 0x0 0x80002 0x15ca 0x110007 0x427 0x40 0x11a3 0x160007 0x960 0x20 0x843 0x1c0005 0xd87 0x0 0x0 0x0 0x0 0x0 0x80000006001f0007 0x1f 0x48 0xd69 0x290002 0xd69 0x2c0003 0xd69 0x28 0x360002 0x1f 0x0 0x0 0x0 0x0 0x0 0x0 0x9 0x3 0x0 0x0 0x0 oops 0 methods 0
ciMethodData java/lang/String checkBoundsBeginEnd (III)V 2 6432 orig 80 6 1 0 0 0 0 0 0 0 0 0 0 0 0 0 0 0 0 0 0 0 0 0 0 0 0 0 0 0 0 0 0 0 0 0 0 0 0 0 0 0 0 0 0 0 0 0 0 0 0 0 0 0 0 0 0 0 0 0 0 0 0 0 0 0 0 0 0 0 0 0 0 0 0 0 0 0 0 0 0 data 76 0x10007 0x0 0x60 0x181a 0x60007 0x0 0x40 0x181a 0xb0007 0x181a 0x1c8 0x0 0x160002 0x0 0x1b0005 0x0 0x0 0x0 0x0 0x0 0x0 0x1f0005 0x0 0x0 0x0 0x0 0x0 0x0 0x240005 0x0 0x0 0x0 0x0 0x0 0x0 0x280005 0x0 0x0 0x0 0x0 0x0 0x0 0x2d0005 0x0 0x0 0x0 0x0 0x0 0x0 0x310005 0x0 0x0 0x0 0x0 0x0 0x0 0x340005 0x0 0x0 0x0 0x0 0x0 0x0 0x370002 0x0 0x0 0x0 0x0 0x0 0x0 0x0 0x9 0x3 0x0 0x0 0x0 oops 0 methods 0
ciMethodData java/util/HashMap putVal (ILjava/lang/Object;Ljava/lang/Object;ZZ)Ljava/lang/Object; 2 63759 orig 80 15 1 0 0 4 0 0 0 1 0 0 0 0 0 0 0 0 0 0 0 6 0 0 4 0 0 0 0 0 0 0 0 0 0 0 0 0 0 1 0 0 0 0 0 0 0 0 0 0 0 0 0 0 0 0 0 0 0 0 0 0 0 0 0 0 0 0 0 0 0 0 0 0 0 0 0 0 0 0 0 data 198 0x70007 0x2a73 0x40 0x853e 0x100007 0x853e 0x58 0x0 0x140005 0x2a73 0x0 0x0 0x0 0x0 0x0 0x2c0007 0x214d 0xa8 0x8e64 0x380005 0x5 0x0 0x14fd20e6510 0x885b 0x14fd4be3bf0 0x604 0x3b0004 0x0 0x0 0x14fd22dd160 0x885b 0x14fd1fafe30 0x609 0x3c0003 0x8e64 0x410 0x450007 0x2081 0xd0 0xcc 0x510007 0x61 0x98 0x6b 0x550007 0x0 0x90 0x6b 0xffffffff005b0005 0x34 0x0 0x14faff658e0 0x37 0x14fd132e050 0x6 0x5e0007 0x3a 0x38 0x37 0x650003 0x98 0x2a8 0x6a0004 0xffffffffffffdf45 0x0 0x14fd22dd160 0x76 0x14fd1fafe30 0x1a 0x6d0007 0x20bb 0xa8 0x0 0x720004 0x0 0x0 0x0 0x0 0x0 0x0 0x7b0005 0x0 0x0 0x0 0x0 0x0 0x0 0x800003 0x0 0x1c8 0x8e0007 0x6ef 0xc8 0x20a8 0x980005 0x5 0x0 0x14fd20e6510 0x1e98 0x14fd4be3bf0 0x20b 0xa20007 0x20a8 0x158 0x0 0xa90005 0x0 0x0 0x0 0x0 0x0 0x0 0xac0003 0x0 0x100 0x8000000600b50007 0x6d8 0xd0 0x18 0xc10007 0xf 0xc8 0x9 0xc50007 0x0 0x90 0x9 0xcb0005 0x7 0x0 0x14fd132e050 0x1 0x14faff66fa0 0x1 0xce0007 0x4 0x38 0x5 0xd10003 0x5 0x30 0xdb0003 0x6dc 0xfffffffffffffe68 0xe00007 0x20a8 0x98 0xac 0xec0007 0x90 0x40 0x1c 0xf10007 0x1c 0x20 0x0 0x8000000400fd0005 0x0 0x0 0x14fd20e6510 0x8d 0x14fd4be3bf0 0x23 0x11c0007 0xad1b 0x58 0x1f1 0x1200005 0x1f1 0x0 0x0 0x0 0x0 0x0 0x1270005 0xa 0x0 0x14fd20e6510 0xa6f3 0x14fd4be3bf0 0x80f 0x0 0x0 0x0 0x0 0x0 0x0 0x0 0x0 0x0 0x9 0x6 0x0 0x0 0x0 0x0 0x0 0x0 oops 16 22 java/util/HashMap 24 java/util/LinkedHashMap 29 java/util/HashMap$Node 31 java/util/LinkedHashMap$Entry 51 java/lang/String 53 org/aspectj/apache/bcel/generic/InstructionBranch 65 java/util/HashMap$Node 67 java/util/LinkedHashMap$Entry 97 java/util/HashMap 99 java/util/LinkedHashMap 130 org/aspectj/apache/bcel/generic/InstructionBranch 132 java/lang/reflect/Method 159 java/util/HashMap 161 java/util/LinkedHashMap 177 java/util/HashMap 179 java/util/LinkedHashMap methods 0
ciMethodData java/util/HashMap put (Ljava/lang/Object;Ljava/lang/Object;)Ljava/lang/Object; 2 15744 orig 80 233 1 0 0 0 0 0 0 0 0 0 0 0 0 0 0 0 0 0 0 0 0 0 0 0 0 0 0 0 0 0 0 0 0 0 0 0 0 0 0 0 0 0 0 0 0 0 0 0 0 0 0 0 0 0 0 0 0 0 0 0 0 0 0 0 0 0 0 0 0 0 0 0 0 0 0 0 0 0 0 data 20 0x20002 0x3b97 0x90005 0x3b98 0x0 0x0 0x0 0x0 0x0 0x0 0x0 0x0 0x0 0x0 0x0 0x9 0x3 0x0 0x0 0x0 oops 0 methods 0
ciMethodData java/util/HashMap get (Ljava/lang/Object;)Ljava/lang/Object; 2 34002 orig 80 32 1 0 0 2 0 0 0 0 0 0 0 0 0 0 0 0 0 0 0 0 0 0 0 0 0 0 0 0 0 0 0 0 0 0 0 0 0 0 0 0 0 0 0 0 0 0 0 0 0 0 0 0 0 0 0 0 0 0 0 0 0 0 0 0 0 0 0 0 0 0 0 0 0 0 0 0 0 0 0 data 26 0x20002 0x75cb 0x60005 0x75cb 0x0 0x0 0x0 0x0 0x0 0xb0007 0x4037 0x38 0x3597 0xf0003 0x3597 0x18 0x0 0x0 0x0 0x0 0x0 0x0 0x9 0x2 0x0 0x0 oops 0 methods 0
ciMethodData java/util/HashSet add (Ljava/lang/Object;)Z 2 19051 orig 80 0 2 0 0 1 0 0 0 0 0 0 0 0 0 0 0 0 0 0 0 0 0 0 0 0 0 0 0 0 0 0 0 0 0 0 0 0 0 0 0 0 0 0 0 0 0 0 0 0 0 0 0 0 0 0 0 0 0 0 0 0 0 0 0 0 0 0 0 0 0 0 0 0 0 0 0 0 0 0 0 data 24 0x80005 0x0 0x0 0x14fd20e6510 0x2266 0x14fd4be3bf0 0x2a 0xb0007 0x18 0x38 0x2278 0xf0003 0x2278 0x18 0x0 0x0 0x0 0x0 0x0 0x0 0x9 0x2 0x0 0x0 oops 2 3 java/util/HashMap 5 java/util/LinkedHashMap methods 0
ciMethodData java/util/AbstractSet <init> ()V 2 68304 orig 80 128 1 0 0 0 0 0 0 0 0 0 0 0 0 0 0 0 0 0 0 0 0 0 0 0 0 0 0 0 0 0 0 0 0 0 0 0 0 0 0 0 0 0 0 0 0 0 0 0 0 0 0 0 0 0 0 0 0 0 0 0 0 0 0 0 0 0 0 0 0 0 0 0 0 0 0 0 0 0 0 data 7 0x10002 0x10950 0x0 0x0 0x9 0x1 0x0 oops 0 methods 0
ciMethodData java/util/AbstractMap <init> ()V 2 56363 orig 80 215 1 0 0 0 0 0 0 0 0 0 0 0 0 0 0 0 0 0 0 0 0 0 0 0 0 0 0 0 0 0 0 0 0 0 0 0 0 0 0 0 0 0 0 0 0 0 0 0 0 0 0 0 0 0 0 0 0 0 0 0 0 0 0 0 0 0 0 0 0 0 0 0 0 0 0 0 0 0 0 data 7 0x10002 0xda53 0x0 0x0 0x9 0x1 0x0 oops 0 methods 0
ciMethodData java/util/HashSet <init> ()V 2 42068 orig 80 82 1 0 0 0 0 0 0 0 0 0 0 0 0 0 0 0 0 0 0 0 0 0 0 0 0 0 0 0 0 0 0 0 0 0 0 0 0 0 0 0 0 0 0 0 0 0 0 0 0 0 0 0 0 0 0 0 0 0 0 0 0 0 0 0 0 0 0 0 0 0 0 0 0 0 0 0 0 0 0 data 11 0x10002 0xa301 0x90002 0xa301 0x0 0x0 0x0 0x0 0x9 0x1 0x0 oops 0 methods 0
ciMethodData java/util/HashMap <init> ()V 2 54247 orig 80 186 1 0 0 0 0 0 0 0 0 0 0 0 0 0 0 0 0 0 0 0 0 0 0 0 0 0 0 0 0 0 0 0 0 0 0 0 0 0 0 0 0 0 0 0 0 0 0 0 0 0 0 0 0 0 0 0 0 0 0 0 0 0 0 0 0 0 0 0 0 0 0 0 0 0 0 0 0 0 0 data 9 0x10002 0xd22d 0x0 0x0 0x0 0x0 0x9 0x1 0x10 oops 0 methods 0
ciMethodData java/lang/StringBuilder append (C)Ljava/lang/StringBuilder; 2 227723 orig 80 15 1 0 0 1 0 0 0 0 0 0 0 0 0 0 0 0 0 0 0 0 0 0 0 0 0 0 0 0 0 0 0 0 0 0 0 0 0 0 0 0 0 0 0 0 0 0 0 0 0 0 0 0 0 0 0 0 0 0 0 0 0 0 0 0 0 0 0 0 0 0 0 0 0 0 0 0 0 0 0 data 9 0x20002 0x3787c 0x0 0x0 0x0 0x9 0x2 0xe 0x0 oops 0 methods 0
ciMethodData java/lang/StringLatin1 replace ([BCC)Ljava/lang/String; 2 31438 orig 80 9 20 0 0 0 0 0 0 0 0 0 0 0 0 0 0 0 0 0 0 0 0 0 0 0 0 0 0 0 0 0 0 0 0 0 0 0 0 0 0 0 0 0 0 0 0 0 0 0 0 0 0 0 0 0 0 0 0 0 0 0 0 0 0 0 0 0 0 0 0 0 0 0 0 0 0 0 0 0 0 data 83 0x10002 0x2e2 0x40007 0x0 0x230 0x2e2 0x130007 0x128 0x58 0x2243 0x1c0007 0x2089 0xffffffffffffffe0 0x1ba 0x1f0003 0x1ba 0x18 0x250007 0x128 0x1b8 0x1ba 0x290002 0x1ba 0x2c0007 0x0 0xd8 0x1ba 0x3b0007 0x1ba 0x38 0x570 0x4a0003 0x570 0xffffffffffffffe0 0x500007 0x1ba 0x70 0x40cc 0x610007 0x3a9a 0x38 0x632 0x660003 0x632 0x18 0x6f0003 0x40cc 0xffffffffffffffa8 0x790002 0x1ba 0x7e0002 0x0 0x8a0002 0x0 0x900007 0x0 0x80 0x0 0xa50007 0x0 0x38 0x0 0xa90003 0x0 0x18 0xae0002 0x0 0xb40003 0x0 0xffffffffffffff98 0xbe0002 0x0 0x0 0x0 0x0 0x0 0x0 0x0 0x9 0x3 0x0 0x0 0x0 oops 0 methods 0
ciMethodData java/util/ArrayList add (Ljava/lang/Object;)Z 2 43591 orig 80 0 1 0 0 0 0 0 0 0 0 0 0 0 0 0 0 0 0 0 0 0 0 0 0 0 0 0 0 0 0 0 0 0 0 0 0 0 0 0 0 0 0 0 0 0 0 0 0 0 0 0 0 0 0 0 0 0 0 0 0 0 0 0 0 0 0 0 0 0 0 0 0 0 0 0 0 0 0 0 0 data 17 0x140005 0xa947 0x0 0x0 0x0 0x0 0x0 0x0 0x0 0x0 0x0 0x0 0x0 0x9 0x2 0xe 0x0 oops 0 methods 0
ciMethodData java/util/ArrayList grow (I)[Ljava/lang/Object; 2 13004 orig 80 29 0 0 0 0 0 0 0 0 0 0 0 0 0 0 0 0 0 0 0 0 0 0 0 0 0 0 0 0 0 0 0 0 0 0 0 0 0 0 0 0 0 0 0 0 0 0 0 0 0 0 0 0 0 0 0 0 0 0 0 0 0 0 0 0 0 0 0 0 0 0 0 0 0 0 0 0 0 0 0 data 19 0x70005 0x32af 0x0 0x0 0x0 0x0 0x0 0xa0002 0x32af 0x0 0x0 0x0 0x0 0x0 0x0 0x9 0x2 0xc 0x0 oops 0 methods 0
ciMethodData java/io/ByteArrayInputStream <init> ([B)V 2 4019 orig 80 8 0 0 0 0 0 0 0 0 0 0 0 0 0 0 0 0 0 0 0 0 0 0 0 0 0 0 0 0 0 0 0 0 0 0 0 0 0 0 0 0 0 0 0 0 0 0 0 0 0 0 0 0 0 0 0 0 0 0 0 0 0 0 0 0 0 0 0 0 0 0 0 0 0 0 0 0 0 0 0 data 10 0x10002 0xfab 0x0 0x0 0x0 0x0 0x9 0x2 0xe 0x0 oops 0 methods 0
ciMethodData java/io/InputStream <init> ()V 2 14427 orig 80 120 0 0 0 0 0 0 0 0 0 0 0 0 0 0 0 0 0 0 0 0 0 0 0 0 0 0 0 0 0 0 0 0 0 0 0 0 0 0 0 0 0 0 0 0 0 0 0 0 0 0 0 0 0 0 0 0 0 0 0 0 0 0 0 0 0 0 0 0 0 0 0 0 0 0 0 0 0 0 0 data 7 0x10002 0x37e3 0x0 0x0 0x9 0x1 0x0 oops 0 methods 0
ciMethodData java/io/FilterInputStream <init> (Ljava/io/InputStream;)V 2 7270 orig 80 60 0 0 0 0 0 0 0 0 0 0 0 0 0 0 0 0 0 0 0 0 0 0 0 0 0 0 0 0 0 0 0 0 0 0 0 0 0 0 0 0 0 0 0 0 0 0 0 0 0 0 0 0 0 0 0 0 0 0 0 0 0 0 0 0 0 0 0 0 0 0 0 0 0 0 0 0 0 0 0 data 10 0x10002 0x1c2a 0x0 0x0 0x0 0x0 0x9 0x2 0x6 0x0 oops 0 methods 0
ciMethodData java/lang/String replace (CC)Ljava/lang/String; 2 5494 orig 80 16 1 0 0 0 0 0 0 0 0 0 0 0 0 0 0 0 0 0 0 0 0 0 0 0 0 0 0 0 0 0 0 0 0 0 0 0 0 0 0 0 0 0 0 0 0 0 0 0 0 0 0 0 0 0 0 0 0 0 0 0 0 0 0 0 0 0 0 0 0 0 0 0 0 0 0 0 0 0 0 data 37 0x20007 0x0 0xd0 0x1466 0x60005 0x1466 0x0 0x0 0x0 0x0 0x0 0x90007 0x0 0x48 0x1466 0x120002 0x1466 0x150003 0x1466 0x28 0x1e0002 0x0 0x230007 0x819 0x20 0xc4d 0x0 0x0 0x0 0x0 0x0 0x0 0x9 0x3 0x0 0x0 0x0 oops 0 methods 0
ciMethodData java/lang/String substring (I)Ljava/lang/String; 2 21656 orig 80 95 0 0 0 0 0 0 0 0 0 0 0 0 0 0 0 0 0 0 0 0 0 0 0 0 0 0 0 0 0 0 0 0 0 0 0 0 0 0 0 0 0 0 0 0 0 0 0 0 0 0 0 0 0 0 0 0 0 0 0 0 0 0 0 0 0 0 0 0 0 0 0 0 0 0 0 0 0 0 0 data 51 0x10007 0x5439 0x30 0x0 0x90002 0x0 0xe0005 0x5439 0x0 0x0 0x0 0x0 0x0 0x150007 0x5439 0x30 0x0 0x1d0002 0x0 0x220007 0x542c 0x20 0xd 0x280005 0x542c 0x0 0x0 0x0 0x0 0x0 0x2b0007 0x0 0x48 0x542c 0x340002 0x542c 0x370003 0x542c 0x28 0x400002 0x0 0x0 0x0 0x0 0x0 0x0 0x0 0x9 0x2 0x0 0x0 oops 0 methods 0
ciMethod org/aspectj/apache/bcel/generic/Type <init> (BLjava/lang/String;)V 1785 1 3310 0 0
ciMethod org/aspectj/apache/bcel/generic/Type getSignature ()Ljava/lang/String; 1033 1 129 0 0
ciMethod org/aspectj/apache/bcel/generic/Type getType ()B 1033 1 129 0 0
ciMethod org/aspectj/apache/bcel/generic/Type getSize ()I 1297 1 3697 0 0
ciMethod org/aspectj/apache/bcel/generic/Type getType (Ljava/lang/String;)Lorg/aspectj/apache/bcel/generic/Type; 2057 1 5300 0 0
ciMethod org/aspectj/apache/bcel/generic/ObjectType <init> (Ljava/lang/String;)V 1657 1 3238 0 0
ciMethod org/aspectj/apache/bcel/generic/ObjectType toSignature (Ljava/lang/String;)Ljava/lang/String; 1657 1 5030 0 0
ciMethod org/aspectj/apache/bcel/generic/ReferenceType <init> (BLjava/lang/String;)V 2513 1 3401 0 0
ciMethod java/io/DataInputStream <init> (Ljava/io/InputStream;)V 3161 1 3622 0 0
ciMethod java/io/DataInputStream readUnsignedShort ()I 2313 1 7724 0 160
ciMethod org/aspectj/apache/bcel/classfile/ClassFormatException <init> (Ljava/lang/String;)V 0 0 1 0 -1
ciMethod org/aspectj/apache/bcel/classfile/ConstantPool getConstant (IB)Lorg/aspectj/apache/bcel/classfile/Constant; 2289 1 6464 0 192
ciMethod org/aspectj/apache/bcel/classfile/ConstantPool getConstant (I)Lorg/aspectj/apache/bcel/classfile/Constant; 2105 1 5928 0 96
ciMethod org/aspectj/apache/bcel/classfile/ConstantPool getConstantString (IB)Ljava/lang/String; 2057 1 11124 0 -1
ciMethod org/aspectj/apache/bcel/classfile/ConstantPool getConstantString_CONSTANTClass (I)Ljava/lang/String; 25 1 60 0 0
ciMethod org/aspectj/apache/bcel/classfile/ConstantClass getNameIndex ()I 1025 1 128 0 -1
ciMethod org/aspectj/apache/bcel/classfile/ConstantUtf8 getValue ()Ljava/lang/String; 1409 1 176 0 0
ciMethod org/aspectj/apache/bcel/classfile/FieldOrMethod getAttributes ()[Lorg/aspectj/apache/bcel/classfile/Attribute; 1025 1 128 0 -1
ciMethod org/aspectj/apache/bcel/classfile/FieldOrMethod getConstantPool ()Lorg/aspectj/apache/bcel/classfile/ConstantPool; 1513 1 189 0 0
ciMethod org/aspectj/apache/bcel/classfile/FieldOrMethod getName ()Ljava/lang/String; 3889 1 35389 0 -1
ciMethod org/aspectj/apache/bcel/classfile/Modifiers getModifiers ()I 1961 1 245 0 -1
ciMethod org/aspectj/apache/bcel/classfile/AttributeUtils getCodeAttribute ([Lorg/aspectj/apache/bcel/classfile/Attribute;)Lorg/aspectj/apache/bcel/classfile/Code; 4097 1 6790 0 -1
ciMethod org/aspectj/apache/bcel/classfile/Attribute getConstantPool ()Lorg/aspectj/apache/bcel/classfile/ConstantPool; 1049 1 131 0 -1
ciMethod org/aspectj/apache/bcel/classfile/Code getAttributes ()[Lorg/aspectj/apache/bcel/classfile/Attribute; 937 1 117 0 0
ciMethod org/aspectj/apache/bcel/classfile/Code getCode ()[B 961 1 120 0 0
ciMethod org/aspectj/apache/bcel/classfile/Code getExceptionTable ()[Lorg/aspectj/apache/bcel/classfile/CodeException; 937 1 117 0 0
ciMethod org/aspectj/apache/bcel/classfile/Code getMaxLocals ()I 937 1 117 0 0
ciMethod org/aspectj/apache/bcel/classfile/Code getMaxStack ()I 937 1 117 0 0
ciMethod org/aspectj/apache/bcel/classfile/ExceptionTable getExceptionNames ()[Ljava/lang/String; 65 65 2107 0 0
ciMethod org/aspectj/apache/bcel/classfile/LineNumberTable unpack ()V 897 3969 1523 0 0
ciMethod org/aspectj/apache/bcel/classfile/LineNumberTable getLineNumberTable ()[Lorg/aspectj/apache/bcel/classfile/LineNumber; 897 1 1522 0 0
ciMethod org/aspectj/apache/bcel/classfile/LocalVariableTable getLocalVariableTable ()[Lorg/aspectj/apache/bcel/classfile/LocalVariable; 793 1 1309 0 0
ciMethod org/aspectj/apache/bcel/classfile/LocalVariableTable unpack ()V 9073 25281 1313 0 0
ciMethodData java/io/DataInputStream readUnsignedShort ()I 2 7724 orig 80 33 1 0 0 0 0 0 0 0 0 0 0 0 0 0 0 0 0 0 0 0 0 0 0 0 0 0 0 0 0 0 0 0 0 0 0 0 0 0 0 0 0 0 0 0 0 0 0 0 0 0 0 0 0 0 0 0 0 0 0 0 0 0 0 0 0 0 0 0 0 0 0 0 0 0 0 0 0 0 0 data 29 0x40005 0x2 0x0 0x14fd3556f30 0x19f0 0x14faff68620 0x319 0xc0005 0x2 0x0 0x14fd3556f30 0x19f0 0x14faff68620 0x319 0x130007 0x1d0b 0x30 0x0 0x1a0002 0x0 0x0 0x0 0x0 0x0 0x0 0x0 0x9 0x1 0x0 oops 4 3 java/io/BufferedInputStream 5 java/io/ByteArrayInputStream 10 java/io/BufferedInputStream 12 java/io/ByteArrayInputStream methods 0
ciMethodData java/util/ArrayList addAll (Ljava/util/Collection;)Z 2 17371 orig 80 39 0 0 0 0 0 0 0 0 0 0 0 0 0 0 0 0 0 0 0 0 0 0 0 0 0 0 0 0 0 0 0 0 0 0 0 0 0 0 0 0 0 0 0 0 0 0 0 0 0 0 0 0 0 0 0 0 0 0 0 0 0 0 0 0 0 0 0 0 0 0 0 0 0 0 0 0 0 0 0 data 34 0x10005 0x592 0x0 0x14fd28e9bb0 0x3e20 0x14fd20e4cd0 0x2 0x150007 0x1af 0x20 0x4205 0x2b0007 0x1b 0x58 0x194 0x330005 0x194 0x0 0x0 0x0 0x0 0x0 0x3f0002 0x1af 0x0 0x0 0x0 0x0 0x0 0x0 0x9 0x2 0xe 0xffffffffffffffff oops 2 3 java/util/ArrayList 5 java/util/HashSet methods 0
ciMethod org/aspectj/apache/bcel/classfile/annotation/RuntimeAnnos getAnnotations ()Ljava/util/List; 1833 1 2453 0 0
ciMethod org/aspectj/apache/bcel/classfile/annotation/RuntimeAnnos inflate ()V 2361 2449 526 0 -1
ciMethod org/aspectj/apache/bcel/generic/BasicType getType (B)Lorg/aspectj/apache/bcel/generic/BasicType; 601 1 330 0 -1
ciMethod org/aspectj/apache/bcel/generic/ArrayType <init> (Lorg/aspectj/apache/bcel/generic/Type;I)V 41 41 161 0 0
ciMethod org/aspectj/apache/bcel/generic/ClassGenException <init> (Ljava/lang/String;)V 0 0 1 0 -1
ciMethod org/aspectj/apache/bcel/classfile/Method getCode ()Lorg/aspectj/apache/bcel/classfile/Code; 4097 1 49337 0 0
ciMethod org/aspectj/apache/bcel/classfile/Method getReturnType ()Lorg/aspectj/apache/bcel/generic/Type; 433 1 1544 0 -1
ciMethod org/aspectj/apache/bcel/classfile/Method getArgumentTypes ()[Lorg/aspectj/apache/bcel/generic/Type; 1153 1 1563 0 -1
ciMethod org/aspectj/apache/bcel/classfile/annotation/AnnotationGen read (Ljava/io/DataInputStream;Lorg/aspectj/apache/bcel/classfile/ConstantPool;Z)Lorg/aspectj/apache/bcel/classfile/annotation/AnnotationGen; 4993 953 610 0 -1
ciMethod org/aspectj/apache/bcel/classfile/CodeException getCatchType ()I 25 1 3 0 0
ciMethod org/aspectj/apache/bcel/classfile/CodeException getEndPC ()I 25 1 3 0 0
ciMethod org/aspectj/apache/bcel/classfile/CodeException getHandlerPC ()I 25 1 3 0 0
ciMethod org/aspectj/apache/bcel/classfile/CodeException getStartPC ()I 25 1 3 0 0
ciMethod org/aspectj/apache/bcel/classfile/LocalVariable <init> (Ljava/io/DataInputStream;Lorg/aspectj/apache/bcel/classfile/ConstantPool;)V 2049 1 3939 0 0
ciMethod org/aspectj/apache/bcel/classfile/LocalVariable <init> (IIIIILorg/aspectj/apache/bcel/classfile/ConstantPool;)V 2041 1 6753 0 0
ciMethod org/aspectj/apache/bcel/classfile/LocalVariable getLength ()I 1041 1 130 0 0
ciMethod org/aspectj/apache/bcel/classfile/LocalVariable getName ()Ljava/lang/String; 1353 1 3704 0 0
ciMethod org/aspectj/apache/bcel/classfile/LocalVariable getSignature ()Ljava/lang/String; 2081 1 7394 0 0
ciMethod org/aspectj/apache/bcel/classfile/LocalVariable getIndex ()I 1041 1 130 0 0
ciMethod org/aspectj/apache/bcel/classfile/LocalVariable getStartPC ()I 1097 1 137 0 0
ciMethod org/aspectj/apache/bcel/classfile/Utility typeOfSignature (Ljava/lang/String;)B 1577 1 5437 0 0
ciMethod org/aspectj/apache/bcel/generic/InstructionBranch notifyTarget (Lorg/aspectj/apache/bcel/generic/InstructionHandle;Lorg/aspectj/apache/bcel/generic/InstructionHandle;Lorg/aspectj/apache/bcel/generic/InstructionTargeter;)V 121 1 253 0 -1
ciMethod org/aspectj/apache/bcel/generic/InstructionHandle getNext ()Lorg/aspectj/apache/bcel/generic/InstructionHandle; 2049 1 256 0 0
ciMethod org/aspectj/apache/bcel/generic/InstructionHandle getPrev ()Lorg/aspectj/apache/bcel/generic/InstructionHandle; 1089 1 136 0 0
ciMethod org/aspectj/apache/bcel/generic/InstructionHandle getPosition ()I 1345 1 168 0 0
ciMethod org/aspectj/apache/bcel/generic/InstructionHandle removeTargeter (Lorg/aspectj/apache/bcel/generic/InstructionTargeter;)V 25 1 21 0 -1
ciMethod org/aspectj/apache/bcel/generic/InstructionHandle addTargeter (Lorg/aspectj/apache/bcel/generic/InstructionTargeter;)V 3073 1 113298 0 1120
ciMethod org/aspectj/apache/bcel/generic/BranchHandle getPosition ()I 17513 1 2189 0 0
ciMethodData org/aspectj/apache/bcel/classfile/ConstantPool getConstant (I)Lorg/aspectj/apache/bcel/classfile/Constant; 2 5928 orig 80 7 1 0 0 0 0 0 0 0 0 0 0 0 0 0 0 0 0 0 0 0 0 0 0 0 0 0 0 0 0 0 0 0 0 0 0 0 0 0 0 0 0 0 0 0 0 0 0 0 0 0 0 0 0 0 0 0 0 0 0 0 0 0 0 0 0 0 0 0 0 0 0 0 0 0 0 0 0 0 0 data 56 0x100002 0x0 0x150005 0x0 0x0 0x0 0x0 0x0 0x0 0x190005 0x0 0x0 0x0 0x0 0x0 0x0 0x1e0005 0x0 0x0 0x0 0x0 0x0 0x0 0x250005 0x0 0x0 0x0 0x0 0x0 0x0 0x2a0005 0x0 0x0 0x0 0x0 0x0 0x0 0x2d0005 0x0 0x0 0x0 0x0 0x0 0x0 0x300002 0x0 0x0 0x0 0x0 0x0 0x0 0x0 0x9 0x2 0x0 0x0 oops 0 methods 0
ciMethod org/aspectj/apache/bcel/generic/MethodGen <init> (ILorg/aspectj/apache/bcel/generic/Type;[Lorg/aspectj/apache/bcel/generic/Type;[Ljava/lang/String;Ljava/lang/String;Ljava/lang/String;Lorg/aspectj/apache/bcel/generic/InstructionList;Lorg/aspectj/apache/bcel/classfile/ConstantPool;)V 905 1 1532 0 -1
ciMethod org/aspectj/apache/bcel/generic/Tag <init> ()V 4097 1 11048 0 0
ciMethod org/aspectj/apache/bcel/generic/LocalVariableTag <init> (Lorg/aspectj/apache/bcel/generic/Type;Ljava/lang/String;Ljava/lang/String;II)V 1297 1 3697 0 0
ciMethod org/aspectj/apache/bcel/generic/LocalVariableTag hashCode ()I 3497 1 34640 0 896
ciMethod org/aspectj/apache/bcel/generic/InstructionList findHandle ([Lorg/aspectj/apache/bcel/generic/InstructionHandle;[III)Lorg/aspectj/apache/bcel/generic/InstructionHandle; 97 1 232 0 -1
ciMethod org/aspectj/apache/bcel/generic/InstructionList findHandle ([Lorg/aspectj/apache/bcel/generic/InstructionHandle;[IIIZ)Lorg/aspectj/apache/bcel/generic/InstructionHandle; 3153 10769 11358 0 352
ciMethod org/aspectj/apache/bcel/generic/InstructionList getInstructionsAsArray ()[Lorg/aspectj/apache/bcel/generic/InstructionHandle; 905 1 1532 0 0
ciMethod org/aspectj/apache/bcel/generic/InstructionList findHandle (I[Lorg/aspectj/apache/bcel/generic/InstructionHandle;)Lorg/aspectj/apache/bcel/generic/InstructionHandle; 73 1 180 0 0
ciMethod org/aspectj/apache/bcel/generic/InstructionList findHandle (I[Lorg/aspectj/apache/bcel/generic/InstructionHandle;Z)Lorg/aspectj/apache/bcel/generic/InstructionHandle; 4097 1 10722 0 0
ciMethod org/aspectj/apache/bcel/generic/InstructionList <init> ([B)V 10737 393217 1532 0 -1
ciMethod org/aspectj/apache/bcel/generic/InstructionList getInstructionHandles ()[Lorg/aspectj/apache/bcel/generic/InstructionHandle; 905 14633 1533 0 0
ciMethod org/aspectj/apache/bcel/generic/InstructionList getStart ()Lorg/aspectj/apache/bcel/generic/InstructionHandle; 1041 1 130 0 -1
ciMethod org/aspectj/apache/bcel/generic/InstructionList getEnd ()Lorg/aspectj/apache/bcel/generic/InstructionHandle; 1025 1 128 0 -1
ciMethod org/aspectj/apache/bcel/generic/MethodGen <init> (Lorg/aspectj/apache/bcel/classfile/Method;Ljava/lang/String;Lorg/aspectj/apache/bcel/classfile/ConstantPool;Z)V 521 14305 1532 0 -1
ciMethod org/aspectj/apache/bcel/generic/MethodGen addLocalVariable (Ljava/lang/String;Lorg/aspectj/apache/bcel/generic/Type;ILorg/aspectj/apache/bcel/generic/InstructionHandle;Lorg/aspectj/apache/bcel/generic/InstructionHandle;)Lorg/aspectj/apache/bcel/generic/LocalVariableGen; 0 0 1 0 -1
ciMethod org/aspectj/apache/bcel/generic/MethodGen removeLocalVariables ()V 0 0 1 0 -1
ciMethod org/aspectj/apache/bcel/generic/MethodGen addLineNumber (Lorg/aspectj/apache/bcel/generic/InstructionHandle;I)Lorg/aspectj/apache/bcel/generic/LineNumberGen; 0 0 1 0 -1
ciMethod org/aspectj/apache/bcel/generic/MethodGen addExceptionHandler (Lorg/aspectj/apache/bcel/generic/InstructionHandle;Lorg/aspectj/apache/bcel/generic/InstructionHandle;Lorg/aspectj/apache/bcel/generic/InstructionHandle;Lorg/aspectj/apache/bcel/generic/ObjectType;)Lorg/aspectj/apache/bcel/generic/CodeExceptionGen; 25 1 60 0 0
ciMethod org/aspectj/apache/bcel/generic/MethodGen addException (Ljava/lang/String;)V 0 0 2 0 0
ciMethod org/aspectj/apache/bcel/generic/MethodGen addCodeAttribute (Lorg/aspectj/apache/bcel/classfile/Attribute;)V 65 1 440 0 0
ciMethod org/aspectj/apache/bcel/generic/MethodGen setMaxLocals (I)V 937 1 117 0 0
ciMethod org/aspectj/apache/bcel/generic/MethodGen setMaxStack (I)V 937 1 117 0 0
ciMethod org/aspectj/apache/bcel/generic/FieldGenOrMethodGen addAttribute (Lorg/aspectj/apache/bcel/classfile/Attribute;)V 89 1 585 0 0
ciMethod org/aspectj/apache/bcel/classfile/LineNumber <init> (Ljava/io/DataInputStream;)V 3137 1 7033 0 0
ciMethod org/aspectj/apache/bcel/classfile/LineNumber <init> (II)V 3137 1 7033 0 0
ciMethod org/aspectj/apache/bcel/classfile/LineNumber getLineNumber ()I 1089 1 136 0 0
ciMethod org/aspectj/apache/bcel/classfile/LineNumber getStartPC ()I 1089 1 136 0 0
ciMethod org/aspectj/apache/bcel/generic/LineNumberTag <init> (I)V 4097 1 7340 0 0
ciMethod org/aspectj/apache/bcel/generic/LineNumberTag hashCode ()I 1025 1 128 0 0
ciMethod org/aspectj/apache/bcel/generic/CodeExceptionGen <init> (Lorg/aspectj/apache/bcel/generic/InstructionHandle;Lorg/aspectj/apache/bcel/generic/InstructionHandle;Lorg/aspectj/apache/bcel/generic/InstructionHandle;Lorg/aspectj/apache/bcel/generic/ObjectType;)V 481 1 60 0 -1
ciMethod org/aspectj/apache/bcel/generic/CodeExceptionGen setStartPC (Lorg/aspectj/apache/bcel/generic/InstructionHandle;)V 113 1 67 0 -1
ciMethod org/aspectj/apache/bcel/generic/CodeExceptionGen setEndPC (Lorg/aspectj/apache/bcel/generic/InstructionHandle;)V 113 1 67 0 -1
ciMethod org/aspectj/apache/bcel/generic/CodeExceptionGen setHandlerPC (Lorg/aspectj/apache/bcel/generic/InstructionHandle;)V 113 1 67 0 -1
ciMethodData org/aspectj/apache/bcel/classfile/ConstantPool getConstant (IB)Lorg/aspectj/apache/bcel/classfile/Constant; 2 6464 orig 80 30 1 0 0 0 0 0 0 0 0 0 0 0 0 0 0 0 0 0 0 0 0 0 0 0 0 0 0 0 0 0 0 0 0 0 0 0 0 0 0 0 0 0 0 0 0 0 0 0 0 0 0 0 0 0 0 0 0 0 0 0 0 0 0 0 0 0 0 0 0 0 0 0 0 0 0 0 0 0 0 data 75 0x20005 0x0 0x0 0x14fd28e7840 0x1822 0x0 0x0 0xb0007 0x0 0x20 0x1822 0x180002 0x0 0x1d0005 0x0 0x0 0x0 0x0 0x0 0x0 0x250005 0x0 0x0 0x0 0x0 0x0 0x0 0x2a0005 0x0 0x0 0x0 0x0 0x0 0x0 0x2e0005 0x0 0x0 0x0 0x0 0x0 0x0 0x330005 0x0 0x0 0x0 0x0 0x0 0x0 0x370005 0x0 0x0 0x0 0x0 0x0 0x0 0x3a0005 0x0 0x0 0x0 0x0 0x0 0x0 0x3d0002 0x0 0x0 0x0 0x0 0x0 0x0 0x0 0x9 0x3 0x0 0x0 0x0 oops 1 3 org/aspectj/apache/bcel/classfile/ConstantPool methods 0
ciMethodData org/aspectj/apache/bcel/classfile/LocalVariable <init> (Ljava/io/DataInputStream;Lorg/aspectj/apache/bcel/classfile/ConstantPool;)V 2 3939 orig 80 0 1 0 0 0 0 0 0 0 0 0 0 0 0 0 0 0 0 0 0 0 0 0 0 0 0 0 0 0 0 0 0 0 0 0 0 0 0 0 0 0 0 0 0 0 0 0 0 0 0 0 0 0 0 0 0 0 0 0 0 0 0 0 0 0 0 0 0 0 0 0 0 0 0 0 0 0 0 0 0 data 48 0x20005 0xe63 0x0 0x0 0x0 0x0 0x0 0x60005 0xe63 0x0 0x0 0x0 0x0 0x0 0xa0005 0xe63 0x0 0x0 0x0 0x0 0x0 0xe0005 0xe63 0x0 0x0 0x0 0x0 0x0 0x120005 0xe63 0x0 0x0 0x0 0x0 0x0 0x160002 0xe63 0x0 0x0 0x0 0x0 0x0 0x0 0x9 0x3 0x0 0x0 0x0 oops 0 methods 0
ciMethodData org/aspectj/apache/bcel/classfile/LocalVariable <init> (IIIIILorg/aspectj/apache/bcel/classfile/ConstantPool;)V 2 6753 orig 80 255 0 0 0 0 0 0 0 0 0 0 0 0 0 0 0 0 0 0 0 0 0 0 0 0 0 0 0 0 0 0 0 0 0 0 0 0 0 0 0 0 0 0 0 0 0 0 0 0 0 0 0 0 0 0 0 0 0 0 0 0 0 0 0 0 0 0 0 0 0 0 0 0 0 0 0 0 0 0 0 data 15 0x10002 0x1962 0x0 0x0 0x0 0x0 0x9 0x7 0x0 0x0 0x0 0x0 0x0 0x0 0x0 oops 0 methods 0
ciMethodData org/aspectj/apache/bcel/generic/InstructionHandle addTargeter (Lorg/aspectj/apache/bcel/generic/InstructionTargeter;)V 2 113298 orig 80 128 1 0 0 0 0 0 0 0 0 0 0 0 0 0 0 0 0 0 0 0 0 0 0 0 0 0 0 0 0 0 0 0 0 0 0 0 0 0 0 0 0 0 0 0 0 0 0 0 0 0 0 0 0 0 0 0 0 0 0 0 0 0 0 0 0 0 0 0 0 0 0 0 0 0 0 0 0 0 0 data 23 0x70007 0x14491 0x30 0x7481 0xf0002 0x7481 0x1a0005 0x0 0x0 0x14fd20e4cd0 0x1b912 0x0 0x0 0x0 0x0 0x0 0x0 0x0 0x0 0x9 0x2 0x18 0xffffffffffffffff oops 1 9 java/util/HashSet methods 0
ciMethodData org/aspectj/apache/bcel/generic/LocalVariableTag hashCode ()I 2 34640 orig 80 181 1 0 0 0 0 0 0 0 0 0 0 0 0 0 0 0 0 0 0 0 0 0 0 0 0 0 0 0 0 0 0 0 0 0 0 0 0 0 0 0 0 0 0 0 0 0 0 0 0 0 0 0 0 0 0 0 0 0 0 0 0 0 0 0 0 0 0 0 0 0 0 0 0 0 0 0 0 0 0 data 27 0x40007 0x7eed 0x90 0x6ae 0xb0005 0x6ae 0x0 0x0 0x0 0x0 0x0 0x170005 0x6ae 0x0 0x0 0x0 0x0 0x0 0x0 0x0 0x0 0x0 0x0 0x0 0x9 0x1 0x0 oops 0 methods 0
ciMethodData org/aspectj/apache/bcel/classfile/Method getCode ()Lorg/aspectj/apache/bcel/classfile/Code; 2 49663 orig 80 0 2 0 0 0 0 0 0 0 0 0 0 0 0 0 0 0 0 0 0 0 0 0 0 0 0 0 0 0 0 0 0 0 0 0 0 0 0 0 0 0 0 0 0 0 0 0 0 0 0 0 0 0 0 0 0 0 0 0 0 0 0 0 0 0 0 0 0 0 0 0 0 0 0 0 0 0 0 0 0 data 11 0x40002 0xbfff 0x0 0x0 0x0 0x0 0x0 0x0 0x9 0x1 0x0 oops 0 methods 0
ciMethodData org/aspectj/apache/bcel/classfile/LineNumber <init> (Ljava/io/DataInputStream;)V 2 7033 orig 80 136 1 0 0 0 0 0 0 0 0 0 0 0 0 0 0 0 0 0 0 0 0 0 0 0 0 0 0 0 0 0 0 0 0 0 0 0 0 0 0 0 0 0 0 0 0 0 0 0 0 0 0 0 0 0 0 0 0 0 0 0 0 0 0 0 0 0 0 0 0 0 0 0 0 0 0 0 0 0 0 data 26 0x20005 0x19f1 0x0 0x0 0x0 0x0 0x0 0x60005 0x19f1 0x0 0x0 0x0 0x0 0x0 0x90002 0x19f1 0x0 0x0 0x0 0x0 0x0 0x0 0x9 0x2 0x0 0x0 oops 0 methods 0
ciMethodData org/aspectj/apache/bcel/classfile/ExceptionTable getExceptionNames ()[Ljava/lang/String; 2 2145 orig 80 8 0 0 0 0 0 0 0 0 0 0 0 0 0 0 0 0 0 0 0 0 0 0 0 0 0 0 0 0 0 0 0 0 0 0 0 0 0 0 0 0 0 0 0 0 0 0 0 0 0 0 0 0 0 0 0 0 0 0 0 0 0 0 0 0 0 0 0 0 0 0 0 0 0 0 0 0 0 0 0 data 37 0xf0007 0x834 0xe0 0x859 0x200005 0x0 0x0 0x14fd28e7840 0x859 0x0 0x0 0x270005 0x859 0x0 0x0 0x0 0x0 0x0 0x2a0004 0x0 0x0 0x14faff658e0 0x859 0x0 0x0 0x2e0003 0x859 0xffffffffffffff38 0x0 0x0 0x0 0x0 0x0 0x0 0x9 0x1 0x0 oops 2 7 org/aspectj/apache/bcel/classfile/ConstantPool 21 java/lang/String methods 0
ciMethodData java/io/FilterInputStream close ()V 2 4876 orig 80 137 1 0 0 0 0 0 0 0 0 0 0 0 0 0 0 0 0 0 0 0 0 0 0 0 0 0 0 0 0 0 0 0 0 0 0 0 0 0 0 0 0 0 0 0 0 0 0 0 0 0 0 0 0 0 0 0 0 0 0 0 0 0 0 0 0 0 0 0 0 0 0 0 0 0 0 0 0 0 0 data 16 0x40005 0x299 0x0 0x14faff68620 0xbdf 0x14fd3556f30 0x30b 0x0 0x0 0x0 0x0 0x0 0x0 0x9 0x1 0x0 oops 2 3 java/io/ByteArrayInputStream 5 java/io/BufferedInputStream methods 0
ciMethodData java/io/DataInputStream <init> (Ljava/io/InputStream;)V 2 3622 orig 80 139 1 0 0 0 0 0 0 0 0 0 0 0 0 0 0 0 0 0 0 0 0 0 0 0 0 0 0 0 0 0 0 0 0 0 0 0 0 0 0 0 0 0 0 0 0 0 0 0 0 0 0 0 0 0 0 0 0 0 0 0 0 0 0 0 0 0 0 0 0 0 0 0 0 0 0 0 0 0 0 data 10 0x20002 0xc9b 0x0 0x0 0x0 0x0 0x9 0x2 0x0 0x0 oops 0 methods 0
ciMethodData org/aspectj/apache/bcel/classfile/annotation/RuntimeAnnos getAnnotations ()Ljava/util/List; 2 2480 orig 80 229 0 0 0 0 0 0 0 0 0 0 0 0 0 0 0 0 0 0 0 0 0 0 0 0 0 0 0 0 0 0 0 0 0 0 0 0 0 0 0 0 0 0 0 0 0 0 0 0 0 0 0 0 0 0 0 0 0 0 0 0 0 0 0 0 0 0 0 0 0 0 0 0 0 0 0 0 0 0 0 data 13 0x40007 0x6d9 0x30 0x1f2 0x80002 0x1f2 0x0 0x0 0x0 0x0 0x9 0x1 0x18 oops 0 methods 0
ciMethodData org/aspectj/apache/bcel/classfile/annotation/RuntimeAnnos inflate ()V 1 609 orig 80 47 0 0 0 0 0 0 0 0 0 0 0 0 0 0 0 0 0 0 0 0 0 0 0 0 0 0 0 0 0 0 0 0 0 0 0 0 0 0 0 0 0 0 0 0 0 0 0 0 0 0 0 0 0 0 0 0 0 0 0 0 0 0 0 0 0 0 0 0 0 0 0 0 0 0 0 0 0 0 0 data 61 0xc0002 0x104 0xf0002 0x104 0x140005 0x104 0x0 0x0 0x0 0x0 0x0 0x190007 0x0 0xe8 0x104 0x200002 0x104 0x2a0007 0x104 0xb8 0x13d 0x300005 0x13d 0x0 0x0 0x0 0x0 0x0 0x370002 0x13d 0x3a0005 0x0 0x0 0x14fd28e9bb0 0x13d 0x0 0x0 0x430003 0x13d 0xffffffffffffff60 0x4c0005 0x0 0x0 0x14fd20d9300 0x104 0x0 0x0 0x540003 0x104 0x28 0x5e0002 0x0 0x0 0x0 0x0 0x0 0x0 0x0 0x9 0x1 0x18 oops 2 33 java/util/ArrayList 43 java/io/DataInputStream methods 0
ciMethodData org/aspectj/apache/bcel/generic/InstructionList findHandle ([Lorg/aspectj/apache/bcel/generic/InstructionHandle;[IIIZ)Lorg/aspectj/apache/bcel/generic/InstructionHandle; 2 34973 orig 80 66 5 0 0 0 0 0 0 0 0 0 0 0 0 0 0 0 0 0 0 0 0 0 0 0 0 0 0 0 0 0 0 0 0 0 0 0 0 0 0 0 0 0 0 0 0 0 0 0 0 0 0 0 0 0 0 0 0 0 0 0 0 0 0 0 0 0 0 0 0 0 0 0 0 0 0 0 0 0 0 data 34 0x1a0007 0x835b 0x20 0x2ad4 0x250007 0x34e8 0x38 0x4e73 0x2e0003 0x4e73 0x18 0x3b0007 0x835b 0xffffffffffffffa8 0x0 0x400007 0x0 0x40 0x0 0x4e0007 0x0 0x20 0x0 0x0 0x0 0x0 0x0 0x9 0x5 0x0 0x0 0x0 0x0 0x0 oops 0 methods 0
ciMethodData org/aspectj/apache/bcel/generic/MethodGen <init> (Lorg/aspectj/apache/bcel/classfile/Method;Ljava/lang/String;Lorg/aspectj/apache/bcel/classfile/ConstantPool;Z)V 2 94153 orig 80 252 6 0 0 0 0 0 0 0 0 0 0 0 0 0 0 0 0 0 0 0 0 0 0 0 0 0 0 0 0 0 0 0 0 0 0 0 0 0 0 0 0 0 0 0 0 0 0 0 0 0 0 0 0 0 0 0 0 0 0 0 0 0 0 0 0 0 0 0 0 0 0 0 0 0 0 0 0 0 0 data 801 0x20005 0x5bb 0x0 0x0 0x0 0x0 0x0 0x60005 0x5bb 0x0 0x0 0x0 0x0 0x0 0xa0005 0x5bb 0x0 0x0 0x0 0x0 0x0 0xf0005 0x5bb 0x0 0x0 0x0 0x0 0x0 0x140005 0x5bb 0x0 0x0 0x0 0x0 0x0 0x1b0007 0x0 0xb8 0x5bb 0x230005 0x5bb 0x0 0x0 0x0 0x0 0x0 0x260005 0x5bb 0x0 0x0 0x0 0x0 0x0 0x290002 0x5bb 0x2c0003 0x5bb 0x18 0x310002 0x5bb 0x350005 0x5bb 0x0 0x0 0x0 0x0 0x0 0x4a0007 0x5bb 0x1620 0x838 0x5a0004 0xfffffffffffffd83 0x0 0x14fd28e92c0 0x5bb 0x14fd28e9370 0x2 0x5d0007 0x27d 0x1310 0x5bb 0x620004 0x0 0x0 0x14fd28e92c0 0x5bb 0x0 0x0 0x6a0005 0x5bb 0x0 0x0 0x0 0x0 0x0 0x6d0005 0x0 0x0 0x14fd28e7560 0x5bb 0x0 0x0 0x730005 0x5bb 0x0 0x0 0x0 0x0 0x0 0x760005 0x0 0x0 0x14fd28e7560 0x5bb 0x0 0x0 0x7b0005 0x5bb 0x0 0x0 0x0 0x0 0x0 0x840005 0x0 0x0 0x14fd28e9420 0x5bb 0x0 0x0 0x8b0007 0x0 0x3d0 0x5bb 0x9e0007 0x5bb 0x3b0 0x3c 0xaa0005 0x3c 0x0 0x0 0x0 0x0 0x0 0xb40007 0x0 0xa0 0x3c 0xb80005 0x3c 0x0 0x0 0x0 0x0 0x0 0xbd0005 0x0 0x0 0x14fd28e7840 0x3c 0x0 0x0 0xc80002 0x3c 0xcf0005 0x3c 0x0 0x0 0x0 0x0 0x0 0xd50005 0x3c 0x0 0x0 0x0 0x0 0x0 0xd80005 0x3c 0x0 0x0 0x0 0x0 0x0 0xe20007 0x3c 0x70 0x0 0xe90005 0x0 0x0 0x0 0x0 0x0 0x0 0xee0003 0x0 0x88 0xf90005 0x0 0x0 0x14fd28e9420 0x3c 0x0 0x0 0x1000005 0x3c 0x0 0x0 0x0 0x0 0x0 0x10c0005 0x3c 0x0 0x0 0x0 0x0 0x0 0x1110005 0x0 0x0 0x14fd28e9420 0x3c 0x0 0x0 0x11c0005 0x3c 0x0 0x0 0x0 0x0 0x0 0x1210005 0x0 0x0 0x14fd28e9420 0x3c 0x0 0x0 0x1260005 0x0 0x0 0x14fd28e7560 0x3c 0x0 0x0 0x12d0003 0x3c 0xfffffffffffffc68 0x1320005 0x5bb 0x0 0x0 0x0 0x0 0x0 0x1470007 0x5bb 0xd48 0xc50 0x1570004 0xfffffffffffff961 0x0 0x14fd28e94d0 0x5b1 0x14fd28e9580 0x30 0x15a0007 0x69f 0x340 0x5b1 0x15f0004 0x0 0x0 0x14fd28e94d0 0x5b1 0x0 0x0 0x1620005 0x5b1 0x0 0x0 0x0 0x0 0x0 0x1690007 0x0 0x180 0x5b1 0x17c0007 0x5b1 0x148 0x1a1d 0x1880005 0x1a1d 0x0 0x0 0x0 0x0 0x0 0x1930007 0x32e 0x20 0x16ef 0x1a20002 0x1a1d 0x1ad0005 0x1a1d 0x0 0x0 0x0 0x0 0x0 0x1b30005 0x0 0x0 0x14fd28e9420 0x1a1d 0x0 0x0 0x1b80005 0x0 0x0 0x14fd28e9630 0x19ff 0x14fd28e96e0 0x1e 0x1be0003 0x1a1d 0xfffffffffffffed0 0x1c10003 0x5b1 0x130 0x1d40007 0x0 0x118 0x0 0x1e50005 0x0 0x0 0x0 0x0 0x0 0x0 0x1eb0005 0x0 0x0 0x0 0x0 0x0 0x0 0x1f00005 0x0 0x0 0x0 0x0 0x0 0x0 0x1f30005 0x0 0x0 0x0 0x0 0x0 0x0 0x1fa0003 0x0 0xffffffffffffff00 0x1fd0003 0x5b1 0x9b0 0x2020004 0xfffffffffffffe49 0x0 0x14fd28e9580 0x4e8 0x14fd28e9790 0x5 0x2050007 0x1b7 0x928 0x4e8 0x20a0007 0x0 0x500 0x4e8 0x20f0004 0x0 0x0 0x14fd28e9580 0x4e8 0x0 0x0 0x2120005 0x4e8 0x0 0x0 0x0 0x0 0x0 0x2270007 0x4e8 0x458 0xe2a 0x2330005 0xe2a 0x0 0x0 0x0 0x0 0x0 0x2360002 0xe2a 0x2430005 0xe2a 0x0 0x0 0x0 0x0 0x0 0x2480005 0xe2a 0x0 0x0 0x0 0x0 0x0 0x24d0005 0xe2a 0x0 0x0 0x0 0x0 0x0 0x2520005 0xe2a 0x0 0x0 0x0 0x0 0x0 0x2550002 0xe2a 0x2600005 0xe2a 0x0 0x0 0x0 0x0 0x0 0x2660005 0x0 0x0 0x14fd28e9420 0xe2a 0x0 0x0 0x26d0005 0x10f 0x0 0x14fd28e9840 0xcab 0x14fd28e98f0 0x70 0x2760007 0x0 0xe8 0xe2a 0x27b0005 0x10f 0x0 0x14fd28e9840 0xcab 0x14fd28e98f0 0x70 0x2820005 0xe2a 0x0 0x0 0x0 0x0 0x0 0x28c0007 0xe2a 0x58 0x0 0x2920005 0x0 0x0 0x0 0x0 0x0 0x0 0x29d0005 0xe2a 0x0 0x0 0x0 0x0 0x0 0x2a20005 0xe2a 0x0 0x0 0x0 0x0 0x0 0x2ac0005 0x0 0x0 0x14fd28e9630 0x13172 0x14fd28e96e0 0x878 0x2b10005 0x139ea 0x0 0x0 0x0 0x0 0x0 0x2b80007 0xdc4 0x78 0x12c26 0x2bd0005 0x0 0x0 0x14fd28e9630 0x1239a 0x14fd28e96e0 0x88c 0x2c20007 0x12bc0 0xffffffffffffff38 0x66 0x2c80003 0xe2a 0xfffffffffffffbc0 0x2cb0003 0x4e8 0x458 0x2d00004 0x0 0x0 0x0 0x0 0x0 0x0 0x2d30005 0x0 0x0 0x0 0x0 0x0 0x0 0x2d90005 0x0 0x0 0x0 0x0 0x0 0x0 0x2ec0007 0x0 0x348 0x0 0x2fc0005 0x0 0x0 0x0 0x0 0x0 0x0 0x3010005 0x0 0x0 0x0 0x0 0x0 0x0 0x30c0005 0x0 0x0 0x0 0x0 0x0 0x0 0x3110005 0x0 0x0 0x0 0x0 0x0 0x0 0x3170005 0x0 0x0 0x0 0x0 0x0 0x0 0x31e0007 0x0 0x58 0x0 0x3230005 0x0 0x0 0x0 0x0 0x0 0x0 0x32b0007 0x0 0x58 0x0 0x3320005 0x0 0x0 0x0 0x0 0x0 0x0 0x33a0007 0x0 0x58 0x0 0x3410005 0x0 0x0 0x0 0x0 0x0 0x0 0x3490005 0x0 0x0 0x0 0x0 0x0 0x0 0x34e0005 0x0 0x0 0x0 0x0 0x0 0x0 0x3510002 0x0 0x3560005 0x0 0x0 0x0 0x0 0x0 0x0 0x35d0005 0x0 0x0 0x0 0x0 0x0 0x0 0x3640003 0x0 0xfffffffffffffcd0 0x3670003 0x0 0x50 0x36d0005 0x0 0x0 0x14fd28e7560 0x1b7 0x0 0x0 0x3730003 0xc50 0xfffffffffffff2d0 0x3760003 0x5bb 0x2b8 0x37b0004 0xfffffffffffffd8f 0x0 0x14fd28e9370 0x2 0x14fd28e99a0 0x1 0x37e0007 0x271 0x118 0xc 0x3830004 0x0 0x0 0x14fd28e9a50 0xc 0x0 0x0 0x3860005 0xc 0x0 0x0 0x0 0x0 0x0 0x39b0007 0xc 0x70 0x2 0x3a80005 0x0 0x0 0x14fd28e7560 0x2 0x0 0x0 0x3ae0003 0x2 0xffffffffffffffa8 0x3b10003 0xc 0x168 0x3b60004 0xfffffffffffffdbf 0x0 0x14fd28e9370 0x2 0x14fd28e99a0 0x1 0x3b90007 0x241 0xe0 0x30 0x3be0004 0x0 0x0 0x14fd28e9b00 0x30 0x0 0x0 0x3c50005 0x0 0x0 0x14fd28e9b00 0x30 0x0 0x0 0x3d00005 0x0 0x0 0x14fd28e9bb0 0x30 0x0 0x0 0x3d60003 0x30 0x50 0x3dc0005 0x0 0x0 0x14fd28e7560 0x241 0x0 0x0 0x3e20003 0x838 0xffffffffffffe9f8 0x0 0x0 0x0 0x0 0x0 0x0 0x0 0x0 0x0 0x0 0x0 0x0 0x0 0x0 0x0 0x0 0x0 0x0 0x0 0x9 0x5 0x0 0x0 0x0 0x0 0x0 oops 40 74 org/aspectj/apache/bcel/classfile/Code 76 org/aspectj/apache/bcel/classfile/annotation/RuntimeVisParamAnnos 85 org/aspectj/apache/bcel/classfile/Code 99 org/aspectj/apache/bcel/generic/MethodGen 113 org/aspectj/apache/bcel/generic/MethodGen 127 org/aspectj/apache/bcel/generic/InstructionList 160 org/aspectj/apache/bcel/classfile/ConstantPool 204 org/aspectj/apache/bcel/generic/InstructionList 225 org/aspectj/apache/bcel/generic/InstructionList 239 org/aspectj/apache/bcel/generic/InstructionList 246 org/aspectj/apache/bcel/generic/MethodGen 267 org/aspectj/apache/bcel/classfile/LineNumberTable 269 org/aspectj/apache/bcel/classfile/LocalVariableTable 278 org/aspectj/apache/bcel/classfile/LineNumberTable 320 org/aspectj/apache/bcel/generic/InstructionList 327 org/aspectj/apache/bcel/generic/InstructionHandle 329 org/aspectj/apache/bcel/generic/BranchHandle 378 org/aspectj/apache/bcel/classfile/LocalVariableTable 380 org/aspectj/apache/bcel/classfile/Unknown 393 org/aspectj/apache/bcel/classfile/LocalVariableTable 457 org/aspectj/apache/bcel/generic/InstructionList 464 org/aspectj/apache/bcel/generic/ObjectType 466 org/aspectj/apache/bcel/generic/ArrayType 475 org/aspectj/apache/bcel/generic/ObjectType 477 org/aspectj/apache/bcel/generic/ArrayType 514 org/aspectj/apache/bcel/generic/InstructionHandle 516 org/aspectj/apache/bcel/generic/BranchHandle 532 org/aspectj/apache/bcel/generic/InstructionHandle 534 org/aspectj/apache/bcel/generic/BranchHandle 678 org/aspectj/apache/bcel/generic/MethodGen 691 org/aspectj/apache/bcel/classfile/annotation/RuntimeVisParamAnnos 693 org/aspectj/apache/bcel/classfile/Deprecated 702 org/aspectj/apache/bcel/classfile/ExceptionTable 720 org/aspectj/apache/bcel/generic/MethodGen 733 org/aspectj/apache/bcel/classfile/annotation/RuntimeVisParamAnnos 735 org/aspectj/apache/bcel/classfile/Deprecated 744 org/aspectj/apache/bcel/classfile/annotation/RuntimeVisAnnos 751 org/aspectj/apache/bcel/classfile/annotation/RuntimeVisAnnos 758 java/util/ArrayList 768 org/aspectj/apache/bcel/generic/MethodGen methods 0
ciMethodData org/aspectj/apache/bcel/generic/Tag <init> ()V 2 11048 orig 80 0 2 0 0 0 0 0 0 0 0 0 0 0 0 0 0 0 0 0 0 0 0 0 0 0 0 0 0 0 0 0 0 0 0 0 0 0 0 0 0 0 0 0 0 0 0 0 0 0 0 0 0 0 0 0 0 0 0 0 0 0 0 0 0 0 0 0 0 0 0 0 0 0 0 0 0 0 0 0 0 data 7 0x10002 0x2928 0x0 0x0 0x9 0x1 0x0 oops 0 methods 0
ciMethodData org/aspectj/apache/bcel/classfile/LineNumber <init> (II)V 2 7033 orig 80 136 1 0 0 0 0 0 0 0 0 0 0 0 0 0 0 0 0 0 0 0 0 0 0 0 0 0 0 0 0 0 0 0 0 0 0 0 0 0 0 0 0 0 0 0 0 0 0 0 0 0 0 0 0 0 0 0 0 0 0 0 0 0 0 0 0 0 0 0 0 0 0 0 0 0 0 0 0 0 0 data 11 0x10002 0x19f1 0x0 0x0 0x0 0x0 0x9 0x3 0x0 0x0 0x0 oops 0 methods 0
ciMethodData org/aspectj/apache/bcel/generic/InstructionList findHandle (I[Lorg/aspectj/apache/bcel/generic/InstructionHandle;Z)Lorg/aspectj/apache/bcel/generic/InstructionHandle; 2 10733 orig 80 0 2 0 0 0 0 0 0 0 0 0 0 0 0 0 0 0 0 0 0 0 0 0 0 0 0 0 0 0 0 0 0 0 0 0 0 0 0 0 0 0 0 0 0 0 0 0 0 0 0 0 0 0 0 0 0 0 0 0 0 0 0 0 0 0 0 0 0 0 0 0 0 0 0 0 0 0 0 0 0 data 14 0xb0002 0x27ed 0x0 0x0 0x0 0x0 0x0 0x0 0x9 0x4 0x0 0x0 0x0 0x0 oops 0 methods 0
ciMethodData org/aspectj/apache/bcel/generic/LineNumberTag <init> (I)V 2 7348 orig 80 0 2 0 0 0 0 0 0 0 0 0 0 0 0 0 0 0 0 0 0 0 0 0 0 0 0 0 0 0 0 0 0 0 0 0 0 0 0 0 0 0 0 0 0 0 0 0 0 0 0 0 0 0 0 0 0 0 0 0 0 0 0 0 0 0 0 0 0 0 0 0 0 0 0 0 0 0 0 0 0 data 10 0x10002 0x1ab4 0x0 0x0 0x0 0x0 0x9 0x2 0x6 0x0 oops 0 methods 0
ciMethodData org/aspectj/apache/bcel/classfile/LocalVariable getSignature ()Ljava/lang/String; 2 7400 orig 80 4 1 0 0 0 0 0 0 0 0 0 0 0 0 0 0 0 0 0 0 0 0 0 0 0 0 0 0 0 0 0 0 0 0 0 0 0 0 0 0 0 0 0 0 0 0 0 0 0 0 0 0 0 0 0 0 0 0 0 0 0 0 0 0 0 0 0 0 0 0 0 0 0 0 0 0 0 0 0 0 data 30 0x90005 0x0 0x0 0x14fd28e7840 0x1be4 0x0 0x0 0xc0004 0x0 0x0 0x14fd1fca660 0x1be4 0x0 0x0 0x110005 0x1be4 0x0 0x0 0x0 0x0 0x0 0x0 0x0 0x0 0x0 0x0 0x0 0x9 0x1 0x0 oops 2 3 org/aspectj/apache/bcel/classfile/ConstantPool 10 org/aspectj/apache/bcel/classfile/ConstantUtf8 methods 0
ciMethodData org/aspectj/apache/bcel/generic/InstructionList findHandle ([Lorg/aspectj/apache/bcel/generic/InstructionHandle;[III)Lorg/aspectj/apache/bcel/generic/InstructionHandle; 1 232 orig 80 12 0 0 0 0 0 0 0 0 0 0 0 0 0 0 0 0 0 0 0 0 0 0 0 0 0 0 0 0 0 0 0 0 0 0 0 0 0 0 0 0 0 0 0 0 0 0 0 0 0 0 0 0 0 0 0 0 0 0 0 0 0 0 0 0 0 0 0 0 0 0 0 0 0 0 0 0 0 0 0 data 14 0x50002 0xdc 0x0 0x0 0x0 0x0 0x0 0x0 0x9 0x4 0x0 0x0 0x0 0x0 oops 0 methods 0
ciMethodData org/aspectj/apache/bcel/generic/InstructionBranch notifyTarget (Lorg/aspectj/apache/bcel/generic/InstructionHandle;Lorg/aspectj/apache/bcel/generic/InstructionHandle;Lorg/aspectj/apache/bcel/generic/InstructionTargeter;)V 1 253 orig 80 15 0 0 0 0 0 0 0 0 0 0 0 0 0 0 0 0 0 0 0 0 0 0 0 0 0 0 0 0 0 0 0 0 0 0 0 0 0 0 0 0 0 0 0 0 0 0 0 0 0 0 0 0 0 0 0 0 0 0 0 0 0 0 0 0 0 0 0 0 0 0 0 0 0 0 0 0 0 0 0 data 33 0x10007 0xdc 0x58 0x12 0x60005 0x0 0x0 0x14fd28e9630 0x12 0x0 0x0 0xa0007 0x12 0x58 0xdc 0xf0005 0x0 0x0 0x14fd28e9630 0xdb 0x14fd28e96e0 0x1 0x0 0x0 0x0 0x0 0x0 0x0 0x9 0x3 0x0 0x0 0x0 oops 3 7 org/aspectj/apache/bcel/generic/InstructionHandle 18 org/aspectj/apache/bcel/generic/InstructionHandle 20 org/aspectj/apache/bcel/generic/BranchHandle methods 0
ciMethodData org/aspectj/apache/bcel/generic/InstructionHandle removeTargeter (Lorg/aspectj/apache/bcel/generic/InstructionTargeter;)V 1 21 orig 80 3 0 0 0 0 0 0 0 0 0 0 0 0 0 0 0 0 0 0 0 0 0 0 0 0 0 0 0 0 0 0 0 0 0 0 0 0 0 0 0 0 0 0 0 0 0 0 0 0 0 0 0 0 0 0 0 0 0 0 0 0 0 0 0 0 0 0 0 0 0 0 0 0 0 0 0 0 0 0 0 data 17 0x50005 0x0 0x0 0x14fd20e4cd0 0x12 0x0 0x0 0x0 0x0 0x0 0x0 0x0 0x0 0x9 0x2 0x0 0xffffffffffffffff oops 1 3 java/util/HashSet methods 0
ciMethodData org/aspectj/apache/bcel/generic/Type getType (Ljava/lang/String;)Lorg/aspectj/apache/bcel/generic/Type; 2 5304 orig 80 1 1 0 0 0 0 0 0 0 0 0 0 0 0 0 0 0 0 0 0 0 0 0 0 0 0 0 0 0 0 0 0 0 0 0 0 0 0 0 0 0 0 0 0 0 0 0 0 0 0 0 0 0 0 0 0 0 0 0 0 0 0 0 0 0 0 0 0 0 0 0 0 0 0 0 0 0 0 0 0 data 155 0x40005 0x0 0x0 0x14fd20e6510 0x13b7 0x0 0x0 0x90104 0x0 0x0 0x14fd1b279f0 0x6b5 0x14fd28e9840 0x1ed 0xe0007 0xae2 0x20 0x8d5 0x140002 0xae2 0x1b0007 0xae2 0x30 0x0 0x1f0002 0x0 0x260007 0xaa7 0xd0 0x3b 0x300005 0x3c 0x0 0x0 0x0 0x0 0x0 0x350007 0x1 0xffffffffffffffc8 0x3b 0x3a0005 0x3b 0x0 0x0 0x0 0x0 0x0 0x3d0002 0x3b 0x490002 0x3b 0x500005 0xaa7 0x0 0x0 0x0 0x0 0x0 0x570005 0xaa7 0x0 0x0 0x0 0x0 0x0 0x610007 0xaa7 0x40 0x0 0x670007 0x0 0xa8 0x0 0x6e0005 0xaa7 0x0 0x0 0x0 0x0 0x0 0x750005 0xaa7 0x0 0x0 0x0 0x0 0x0 0x7a0003 0xaa7 0x1c0 0x880007 0x0 0x138 0x0 0x910005 0x0 0x0 0x0 0x0 0x0 0x0 0x940008 0xa 0x0 0xc8 0x0 0x90 0x0 0x60 0x0 0xc8 0x0 0x78 0xb70003 0x0 0xffffffffffffff48 0xbd0003 0x0 0xffffffffffffff30 0xc20007 0x0 0xffffffffffffff18 0x0 0xc80003 0x0 0xfffffffffffffef8 0xcb0003 0x0 0xfffffffffffffee0 0xd70005 0x0 0x0 0x0 0x0 0x0 0x0 0xde0005 0x0 0x0 0x0 0x0 0x0 0x0 0xe90002 0xaa7 0x0 0x0 0x0 0x0 0x0 0x0 0x9 0x1 0x0 oops 3 3 java/util/HashMap 10 org/aspectj/apache/bcel/generic/BasicType 12 org/aspectj/apache/bcel/generic/ObjectType methods 0
ciMethodData org/aspectj/apache/bcel/classfile/Utility typeOfSignature (Ljava/lang/String;)B 2 5437 orig 80 197 0 0 0 0 0 0 0 0 0 0 0 0 0 0 0 0 0 0 0 0 0 0 0 0 0 0 0 0 0 0 0 0 0 0 0 0 0 0 0 0 0 0 0 0 0 0 0 0 0 0 0 0 0 0 0 0 0 0 0 0 0 0 0 0 0 0 0 0 0 0 0 0 0 0 0 0 0 0 0 data 122 0x20005 0x1478 0x0 0x0 0x0 0x0 0x0 0x50008 0x36 0x0 0x1c0 0x6 0x1c0 0xa 0x1c0 0x1 0x1c0 0x0 0x1c0 0x1 0x1c0 0x0 0x1c0 0x0 0x1c0 0xb3 0x1c0 0xb 0x1c0 0x0 0x1c0 0x129c 0x1c0 0x0 0x1c0 0x0 0x1c0 0x0 0x1c0 0x0 0x1c0 0x0 0x1c0 0x0 0x1c0 0x1 0x1c0 0x0 0x1c0 0x0 0x1c0 0x0 0x1c0 0x0 0x1c0 0x0 0x1c0 0x0 0x1c0 0x6f 0x1c0 0x9c 0x1c0 0xa30002 0x0 0xa80005 0x0 0x0 0x0 0x0 0x0 0x0 0xac0005 0x0 0x0 0x0 0x0 0x0 0x0 0xaf0005 0x0 0x0 0x0 0x0 0x0 0x0 0xb20002 0x0 0xbf0002 0x0 0xc40005 0x0 0x0 0x0 0x0 0x0 0x0 0xc80005 0x0 0x0 0x0 0x0 0x0 0x0 0xcb0005 0x0 0x0 0x0 0x0 0x0 0x0 0xce0002 0x0 0x0 0x0 0x0 0x0 0x0 0x0 0x9 0x1 0x0 oops 0 methods 0
ciMethodData org/aspectj/apache/bcel/generic/ArrayType <init> (Lorg/aspectj/apache/bcel/generic/Type;I)V 1 163 orig 80 5 0 0 0 0 0 0 0 0 0 0 0 0 0 0 0 0 0 0 0 0 0 0 0 0 0 0 0 0 0 0 0 0 0 0 0 0 0 0 0 0 0 0 0 0 0 0 0 0 0 0 0 0 0 0 0 0 0 0 0 0 0 0 0 0 0 0 0 0 0 0 0 0 0 0 0 0 0 0 0 data 112 0x50002 0x9c 0xa0007 0x0 0x40 0x9c 0x110007 0x9c 0xe8 0x0 0x1c0002 0x0 0x210005 0x0 0x0 0x0 0x0 0x0 0x0 0x250005 0x0 0x0 0x0 0x0 0x0 0x0 0x280005 0x0 0x0 0x0 0x0 0x0 0x0 0x2b0002 0x0 0x300005 0x0 0x0 0x14fd28e9840 0x83 0x14fd1b279f0 0x19 0x330008 0x6 0x9c 0xa0 0x0 0x90 0x0 0x40 0x4d0004 0x0 0x0 0x0 0x0 0x0 0x0 0x630003 0x0 0x28 0x6c0002 0x0 0x7e0002 0x9c 0x8b0007 0x9c 0x70 0x9e 0x910005 0x9e 0x0 0x0 0x0 0x0 0x0 0x980003 0x9e 0xffffffffffffffa8 0xa00005 0x0 0x0 0x14fd28e9840 0x83 0x14fd1b279f0 0x19 0xa30005 0x9c 0x0 0x0 0x0 0x0 0x0 0xa90005 0x9c 0x0 0x0 0x0 0x0 0x0 0x0 0x0 0x0 0x0 0x0 0x0 0x0 0x0 0x9 0x3 0x0 0x0 0x0 oops 4 38 org/aspectj/apache/bcel/generic/ObjectType 40 org/aspectj/apache/bcel/generic/BasicType 81 org/aspectj/apache/bcel/generic/ObjectType 83 org/aspectj/apache/bcel/generic/BasicType methods 0
ciMethodData org/aspectj/apache/bcel/generic/ObjectType <init> (Ljava/lang/String;)V 2 3240 orig 80 207 0 0 0 0 0 0 0 0 0 0 0 0 0 0 0 0 0 0 0 0 0 0 0 0 0 0 0 0 0 0 0 0 0 0 0 0 0 0 0 0 0 0 0 0 0 0 0 0 0 0 0 0 0 0 0 0 0 0 0 0 0 0 0 0 0 0 0 0 0 0 0 0 0 0 0 0 0 0 0 data 14 0x40002 0xbd9 0x70002 0xbd9 0x0 0x0 0x0 0x0 0x0 0x0 0x9 0x2 0x0 0x0 oops 0 methods 0
ciMethodData org/aspectj/apache/bcel/generic/ObjectType toSignature (Ljava/lang/String;)Ljava/lang/String; 2 5030 orig 80 207 0 0 0 0 0 0 0 0 0 0 0 0 0 0 0 0 0 0 0 0 0 0 0 0 0 0 0 0 0 0 0 0 0 0 0 0 0 0 0 0 0 0 0 0 0 0 0 0 0 0 0 0 0 0 0 0 0 0 0 0 0 0 0 0 0 0 0 0 0 0 0 0 0 0 0 0 0 0 0 data 46 0x40002 0x12d7 0xb0005 0x12d7 0x0 0x0 0x0 0x0 0x0 0x130005 0x12d7 0x0 0x0 0x0 0x0 0x0 0x160005 0x12d7 0x0 0x0 0x0 0x0 0x0 0x1d0005 0x12d7 0x0 0x0 0x0 0x0 0x0 0x220005 0x12d7 0x0 0x0 0x0 0x0 0x0 0x0 0x0 0x0 0x0 0x0 0x0 0x9 0x1 0x0 oops 0 methods 0
ciMethodData org/aspectj/apache/bcel/generic/ReferenceType <init> (BLjava/lang/String;)V 2 3401 orig 80 212 0 0 0 0 0 0 0 0 0 0 0 0 0 0 0 0 0 0 0 0 0 0 0 0 0 0 0 0 0 0 0 0 0 0 0 0 0 0 0 0 0 0 0 0 0 0 0 0 0 0 0 0 0 0 0 0 0 0 0 0 0 0 0 0 0 0 0 0 0 0 0 0 0 0 0 0 0 0 0 data 9 0x30002 0xc0f 0x0 0x0 0x9 0x3 0x6 0x0 0x0 oops 0 methods 0
ciMethodData org/aspectj/apache/bcel/generic/Type <init> (BLjava/lang/String;)V 2 3310 orig 80 223 0 0 0 0 0 0 0 0 0 0 0 0 0 0 0 0 0 0 0 0 0 0 0 0 0 0 0 0 0 0 0 0 0 0 0 0 0 0 0 0 0 0 0 0 0 0 0 0 0 0 0 0 0 0 0 0 0 0 0 0 0 0 0 0 0 0 0 0 0 0 0 0 0 0 0 0 0 0 0 data 11 0x10002 0xc0f 0x0 0x0 0x0 0x0 0x9 0x3 0x6 0x0 0x0 oops 0 methods 0
ciMethodData org/aspectj/apache/bcel/generic/InstructionList getInstructionsAsArray ()[Lorg/aspectj/apache/bcel/generic/InstructionHandle; 2 1533 orig 80 113 0 0 0 0 0 0 0 0 0 0 0 0 0 0 0 0 0 0 0 0 0 0 0 0 0 0 0 0 0 0 0 0 0 0 0 0 0 0 0 0 0 0 0 0 0 0 0 0 0 0 0 0 0 0 0 0 0 0 0 0 0 0 0 0 0 0 0 0 0 0 0 0 0 0 0 0 0 0 0 data 16 0x10005 0x0 0x0 0x14fd28e9420 0x58c 0x0 0x0 0x0 0x0 0x0 0x0 0x0 0x0 0x9 0x1 0x0 oops 1 3 org/aspectj/apache/bcel/generic/InstructionList methods 0
ciMethodData org/aspectj/apache/bcel/generic/InstructionList getInstructionHandles ()[Lorg/aspectj/apache/bcel/generic/InstructionHandle; 2 27917 orig 80 37 7 0 0 0 0 0 0 0 0 0 0 0 0 0 0 0 0 0 0 0 0 0 0 0 0 0 0 0 0 0 0 0 0 0 0 0 0 0 0 0 0 0 0 0 0 0 0 0 0 0 0 0 0 0 0 0 0 0 0 0 0 0 0 0 0 0 0 0 0 0 0 0 0 0 0 0 0 0 0 data 23 0x140007 0x58c 0x70 0x65e8 0x1a0004 0x0 0x0 0x14fd28e9630 0x642a 0x14fd28e96e0 0x1be 0x230003 0x65e8 0xffffffffffffffa8 0x0 0x0 0x0 0x0 0x0 0x0 0x9 0x1 0x0 oops 2 7 org/aspectj/apache/bcel/generic/InstructionHandle 9 org/aspectj/apache/bcel/generic/BranchHandle methods 0
ciMethodData org/aspectj/apache/bcel/classfile/ConstantPool getConstantString_CONSTANTClass (I)Ljava/lang/String; 1 60 orig 80 3 0 0 0 0 0 0 0 0 0 0 0 0 0 0 0 0 0 0 0 0 0 0 0 0 0 0 0 0 0 0 0 0 0 0 0 0 0 0 0 0 0 0 0 0 0 0 0 0 0 0 0 0 0 0 0 0 0 0 0 0 0 0 0 0 0 0 0 0 0 0 0 0 0 0 0 0 0 0 0 data 52 0x40005 0x0 0x0 0x14fd28e7840 0x39 0x0 0x0 0x70004 0x0 0x0 0x14fd10e6b30 0x39 0x0 0x0 0xc0005 0x39 0x0 0x0 0x0 0x0 0x0 0x130005 0x0 0x0 0x14fd28e7840 0x39 0x0 0x0 0x160004 0x0 0x0 0x14fd1fca660 0x39 0x0 0x0 0x190005 0x39 0x0 0x0 0x0 0x0 0x0 0x0 0x0 0x0 0x0 0x0 0x0 0x9 0x2 0x0 0x0 oops 4 3 org/aspectj/apache/bcel/classfile/ConstantPool 10 org/aspectj/apache/bcel/classfile/ConstantClass 24 org/aspectj/apache/bcel/classfile/ConstantPool 31 org/aspectj/apache/bcel/classfile/ConstantUtf8 methods 0
ciMethodData org/aspectj/apache/bcel/generic/InstructionList findHandle (I[Lorg/aspectj/apache/bcel/generic/InstructionHandle;)Lorg/aspectj/apache/bcel/generic/InstructionHandle; 1 180 orig 80 9 0 0 0 0 0 0 0 0 0 0 0 0 0 0 0 0 0 0 0 0 0 0 0 0 0 0 0 0 0 0 0 0 0 0 0 0 0 0 0 0 0 0 0 0 0 0 0 0 0 0 0 0 0 0 0 0 0 0 0 0 0 0 0 0 0 0 0 0 0 0 0 0 0 0 0 0 0 0 0 data 13 0xa0002 0xab 0x0 0x0 0x0 0x0 0x0 0x0 0x9 0x3 0x0 0x0 0x0 oops 0 methods 0
ciMethodData org/aspectj/apache/bcel/generic/MethodGen addExceptionHandler (Lorg/aspectj/apache/bcel/generic/InstructionHandle;Lorg/aspectj/apache/bcel/generic/InstructionHandle;Lorg/aspectj/apache/bcel/generic/InstructionHandle;Lorg/aspectj/apache/bcel/generic/ObjectType;)Lorg/aspectj/apache/bcel/generic/CodeExceptionGen; 1 60 orig 80 3 0 0 0 0 0 0 0 0 0 0 0 0 0 0 0 0 0 0 0 0 0 0 0 0 0 0 0 0 0 0 0 0 0 0 0 0 0 0 0 0 0 0 0 0 0 0 0 0 0 0 0 0 0 0 0 0 0 0 0 0 0 0 0 0 0 0 0 0 0 0 0 0 0 0 0 0 0 0 0 data 36 0x10007 0x0 0x60 0x39 0x50007 0x0 0x40 0x39 0x90007 0x39 0x30 0x0 0x130002 0x0 0x200002 0x39 0x2b0005 0x0 0x0 0x14fd28e9bb0 0x39 0x0 0x0 0x0 0x0 0x0 0x0 0x0 0x0 0x9 0x5 0x0 0x18 0x18 0x18 0x0 oops 1 19 java/util/ArrayList methods 0
ciMethodData org/aspectj/apache/bcel/classfile/LineNumberTable getLineNumberTable ()[Lorg/aspectj/apache/bcel/classfile/LineNumber; 2 1523 orig 80 112 0 0 0 0 0 0 0 0 0 0 0 0 0 0 0 0 0 0 0 0 0 0 0 0 0 0 0 0 0 0 0 0 0 0 0 0 0 0 0 0 0 0 0 0 0 0 0 0 0 0 0 0 0 0 0 0 0 0 0 0 0 0 0 0 0 0 0 0 0 0 0 0 0 0 0 0 0 0 0 data 9 0x10002 0x583 0x0 0x0 0x0 0x0 0x9 0x1 0x0 oops 0 methods 0
ciMethodData org/aspectj/apache/bcel/classfile/LineNumberTable unpack ()V 2 7033 orig 80 240 1 0 0 0 0 0 0 0 0 0 0 0 0 0 0 0 0 0 0 0 0 0 0 0 0 0 0 0 0 0 0 0 0 0 0 0 0 0 0 0 0 0 0 0 0 0 0 0 0 0 0 0 0 0 0 0 0 0 0 0 0 0 0 0 0 0 0 0 0 0 0 0 0 0 0 0 0 0 0 data 53 0x40007 0x0 0x158 0x583 0xf0002 0x583 0x180002 0x583 0x1e0005 0x583 0x0 0x0 0x0 0x0 0x0 0x360007 0x583 0x80 0x1989 0x430002 0x1989 0x460004 0x0 0x0 0x14fd2725bf0 0x1989 0x0 0x0 0x4a0003 0x1989 0xffffffffffffff98 0x4e0005 0x0 0x0 0x14fd20d9300 0x583 0x0 0x0 0x560003 0x583 0x28 0x600002 0x0 0x0 0x0 0x0 0x0 0x0 0x0 0x0 0x9 0x1 0x0 oops 2 24 org/aspectj/apache/bcel/classfile/LineNumber 34 java/io/DataInputStream methods 0
ciMethodData org/aspectj/apache/bcel/classfile/LocalVariableTable getLocalVariableTable ()[Lorg/aspectj/apache/bcel/classfile/LocalVariable; 2 1310 orig 80 99 0 0 0 0 0 0 0 0 0 0 0 0 0 0 0 0 0 0 0 0 0 0 0 0 0 0 0 0 0 0 0 0 0 0 0 0 0 0 0 0 0 0 0 0 0 0 0 0 0 0 0 0 0 0 0 0 0 0 0 0 0 0 0 0 0 0 0 0 0 0 0 0 0 0 0 0 0 0 0 data 9 0x10002 0x4bb 0x0 0x0 0x0 0x0 0x9 0x1 0x0 oops 0 methods 0
ciMethodData org/aspectj/apache/bcel/classfile/LocalVariableTable unpack ()V 1 3717 orig 80 179 0 0 0 0 0 0 0 0 0 0 0 0 0 0 0 0 0 0 0 0 0 0 0 0 0 0 0 0 0 0 0 0 0 0 0 0 0 0 0 0 0 0 0 0 0 0 0 0 0 0 0 0 0 0 0 0 0 0 0 0 0 0 0 0 0 0 0 0 0 0 0 0 0 0 0 0 0 0 0 data 54 0x40007 0x103 0x20 0x0 0x100002 0x103 0x190002 0x103 0x1f0005 0x103 0x0 0x0 0x0 0x0 0x0 0x370007 0x103 0x80 0x2d4 0x480002 0x2d4 0x4b0004 0x0 0x0 0x14fd271f2e0 0x2d4 0x0 0x0 0x4f0003 0x2d4 0xffffffffffffff98 0x530005 0x0 0x0 0x14fd20d9300 0x103 0x0 0x0 0x5b0003 0x103 0x28 0x660002 0x0 0x0 0x0 0x0 0x0 0x0 0x0 0x0 0x0 0x9 0x1 0x0 oops 2 24 org/aspectj/apache/bcel/classfile/LocalVariable 34 java/io/DataInputStream methods 0
ciMethodData org/aspectj/apache/bcel/classfile/LocalVariable getName ()Ljava/lang/String; 2 3707 orig 80 169 0 0 0 0 0 0 0 0 0 0 0 0 0 0 0 0 0 0 0 0 0 0 0 0 0 0 0 0 0 0 0 0 0 0 0 0 0 0 0 0 0 0 0 0 0 0 0 0 0 0 0 0 0 0 0 0 0 0 0 0 0 0 0 0 0 0 0 0 0 0 0 0 0 0 0 0 0 0 0 data 30 0x90005 0x0 0x0 0x14fd28e7840 0xdd2 0x0 0x0 0xc0004 0x0 0x0 0x14fd1fca660 0xdd2 0x0 0x0 0x110005 0xdd2 0x0 0x0 0x0 0x0 0x0 0x0 0x0 0x0 0x0 0x0 0x0 0x9 0x1 0x0 oops 2 3 org/aspectj/apache/bcel/classfile/ConstantPool 10 org/aspectj/apache/bcel/classfile/ConstantUtf8 methods 0
ciMethodData org/aspectj/apache/bcel/generic/LocalVariableTag <init> (Lorg/aspectj/apache/bcel/generic/Type;Ljava/lang/String;Ljava/lang/String;II)V 2 3700 orig 80 162 0 0 0 0 0 0 0 0 0 0 0 0 0 0 0 0 0 0 0 0 0 0 0 0 0 0 0 0 0 0 0 0 0 0 0 0 0 0 0 0 0 0 0 0 0 0 0 0 0 0 0 0 0 0 0 0 0 0 0 0 0 0 0 0 0 0 0 0 0 0 0 0 0 0 0 0 0 0 0 data 14 0x10002 0xdd2 0x0 0x0 0x0 0x0 0x9 0x6 0x3e 0x0 0x0 0x0 0x0 0x0 oops 0 methods 0
ciMethodData org/aspectj/apache/bcel/generic/Type getSize ()I 2 3700 orig 80 162 0 0 0 0 0 0 0 0 0 0 0 0 0 0 0 0 0 0 0 0 0 0 0 0 0 0 0 0 0 0 0 0 0 0 0 0 0 0 0 0 0 0 0 0 0 0 0 0 0 0 0 0 0 0 0 0 0 0 0 0 0 0 0 0 0 0 0 0 0 0 0 0 0 0 0 0 0 0 0 data 17 0x40008 0x8 0xdc6 0x50 0x1 0x50 0xb 0x50 0x0 0x50 0x0 0x0 0x0 0x0 0x9 0x1 0x0 oops 0 methods 0
ciMethodData org/aspectj/apache/bcel/generic/MethodGen addCodeAttribute (Lorg/aspectj/apache/bcel/classfile/Attribute;)V 1 440 orig 80 8 0 0 0 0 0 0 0 0 0 0 0 0 0 0 0 0 0 0 0 0 0 0 0 0 0 0 0 0 0 0 0 0 0 0 0 0 0 0 0 0 0 0 0 0 0 0 0 0 0 0 0 0 0 0 0 0 0 0 0 0 0 0 0 0 0 0 0 0 0 0 0 0 0 0 0 0 0 0 0 data 17 0x50005 0x0 0x0 0x14fd28e9bb0 0x1b0 0x0 0x0 0x0 0x0 0x0 0x0 0x0 0x0 0x9 0x2 0x0 0x0 oops 1 3 java/util/ArrayList methods 0
ciMethodData org/aspectj/apache/bcel/generic/MethodGen addException (Ljava/lang/String;)V 1 2 orig 80 0 0 0 0 0 0 0 0 0 0 0 0 0 0 0 0 0 0 0 0 0 0 0 0 0 0 0 0 0 0 0 0 0 0 0 0 0 0 0 0 0 0 0 0 0 0 0 0 0 0 0 0 0 0 0 0 0 0 0 0 0 0 0 0 0 0 0 0 0 0 0 0 0 0 0 0 0 0 0 0 data 17 0x50005 0x0 0x0 0x14fd28e9bb0 0x2 0x0 0x0 0x0 0x0 0x0 0x0 0x0 0x0 0x9 0x2 0x0 0x0 oops 1 3 java/util/ArrayList methods 0
ciMethodData org/aspectj/apache/bcel/generic/FieldGenOrMethodGen addAttribute (Lorg/aspectj/apache/bcel/classfile/Attribute;)V 1 596 orig 80 11 0 0 0 0 0 0 0 0 0 0 0 0 0 0 0 0 0 0 0 0 0 0 0 0 0 0 0 0 0 0 0 0 0 0 0 0 0 0 0 0 0 0 0 0 0 0 0 0 0 0 0 0 0 0 0 0 0 0 0 0 0 0 0 0 0 0 0 0 0 0 0 0 0 0 0 0 0 0 0 data 17 0x50005 0x0 0x0 0x14fd28e9bb0 0x249 0x0 0x0 0x0 0x0 0x0 0x0 0x0 0x0 0x9 0x2 0x0 0xffffffffffffffff oops 1 3 java/util/ArrayList methods 0
ciMethodData org/aspectj/apache/bcel/generic/CodeExceptionGen setStartPC (Lorg/aspectj/apache/bcel/generic/InstructionHandle;)V 1 67 orig 80 14 0 0 0 0 0 0 0 0 0 0 0 0 0 0 0 0 0 0 0 0 0 0 0 0 0 0 0 0 0 0 0 0 0 0 0 0 0 0 0 0 0 0 0 0 0 0 0 0 0 0 0 0 0 0 0 0 0 0 0 0 0 0 0 0 0 0 0 0 0 0 0 0 0 0 0 0 0 0 0 data 12 0x60002 0x35 0x0 0x0 0x0 0x0 0x0 0x0 0x9 0x2 0x0 0x0 oops 0 methods 0
ciMethodData org/aspectj/apache/bcel/generic/CodeExceptionGen setEndPC (Lorg/aspectj/apache/bcel/generic/InstructionHandle;)V 1 67 orig 80 14 0 0 0 0 0 0 0 0 0 0 0 0 0 0 0 0 0 0 0 0 0 0 0 0 0 0 0 0 0 0 0 0 0 0 0 0 0 0 0 0 0 0 0 0 0 0 0 0 0 0 0 0 0 0 0 0 0 0 0 0 0 0 0 0 0 0 0 0 0 0 0 0 0 0 0 0 0 0 0 data 12 0x60002 0x35 0x0 0x0 0x0 0x0 0x0 0x0 0x9 0x2 0x0 0x0 oops 0 methods 0
ciMethodData org/aspectj/apache/bcel/generic/CodeExceptionGen setHandlerPC (Lorg/aspectj/apache/bcel/generic/InstructionHandle;)V 1 67 orig 80 14 0 0 0 0 0 0 0 0 0 0 0 0 0 0 0 0 0 0 0 0 0 0 0 0 0 0 0 0 0 0 0 0 0 0 0 0 0 0 0 0 0 0 0 0 0 0 0 0 0 0 0 0 0 0 0 0 0 0 0 0 0 0 0 0 0 0 0 0 0 0 0 0 0 0 0 0 0 0 0 data 12 0x60002 0x35 0x0 0x0 0x0 0x0 0x0 0x0 0x9 0x2 0x0 0x0 oops 0 methods 0
ciMethodData org/aspectj/apache/bcel/generic/BranchHandle getPosition ()I 1 2189 orig 80 7 1 0 0 0 0 0 0 0 0 0 0 0 0 0 0 0 0 0 0 0 0 0 0 0 0 0 0 0 0 0 0 0 0 0 0 0 0 0 0 0 0 0 0 0 0 0 0 0 0 0 0 0 0 0 0 0 0 0 0 0 0 0 0 0 0 0 0 0 0 0 0 0 0 0 0 0 0 0 0 data 7 0x0 0x0 0x0 0x0 0x9 0x1 0x0 oops 0 methods 0
compile org/aspectj/apache/bcel/generic/MethodGen <init> (Lorg/aspectj/apache/bcel/classfile/Method;Ljava/lang/String;Lorg/aspectj/apache/bcel/classfile/ConstantPool;Z)V 680 4 inline 197 0 -1 org/aspectj/apache/bcel/generic/MethodGen <init> (Lorg/aspectj/apache/bcel/classfile/Method;Ljava/lang/String;Lorg/aspectj/apache/bcel/classfile/ConstantPool;Z)V 1 684 org/aspectj/apache/bcel/generic/InstructionHandle addTargeter (Lorg/aspectj/apache/bcel/generic/InstructionTargeter;)V 2 15 java/util/HashSet <init> ()V 3 1 java/util/AbstractSet <init> ()V 4 1 java/util/AbstractCollection <init> ()V 5 1 java/lang/Object <init> ()V 3 9 java/util/HashMap <init> ()V 4 1 java/util/AbstractMap <init> ()V 5 1 java/lang/Object <init> ()V 2 26 java/util/HashSet add (Ljava/lang/Object;)Z 3 8 java/util/HashMap put (Ljava/lang/Object;Ljava/lang/Object;)Ljava/lang/Object; 4 2 java/util/HashMap hash (Ljava/lang/Object;)I 5 9 org/aspectj/apache/bcel/generic/LocalVariableTag hashCode ()I 6 11 java/lang/String hashCode ()I 7 19 java/lang/String isLatin1 ()Z 7 29 java/lang/StringLatin1 hashCode ([B)I 6 23 java/lang/String hashCode ()I 7 19 java/lang/String isLatin1 ()Z 7 29 java/lang/StringLatin1 hashCode ([B)I 1 689 org/aspectj/apache/bcel/generic/InstructionHandle getNext ()Lorg/aspectj/apache/bcel/generic/InstructionHandle; 1 701 org/aspectj/apache/bcel/generic/InstructionHandle getPosition ()I 1 701 org/aspectj/apache/bcel/generic/BranchHandle getPosition ()I 1 354 org/aspectj/apache/bcel/classfile/LineNumberTable getLineNumberTable ()[Lorg/aspectj/apache/bcel/classfile/LineNumber; 2 1 org/aspectj/apache/bcel/classfile/LineNumberTable unpack ()V 3 15 java/io/ByteArrayInputStream <init> ([B)V 4 1 java/io/InputStream <init> ()V 5 1 java/lang/Object <init> ()V 3 24 java/io/DataInputStream <init> (Ljava/io/InputStream;)V 4 2 java/io/FilterInputStream <init> (Ljava/io/InputStream;)V 5 1 java/io/InputStream <init> ()V 6 1 java/lang/Object <init> ()V 3 30 java/io/DataInputStream readUnsignedShort ()I 3 67 org/aspectj/apache/bcel/classfile/LineNumber <init> (Ljava/io/DataInputStream;)V 4 2 java/io/DataInputStream readUnsignedShort ()I 4 6 java/io/DataInputStream readUnsignedShort ()I 4 9 org/aspectj/apache/bcel/classfile/LineNumber <init> (II)V 5 1 java/lang/Object <init> ()V 3 78 java/io/FilterInputStream close ()V 1 392 org/aspectj/apache/bcel/classfile/LineNumber getLineNumber ()I 1 418 org/aspectj/apache/bcel/generic/LineNumberTag <init> (I)V 2 1 org/aspectj/apache/bcel/generic/Tag <init> ()V 3 1 java/lang/Object <init> ()V 1 429 org/aspectj/apache/bcel/classfile/LineNumber getStartPC ()I 1 435 org/aspectj/apache/bcel/generic/InstructionList findHandle (I[Lorg/aspectj/apache/bcel/generic/InstructionHandle;Z)Lorg/aspectj/apache/bcel/generic/InstructionHandle; 2 11 org/aspectj/apache/bcel/generic/InstructionList findHandle ([Lorg/aspectj/apache/bcel/generic/InstructionHandle;[IIIZ)Lorg/aspectj/apache/bcel/generic/InstructionHandle; 1 440 org/aspectj/apache/bcel/generic/InstructionHandle addTargeter (Lorg/aspectj/apache/bcel/generic/InstructionTargeter;)V 2 15 java/util/HashSet <init> ()V 3 1 java/util/AbstractSet <init> ()V 4 1 java/util/AbstractCollection <init> ()V 5 1 java/lang/Object <init> ()V 3 9 java/util/HashMap <init> ()V 4 1 java/util/AbstractMap <init> ()V 5 1 java/lang/Object <init> ()V 2 26 java/util/HashSet add (Ljava/lang/Object;)Z 3 8 java/util/HashMap put (Ljava/lang/Object;Ljava/lang/Object;)Ljava/lang/Object; 4 2 java/util/HashMap hash (Ljava/lang/Object;)I 5 9 org/aspectj/apache/bcel/generic/LineNumberTag hashCode ()I 1 530 org/aspectj/apache/bcel/classfile/LocalVariableTable getLocalVariableTable ()[Lorg/aspectj/apache/bcel/classfile/LocalVariable; 2 1 org/aspectj/apache/bcel/classfile/LocalVariableTable unpack ()V 3 16 java/io/ByteArrayInputStream <init> ([B)V 4 1 java/io/InputStream <init> ()V 5 1 java/lang/Object <init> ()V 3 25 java/io/DataInputStream <init> (Ljava/io/InputStream;)V 4 2 java/io/FilterInputStream <init> (Ljava/io/InputStream;)V 5 1 java/io/InputStream <init> ()V 6 1 java/lang/Object <init> ()V 3 72 org/aspectj/apache/bcel/classfile/LocalVariable <init> (Ljava/io/DataInputStream;Lorg/aspectj/apache/bcel/classfile/ConstantPool;)V 4 2 java/io/DataInputStream readUnsignedShort ()I 4 6 java/io/DataInputStream readUnsignedShort ()I 4 10 java/io/DataInputStream readUnsignedShort ()I 4 14 java/io/DataInputStream readUnsignedShort ()I 4 18 java/io/DataInputStream readUnsignedShort ()I 4 22 org/aspectj/apache/bcel/classfile/LocalVariable <init> (IIIIILorg/aspectj/apache/bcel/classfile/ConstantPool;)V 5 1 java/lang/Object <init> ()V 3 83 java/io/FilterInputStream close ()V 1 563 org/aspectj/apache/bcel/classfile/LocalVariable getSignature ()Ljava/lang/String; 2 9 org/aspectj/apache/bcel/classfile/ConstantPool getConstant (IB)Lorg/aspectj/apache/bcel/classfile/Constant; 3 2 org/aspectj/apache/bcel/classfile/ConstantPool getConstant (I)Lorg/aspectj/apache/bcel/classfile/Constant; 2 17 org/aspectj/apache/bcel/classfile/ConstantUtf8 getValue ()Ljava/lang/String; 1 566 org/aspectj/apache/bcel/generic/Type getType (Ljava/lang/String;)Lorg/aspectj/apache/bcel/generic/Type; 2 4 java/util/HashMap get (Ljava/lang/Object;)Ljava/lang/Object; 3 2 java/util/HashMap hash (Ljava/lang/Object;)I 4 9 java/lang/String hashCode ()I 5 19 java/lang/String isLatin1 ()Z 5 29 java/lang/StringLatin1 hashCode ([B)I 3 6 java/util/HashMap getNode (ILjava/lang/Object;)Ljava/util/HashMap$Node; 4 59 java/lang/String equals (Ljava/lang/Object;)Z 5 20 java/lang/String coder ()B 5 24 java/lang/String coder ()B 5 31 java/lang/String isLatin1 ()Z 4 126 java/lang/String equals (Ljava/lang/Object;)Z 5 20 java/lang/String coder ()B 5 24 java/lang/String coder ()B 5 31 java/lang/String isLatin1 ()Z 2 20 org/aspectj/apache/bcel/classfile/Utility typeOfSignature (Ljava/lang/String;)B 3 2 java/lang/String charAt (I)C 4 1 java/lang/String isLatin1 ()Z 4 12 java/lang/StringLatin1 charAt ([BI)C 2 48 java/lang/String charAt (I)C 3 1 java/lang/String isLatin1 ()Z 3 12 java/lang/StringLatin1 charAt ([BI)C 2 73 org/aspectj/apache/bcel/generic/ArrayType <init> (Lorg/aspectj/apache/bcel/generic/Type;I)V 3 5 org/aspectj/apache/bcel/generic/ReferenceType <init> (BLjava/lang/String;)V 4 3 org/aspectj/apache/bcel/generic/Type <init> (BLjava/lang/String;)V 5 1 java/lang/Object <init> ()V 3 48 org/aspectj/apache/bcel/generic/Type getType ()B 3 126 java/lang/StringBuilder <init> ()V 3 160 org/aspectj/apache/bcel/generic/Type getSignature ()Ljava/lang/String; 2 80 java/lang/String indexOf (I)I 3 3 java/lang/String indexOf (II)I 4 1 java/lang/String isLatin1 ()Z 4 13 java/lang/StringLatin1 indexOf ([BII)I 5 1 java/lang/StringLatin1 canEncode (I)Z 2 87 java/lang/String indexOf (I)I 3 3 java/lang/String indexOf (II)I 4 1 java/lang/String isLatin1 ()Z 4 13 java/lang/StringLatin1 indexOf ([BII)I 5 1 java/lang/StringLatin1 canEncode (I)Z 2 110 java/lang/String substring (II)Ljava/lang/String; 3 1 java/lang/String length ()I 4 6 java/lang/String coder ()B 3 8 java/lang/String checkBoundsBeginEnd (III)V 3 28 java/lang/String isLatin1 ()Z 3 41 java/lang/StringLatin1 newString ([BII)Ljava/lang/String; 4 9 java/util/Arrays copyOfRange ([BII)[B 4 13 java/lang/String <init> ([BB)V 5 1 java/lang/Object <init> ()V 2 117 java/lang/String replace (CC)Ljava/lang/String; 3 6 java/lang/String isLatin1 ()Z 3 18 java/lang/StringLatin1 replace ([BCC)Ljava/lang/String; 4 1 java/lang/StringLatin1 canEncode (I)Z 4 41 java/lang/StringLatin1 canEncode (I)Z 4 121 java/lang/String <init> ([BB)V 5 1 java/lang/Object <init> ()V 2 233 org/aspectj/apache/bcel/generic/ObjectType <init> (Ljava/lang/String;)V 3 4 org/aspectj/apache/bcel/generic/ObjectType toSignature (Ljava/lang/String;)Ljava/lang/String; 4 4 java/lang/StringBuilder <init> ()V 4 11 java/lang/StringBuilder append (Ljava/lang/String;)Ljava/lang/StringBuilder; 4 19 java/lang/String replace (CC)Ljava/lang/String; 5 6 java/lang/String isLatin1 ()Z 5 18 java/lang/StringLatin1 replace ([BCC)Ljava/lang/String; 6 1 java/lang/StringLatin1 canEncode (I)Z 6 41 java/lang/StringLatin1 canEncode (I)Z 6 121 java/lang/String <init> ([BB)V 7 1 java/lang/Object <init> ()V 4 22 java/lang/StringBuilder append (Ljava/lang/String;)Ljava/lang/StringBuilder; 4 29 java/lang/StringBuilder append (Ljava/lang/String;)Ljava/lang/StringBuilder; 4 34 java/lang/StringBuilder toString ()Ljava/lang/String; 3 7 org/aspectj/apache/bcel/generic/ReferenceType <init> (BLjava/lang/String;)V 4 3 org/aspectj/apache/bcel/generic/Type <init> (BLjava/lang/String;)V 5 1 java/lang/Object <init> ()V 1 579 org/aspectj/apache/bcel/classfile/LocalVariable getSignature ()Ljava/lang/String; 2 9 org/aspectj/apache/bcel/classfile/ConstantPool getConstant (IB)Lorg/aspectj/apache/bcel/classfile/Constant; 3 2 org/aspectj/apache/bcel/classfile/ConstantPool getConstant (I)Lorg/aspectj/apache/bcel/classfile/Constant; 2 17 org/aspectj/apache/bcel/classfile/ConstantUtf8 getValue ()Ljava/lang/String; 1 584 org/aspectj/apache/bcel/classfile/LocalVariable getName ()Ljava/lang/String; 2 9 org/aspectj/apache/bcel/classfile/ConstantPool getConstant (IB)Lorg/aspectj/apache/bcel/classfile/Constant; 3 2 org/aspectj/apache/bcel/classfile/ConstantPool getConstant (I)Lorg/aspectj/apache/bcel/classfile/Constant; 2 17 org/aspectj/apache/bcel/classfile/ConstantUtf8 getValue ()Ljava/lang/String; 1 589 org/aspectj/apache/bcel/classfile/LocalVariable getIndex ()I 1 594 org/aspectj/apache/bcel/classfile/LocalVariable getStartPC ()I 1 597 org/aspectj/apache/bcel/generic/LocalVariableTag <init> (Lorg/aspectj/apache/bcel/generic/Type;Ljava/lang/String;Ljava/lang/String;II)V 2 1 org/aspectj/apache/bcel/generic/Tag <init> ()V 3 1 java/lang/Object <init> ()V 1 608 org/aspectj/apache/bcel/classfile/LocalVariable getStartPC ()I 1 614 org/aspectj/apache/bcel/generic/InstructionList findHandle (I[Lorg/aspectj/apache/bcel/generic/InstructionHandle;Z)Lorg/aspectj/apache/bcel/generic/InstructionHandle; 2 11 org/aspectj/apache/bcel/generic/InstructionList findHandle ([Lorg/aspectj/apache/bcel/generic/InstructionHandle;[IIIZ)Lorg/aspectj/apache/bcel/generic/InstructionHandle; 1 621 org/aspectj/apache/bcel/generic/Type getType ()B 1 635 org/aspectj/apache/bcel/generic/Type getSize ()I 1 642 org/aspectj/apache/bcel/classfile/LocalVariable getIndex ()I 1 669 org/aspectj/apache/bcel/classfile/LocalVariable getStartPC ()I 1 674 org/aspectj/apache/bcel/classfile/LocalVariable getLength ()I 1 877 org/aspectj/apache/bcel/generic/MethodGen addCodeAttribute (Lorg/aspectj/apache/bcel/classfile/Attribute;)V 1 106 org/aspectj/apache/bcel/classfile/Code getMaxStack ()I 1 109 org/aspectj/apache/bcel/generic/MethodGen setMaxStack (I)V 1 115 org/aspectj/apache/bcel/classfile/Code getMaxLocals ()I 1 118 org/aspectj/apache/bcel/generic/MethodGen setMaxLocals (I)V 1 123 org/aspectj/apache/bcel/classfile/Code getExceptionTable ()[Lorg/aspectj/apache/bcel/classfile/CodeException; 1 132 org/aspectj/apache/bcel/generic/InstructionList getInstructionsAsArray ()[Lorg/aspectj/apache/bcel/generic/InstructionHandle; 2 1 org/aspectj/apache/bcel/generic/InstructionList getInstructionHandles ()[Lorg/aspectj/apache/bcel/generic/InstructionHandle; 1 170 org/aspectj/apache/bcel/classfile/CodeException getCatchType ()I 1 184 org/aspectj/apache/bcel/classfile/FieldOrMethod getConstantPool ()Lorg/aspectj/apache/bcel/classfile/ConstantPool; 1 200 org/aspectj/apache/bcel/generic/ObjectType <init> (Ljava/lang/String;)V 2 4 org/aspectj/apache/bcel/generic/ObjectType toSignature (Ljava/lang/String;)Ljava/lang/String; 3 4 java/lang/StringBuilder <init> ()V 3 11 java/lang/StringBuilder append (Ljava/lang/String;)Ljava/lang/StringBuilder; 3 19 java/lang/String replace (CC)Ljava/lang/String; 4 6 java/lang/String isLatin1 ()Z 4 18 java/lang/StringLatin1 replace ([BCC)Ljava/lang/String; 5 1 java/lang/StringLatin1 canEncode (I)Z 5 41 java/lang/StringLatin1 canEncode (I)Z 1 207 org/aspectj/apache/bcel/classfile/CodeException getEndPC ()I 1 216 org/aspectj/apache/bcel/classfile/Code getCode ()[B 1 256 org/aspectj/apache/bcel/generic/InstructionHandle getPrev ()Lorg/aspectj/apache/bcel/generic/InstructionHandle; 1 268 org/aspectj/apache/bcel/classfile/CodeException getStartPC ()I 1 284 org/aspectj/apache/bcel/classfile/CodeException getHandlerPC ()I 1 306 org/aspectj/apache/bcel/classfile/Code getAttributes ()[Lorg/aspectj/apache/bcel/classfile/Attribute;
